"ACC_NUCCORE","Completeness_NUCCORE","TaxonID_NUCCORE","Genome_NUCCORE","Length_NUCCORE","ACC_BIOSAMPLE","IsolationSource_BIOSAMPLE","Host_BIOSAMPLE","taxon_name","taxon_rank","lineage","taxon_species_id","taxon_species_name","taxon_genus_id","taxon_genus_name","taxon_family_id","taxon_family_name","taxon_order_id","taxon_order_name","taxon_class_id","taxon_class_name","taxon_phylum_id","taxon_phylum_name","taxon_superkingdom_id","taxon_superkingdom_name","plasmidfinder","pmlst","Prodigal.Query.ID","qstart","qend","ssstart","send","evalue","bitscore","pident","qcovs","qcovhsp"
"AJ639924.1","complete",77133,"plasmid",56167,"","","","uncultured bacterium","species","cellular organisms; Bacteria; environmental samples",77133,"uncultured bacterium",NA,"",NA,"",NA,"",NA,"",NA,"",2,"Bacteria","IncP1_2, U67194, ","","gggggtcctc_taaagtccta_2",148,257,19469,19578,3.19e-06,59,72.973,23,16
"AJ639924.1","complete",77133,"plasmid",56167,"","","","uncultured bacterium","species","cellular organisms; Bacteria; environmental samples",77133,"uncultured bacterium",NA,"",NA,"",NA,"",NA,"",NA,"",2,"Bacteria","IncP1_2, U67194, ","","tacatccggg_tatgattaac_1",79,248,19652,19821,0.004,49.1,66.86,39,39
"AP010659.1","complete",511995,"plasmid",31893,"SAMD00060940","a single cell of termite (Coptotermes formosanus) gut protist","Pseudotrichonympha grassii (protist) in the gut of the termite Coptotermes formosanus","Candidatus Azobacteroides pseudotrichonymphae genomovar. CFP2","isolate","cellular organisms; Bacteria; FCB group; Bacteroidetes/Chlorobi group; Bacteroidetes; Bacteroidia; Bacteroidales; Bacteroidales incertae sedis; Candidatus Azobacteroides; Candidatus Azobacteroides pseudotrichonymphae",511435,"Candidatus Azobacteroides pseudotrichonymphae",511434,"Candidatus Azobacteroides",NA,"",171549,"Bacteroidales",200643,"Bacteroidia",976,"Bacteroidetes",2,"Bacteria","","","tctcattgag_cagaacggac_1",319,573,20630,20884,2.17e-12,81.5,67.578,17,17
"AP010659.1","complete",511995,"plasmid",31893,"SAMD00060940","a single cell of termite (Coptotermes formosanus) gut protist","Pseudotrichonympha grassii (protist) in the gut of the termite Coptotermes formosanus","Candidatus Azobacteroides pseudotrichonymphae genomovar. CFP2","isolate","cellular organisms; Bacteria; FCB group; Bacteroidetes/Chlorobi group; Bacteroidetes; Bacteroidia; Bacteroidales; Bacteroidales incertae sedis; Candidatus Azobacteroides; Candidatus Azobacteroides pseudotrichonymphae",511435,"Candidatus Azobacteroides pseudotrichonymphae",511434,"Candidatus Azobacteroides",NA,"",171549,"Bacteroidales",200643,"Bacteroidia",976,"Bacteroidetes",2,"Bacteria","","","ctcgatgaaa_tgtcactggg_2",319,573,20630,20884,2.17e-12,81.5,67.578,17,17
"AP022400.1","complete",1639133,"plasmid",211224,"SAMD00195870","","","Citrobacter portucalensis","species","cellular organisms; Bacteria; Proteobacteria; Gammaproteobacteria; Enterobacterales; Enterobacteriaceae; Citrobacter; Citrobacter freundii complex",1639133,"Citrobacter portucalensis",544,"Citrobacter",543,"Enterobacteriaceae",91347,"Enterobacterales",1236,"Gammaproteobacteria",1224,"Proteobacteria",2,"Bacteria","IncC_1, JN157804, ","","ttatagttat_cacccttgtt_2",469,551,109264,109346,3.31e-05,56.3,74.699,14,14
"CP000663.1","complete",349102,"plasmid",289489,"SAMN02598341","","","Rhodobacter sphaeroides ATCC 17025","strain","cellular organisms; Bacteria; Proteobacteria; Alphaproteobacteria; Rhodobacterales; Rhodobacteraceae; Rhodobacter; Rhodobacter sphaeroides",1063,"Rhodobacter sphaeroides",1060,"Rhodobacter",31989,"Rhodobacteraceae",204455,"Rhodobacterales",28211,"Alphaproteobacteria",1224,"Proteobacteria",2,"Bacteria","","","ggccggttcc_ctggttaaga_3",204,241,26821,26784,4.7,38.3,81.579,12,12
"CP011075.1","complete",1465,"plasmid",733520,"SAMN02777949","","Oryza sativa","Brevibacillus laterosporus","species","cellular organisms; Bacteria; Terrabacteria group; Firmicutes; Bacilli; Bacillales; Paenibacillaceae; Brevibacillus",1465,"Brevibacillus laterosporus",55080,"Brevibacillus",186822,"Paenibacillaceae",1385,"Bacillales",91061,"Bacilli",1239,"Firmicutes",2,"Bacteria","","","cccatgtccc_cacgatgaga_2",84,283,145647,145846,5.85e-17,96,70.5,23,23
"CP043990.1","complete",2608262,"plasmid",3078,"SAMN12766999","","Acromis sparsa","Candidatus Stammera capleta","species","cellular organisms; Bacteria; Proteobacteria; Gammaproteobacteria; Enterobacterales; Enterobacteriaceae; Enterobacteriaceae incertae sedis; ant, tsetse, mealybug, aphid, etc. endosymbionts; Candidatus Stammera",2608262,"Candidatus Stammera capleta",2608261,"Candidatus Stammera",543,"Enterobacteriaceae",91347,"Enterobacterales",1236,"Gammaproteobacteria",1224,"Proteobacteria",2,"Bacteria","","","tctggctcat_agagacccta_1",506,557,926,978,0.041,47.3,81.481,4,4
"CP044394.1","complete",573,"plasmid",147709,"SAMN12838237","missing","Homo sapiens","Klebsiella pneumoniae","species","cellular organisms; Bacteria; Proteobacteria; Gammaproteobacteria; Enterobacterales; Enterobacteriaceae; Klebsiella",573,"Klebsiella pneumoniae",570,"Klebsiella",543,"Enterobacteriaceae",91347,"Enterobacterales",1236,"Gammaproteobacteria",1224,"Proteobacteria",2,"Bacteria","IncFIB(K)_1, JN233704, |IncFII(K)_1, CP000648, ","IncF RST(K1:A-:B-):FIA(-);FIB(-);FIC(-);FII(-);FIIK(1);FIIS(-);FIIY(-)","attagcgaag_catgagcgcg_1",276,301,41527,41552,0.19,43.7,96.154,5,5
"CP045666.1","complete",2662179,"plasmid",465225,"SAMN13111521","Stream water","","Enterobacteriaceae bacterium Kacie_13","species","cellular organisms; Bacteria; Proteobacteria; Gammaproteobacteria; Enterobacterales; Enterobacteriaceae; unclassified Enterobacteriaceae",2662179,"Enterobacteriaceae bacterium Kacie_13",NA,"",543,"Enterobacteriaceae",91347,"Enterobacterales",1236,"Gammaproteobacteria",1224,"Proteobacteria",2,"Bacteria","","","tcttttagcc_cgccgtaaat_2",151,422,205876,206147,1.4e-33,151,72.401,19,19
"CP045666.1","complete",2662179,"plasmid",465225,"SAMN13111521","Stream water","","Enterobacteriaceae bacterium Kacie_13","species","cellular organisms; Bacteria; Proteobacteria; Gammaproteobacteria; Enterobacterales; Enterobacteriaceae; unclassified Enterobacteriaceae",2662179,"Enterobacteriaceae bacterium Kacie_13",NA,"",543,"Enterobacteriaceae",91347,"Enterobacterales",1236,"Gammaproteobacteria",1224,"Proteobacteria",2,"Bacteria","","","tactggcact_cgtcgcattc_2",50,194,205997,206147,1.03e-21,112,76.821,12,12
"CP045666.1","complete",2662179,"plasmid",465225,"SAMN13111521","Stream water","","Enterobacteriaceae bacterium Kacie_13","species","cellular organisms; Bacteria; Proteobacteria; Gammaproteobacteria; Enterobacterales; Enterobacteriaceae; unclassified Enterobacteriaceae",2662179,"Enterobacteriaceae bacterium Kacie_13",NA,"",543,"Enterobacteriaceae",91347,"Enterobacterales",1236,"Gammaproteobacteria",1224,"Proteobacteria",2,"Bacteria","","","ctaacatttg_aatcgtgcca_2",151,422,205876,206147,1.4e-33,151,72.401,19,19
"CP045666.1","complete",2662179,"plasmid",465225,"SAMN13111521","Stream water","","Enterobacteriaceae bacterium Kacie_13","species","cellular organisms; Bacteria; Proteobacteria; Gammaproteobacteria; Enterobacterales; Enterobacteriaceae; unclassified Enterobacteriaceae",2662179,"Enterobacteriaceae bacterium Kacie_13",NA,"",543,"Enterobacteriaceae",91347,"Enterobacterales",1236,"Gammaproteobacteria",1224,"Proteobacteria",2,"Bacteria","","","ctataggata_ttaacaatcg_2",250,521,205876,206147,1.07e-33,151,72.401,25,25
"CP045666.1","complete",2662179,"plasmid",465225,"SAMN13111521","Stream water","","Enterobacteriaceae bacterium Kacie_13","species","cellular organisms; Bacteria; Proteobacteria; Gammaproteobacteria; Enterobacterales; Enterobacteriaceae; unclassified Enterobacteriaceae",2662179,"Enterobacteriaceae bacterium Kacie_13",NA,"",543,"Enterobacteriaceae",91347,"Enterobacterales",1236,"Gammaproteobacteria",1224,"Proteobacteria",2,"Bacteria","","","gccgtaacca_taggcaattg_2",151,422,205876,206147,9.64e-34,151,72.401,28,28
"CP045666.1","complete",2662179,"plasmid",465225,"SAMN13111521","Stream water","","Enterobacteriaceae bacterium Kacie_13","species","cellular organisms; Bacteria; Proteobacteria; Gammaproteobacteria; Enterobacterales; Enterobacteriaceae; unclassified Enterobacteriaceae",2662179,"Enterobacteriaceae bacterium Kacie_13",NA,"",543,"Enterobacteriaceae",91347,"Enterobacterales",1236,"Gammaproteobacteria",1224,"Proteobacteria",2,"Bacteria","","","tatccgccgt_cacacgtaac_3",250,521,205876,206147,1.07e-33,151,72.401,25,25
"CP045666.1","complete",2662179,"plasmid",465225,"SAMN13111521","Stream water","","Enterobacteriaceae bacterium Kacie_13","species","cellular organisms; Bacteria; Proteobacteria; Gammaproteobacteria; Enterobacterales; Enterobacteriaceae; unclassified Enterobacteriaceae",2662179,"Enterobacteriaceae bacterium Kacie_13",NA,"",543,"Enterobacteriaceae",91347,"Enterobacterales",1236,"Gammaproteobacteria",1224,"Proteobacteria",2,"Bacteria","","","gggaggaaaa_gattaaatgg_3",250,521,205876,206147,1.07e-33,151,72.401,25,25
"CP045666.1","complete",2662179,"plasmid",465225,"SAMN13111521","Stream water","","Enterobacteriaceae bacterium Kacie_13","species","cellular organisms; Bacteria; Proteobacteria; Gammaproteobacteria; Enterobacterales; Enterobacteriaceae; unclassified Enterobacteriaceae",2662179,"Enterobacteriaceae bacterium Kacie_13",NA,"",543,"Enterobacteriaceae",91347,"Enterobacterales",1236,"Gammaproteobacteria",1224,"Proteobacteria",2,"Bacteria","","","ggagaacctt_cagcttttcc_2",151,422,205876,206147,1.4e-33,151,72.401,19,19
"CP045666.1","complete",2662179,"plasmid",465225,"SAMN13111521","Stream water","","Enterobacteriaceae bacterium Kacie_13","species","cellular organisms; Bacteria; Proteobacteria; Gammaproteobacteria; Enterobacterales; Enterobacteriaceae; unclassified Enterobacteriaceae",2662179,"Enterobacteriaceae bacterium Kacie_13",NA,"",543,"Enterobacteriaceae",91347,"Enterobacterales",1236,"Gammaproteobacteria",1224,"Proteobacteria",2,"Bacteria","","","tagttccatg_atgcgaaagc_2",6,239,205914,206147,2.68e-29,137,73.029,19,19
"CP045666.1","complete",2662179,"plasmid",465225,"SAMN13111521","Stream water","","Enterobacteriaceae bacterium Kacie_13","species","cellular organisms; Bacteria; Proteobacteria; Gammaproteobacteria; Enterobacterales; Enterobacteriaceae; unclassified Enterobacteriaceae",2662179,"Enterobacteriaceae bacterium Kacie_13",NA,"",543,"Enterobacteriaceae",91347,"Enterobacterales",1236,"Gammaproteobacteria",1224,"Proteobacteria",2,"Bacteria","","","tccaccctcg_cggatccgcg_2",151,422,205876,206147,1.4e-33,151,72.401,19,19
"CP045666.1","complete",2662179,"plasmid",465225,"SAMN13111521","Stream water","","Enterobacteriaceae bacterium Kacie_13","species","cellular organisms; Bacteria; Proteobacteria; Gammaproteobacteria; Enterobacterales; Enterobacteriaceae; unclassified Enterobacteriaceae",2662179,"Enterobacteriaceae bacterium Kacie_13",NA,"",543,"Enterobacteriaceae",91347,"Enterobacterales",1236,"Gammaproteobacteria",1224,"Proteobacteria",2,"Bacteria","","","gtaaacatta_ctttacaggt_3",151,422,205876,206147,9.64e-34,151,72.401,28,28
"CP045666.1","complete",2662179,"plasmid",465225,"SAMN13111521","Stream water","","Enterobacteriaceae bacterium Kacie_13","species","cellular organisms; Bacteria; Proteobacteria; Gammaproteobacteria; Enterobacterales; Enterobacteriaceae; unclassified Enterobacteriaceae",2662179,"Enterobacteriaceae bacterium Kacie_13",NA,"",543,"Enterobacteriaceae",91347,"Enterobacterales",1236,"Gammaproteobacteria",1224,"Proteobacteria",2,"Bacteria","","","tacccgatac_gtccgagtag_2",250,521,205876,206147,1.51e-33,151,72.401,18,18
"CP045666.1","complete",2662179,"plasmid",465225,"SAMN13111521","Stream water","","Enterobacteriaceae bacterium Kacie_13","species","cellular organisms; Bacteria; Proteobacteria; Gammaproteobacteria; Enterobacterales; Enterobacteriaceae; unclassified Enterobacteriaceae",2662179,"Enterobacteriaceae bacterium Kacie_13",NA,"",543,"Enterobacteriaceae",91347,"Enterobacterales",1236,"Gammaproteobacteria",1224,"Proteobacteria",2,"Bacteria","","","tcggtcattt_taagaggcga_3",50,194,205997,206147,6.41e-22,112,76.821,19,19
"CP045666.1","complete",2662179,"plasmid",465225,"SAMN13111521","Stream water","","Enterobacteriaceae bacterium Kacie_13","species","cellular organisms; Bacteria; Proteobacteria; Gammaproteobacteria; Enterobacterales; Enterobacteriaceae; unclassified Enterobacteriaceae",2662179,"Enterobacteriaceae bacterium Kacie_13",NA,"",543,"Enterobacteriaceae",91347,"Enterobacterales",1236,"Gammaproteobacteria",1224,"Proteobacteria",2,"Bacteria","","","ctatatcgtt_taggagatct_2",250,521,205876,206147,1.07e-33,151,72.401,25,25
"CP045666.1","complete",2662179,"plasmid",465225,"SAMN13111521","Stream water","","Enterobacteriaceae bacterium Kacie_13","species","cellular organisms; Bacteria; Proteobacteria; Gammaproteobacteria; Enterobacterales; Enterobacteriaceae; unclassified Enterobacteriaceae",2662179,"Enterobacteriaceae bacterium Kacie_13",NA,"",543,"Enterobacteriaceae",91347,"Enterobacterales",1236,"Gammaproteobacteria",1224,"Proteobacteria",2,"Bacteria","","","cccaagtaaa_aattggtacc_2",250,521,205876,206147,1.51e-33,151,72.401,18,18
"CP050513.1","complete",382,"plasmid",1671131,"SAMN14403976","root nodule","Medicago sativa","Sinorhizobium meliloti","species","cellular organisms; Bacteria; Proteobacteria; Alphaproteobacteria; Rhizobiales; Rhizobiaceae; Sinorhizobium/Ensifer group; Sinorhizobium",382,"Sinorhizobium meliloti",28105,"Sinorhizobium",82115,"Rhizobiaceae",356,"Rhizobiales",28211,"Alphaproteobacteria",1224,"Proteobacteria",2,"Bacteria","","","cttgtcggta_gcccaatcct_1",125,155,991172,991142,0.22,43.7,90.323,8,5
"CP050518.1","complete",386,"plasmid",252911,"SAMN14403978","root nodule","Trifolium repens","Rhizobium leguminosarum bv. trifolii","","cellular organisms; Bacteria; Proteobacteria; Alphaproteobacteria; Rhizobiales; Rhizobiaceae; Rhizobium/Agrobacterium group; Rhizobium; Rhizobium leguminosarum",384,"Rhizobium leguminosarum",379,"Rhizobium",82115,"Rhizobiaceae",356,"Rhizobiales",28211,"Alphaproteobacteria",1224,"Proteobacteria",2,"Bacteria","","","ggcgtccctt_actacacacc_2",1446,1473,41597,41624,0.59,42.8,92.857,2,2
"CP050550.1","complete",387,"plasmid",627175,"SAMN14403973","root nodule","Vicia sativa","Rhizobium leguminosarum bv. viciae","","cellular organisms; Bacteria; Proteobacteria; Alphaproteobacteria; Rhizobiales; Rhizobiaceae; Rhizobium/Agrobacterium group; Rhizobium; Rhizobium leguminosarum",384,"Rhizobium leguminosarum",379,"Rhizobium",82115,"Rhizobiaceae",356,"Rhizobiales",28211,"Alphaproteobacteria",1224,"Proteobacteria",2,"Bacteria","","","ctttatttgg_gaaggtacat_1",639,671,244595,244564,0.74,43.7,90.909,2,2
"CP050550.1","complete",387,"plasmid",627175,"SAMN14403973","root nodule","Vicia sativa","Rhizobium leguminosarum bv. viciae","","cellular organisms; Bacteria; Proteobacteria; Alphaproteobacteria; Rhizobiales; Rhizobiaceae; Rhizobium/Agrobacterium group; Rhizobium; Rhizobium leguminosarum",384,"Rhizobium leguminosarum",379,"Rhizobium",82115,"Rhizobiaceae",356,"Rhizobiales",28211,"Alphaproteobacteria",1224,"Proteobacteria",2,"Bacteria","","","gtacaatgat_ttggagagac_1",639,671,244595,244564,0.7,43.7,90.909,2,2
"CP050550.1","complete",387,"plasmid",627175,"SAMN14403973","root nodule","Vicia sativa","Rhizobium leguminosarum bv. viciae","","cellular organisms; Bacteria; Proteobacteria; Alphaproteobacteria; Rhizobiales; Rhizobiaceae; Rhizobium/Agrobacterium group; Rhizobium; Rhizobium leguminosarum",384,"Rhizobium leguminosarum",379,"Rhizobium",82115,"Rhizobiaceae",356,"Rhizobiales",28211,"Alphaproteobacteria",1224,"Proteobacteria",2,"Bacteria","","","ccgttacaat_gtagatcatc_2",639,671,244595,244564,0.7,43.7,90.909,2,2
"CP050550.1","complete",387,"plasmid",627175,"SAMN14403973","root nodule","Vicia sativa","Rhizobium leguminosarum bv. viciae","","cellular organisms; Bacteria; Proteobacteria; Alphaproteobacteria; Rhizobiales; Rhizobiaceae; Rhizobium/Agrobacterium group; Rhizobium; Rhizobium leguminosarum",384,"Rhizobium leguminosarum",379,"Rhizobium",82115,"Rhizobiaceae",356,"Rhizobiales",28211,"Alphaproteobacteria",1224,"Proteobacteria",2,"Bacteria","","","ccttcaccag_cgtcttcgaa_1",650,682,244595,244564,0.72,43.7,90.909,2,2
"CP050550.1","complete",387,"plasmid",627175,"SAMN14403973","root nodule","Vicia sativa","Rhizobium leguminosarum bv. viciae","","cellular organisms; Bacteria; Proteobacteria; Alphaproteobacteria; Rhizobiales; Rhizobiaceae; Rhizobium/Agrobacterium group; Rhizobium; Rhizobium leguminosarum",384,"Rhizobium leguminosarum",379,"Rhizobium",82115,"Rhizobiaceae",356,"Rhizobiales",28211,"Alphaproteobacteria",1224,"Proteobacteria",2,"Bacteria","","","ccgggtccaa_aatggactga_2",639,671,244595,244564,0.74,43.7,90.909,2,2
"CP050563.1","complete",387,"plasmid",665391,"SAMN14403977","root nodule","Lathyrus sativus","Rhizobium leguminosarum bv. viciae","","cellular organisms; Bacteria; Proteobacteria; Alphaproteobacteria; Rhizobiales; Rhizobiaceae; Rhizobium/Agrobacterium group; Rhizobium; Rhizobium leguminosarum",384,"Rhizobium leguminosarum",379,"Rhizobium",82115,"Rhizobiaceae",356,"Rhizobiales",28211,"Alphaproteobacteria",1224,"Proteobacteria",2,"Bacteria","","","tgaagattgg_aaagtcgtct_1",458,505,7718,7765,0.000394,51.8,83.333,9,9
"KR827394.1","complete",77133,"plasmid",222486,"","","","uncultured bacterium","species","cellular organisms; Bacteria; environmental samples",77133,"uncultured bacterium",NA,"",NA,"",NA,"",NA,"",NA,"",2,"Bacteria","IncC_1, JN157804, ","","taccggatca_gctgccttag_1",19,353,143465,143799,6.5e-58,231,75.224,77,65
"LR134125.1","complete",548,"plasmid",770373,"SAMEA2548136","not available: to be reported later","","Klebsiella aerogenes","species","cellular organisms; Bacteria; Proteobacteria; Gammaproteobacteria; Enterobacterales; Enterobacteriaceae; Klebsiella",548,"Klebsiella aerogenes",570,"Klebsiella",543,"Enterobacteriaceae",91347,"Enterobacterales",1236,"Gammaproteobacteria",1224,"Proteobacteria",2,"Bacteria","","","ggggaacttg_aataacagca_2",1,342,579981,579640,7.94e-175,618,100,100,100
"LR134125.1","complete",548,"plasmid",770373,"SAMEA2548136","not available: to be reported later","","Klebsiella aerogenes","species","cellular organisms; Bacteria; Proteobacteria; Gammaproteobacteria; Enterobacterales; Enterobacteriaceae; Klebsiella",548,"Klebsiella aerogenes",570,"Klebsiella",543,"Enterobacteriaceae",91347,"Enterobacterales",1236,"Gammaproteobacteria",1224,"Proteobacteria",2,"Bacteria","","","agacgctatt_ggtctagtcc_2",1,342,579981,579640,7.94e-175,618,100,100,100
"LR134125.1","complete",548,"plasmid",770373,"SAMEA2548136","not available: to be reported later","","Klebsiella aerogenes","species","cellular organisms; Bacteria; Proteobacteria; Gammaproteobacteria; Enterobacterales; Enterobacteriaceae; Klebsiella",548,"Klebsiella aerogenes",570,"Klebsiella",543,"Enterobacteriaceae",91347,"Enterobacterales",1236,"Gammaproteobacteria",1224,"Proteobacteria",2,"Bacteria","","","tcgcccatca_aaaacatagc_2",1,342,579981,579640,7.94e-175,618,100,100,100
"LR134125.1","complete",548,"plasmid",770373,"SAMEA2548136","not available: to be reported later","","Klebsiella aerogenes","species","cellular organisms; Bacteria; Proteobacteria; Gammaproteobacteria; Enterobacterales; Enterobacteriaceae; Klebsiella",548,"Klebsiella aerogenes",570,"Klebsiella",543,"Enterobacteriaceae",91347,"Enterobacterales",1236,"Gammaproteobacteria",1224,"Proteobacteria",2,"Bacteria","","","tcccataagg_acgtgcgtac_2",1,342,579981,579640,7.94e-175,618,100,100,100
"LR134125.1","complete",548,"plasmid",770373,"SAMEA2548136","not available: to be reported later","","Klebsiella aerogenes","species","cellular organisms; Bacteria; Proteobacteria; Gammaproteobacteria; Enterobacterales; Enterobacteriaceae; Klebsiella",548,"Klebsiella aerogenes",570,"Klebsiella",543,"Enterobacteriaceae",91347,"Enterobacterales",1236,"Gammaproteobacteria",1224,"Proteobacteria",2,"Bacteria","","","gtgaactctg_agattgcttg_2",1,342,579981,579640,7.94e-175,618,100,100,100
"LR134125.1","complete",548,"plasmid",770373,"SAMEA2548136","not available: to be reported later","","Klebsiella aerogenes","species","cellular organisms; Bacteria; Proteobacteria; Gammaproteobacteria; Enterobacterales; Enterobacteriaceae; Klebsiella",548,"Klebsiella aerogenes",570,"Klebsiella",543,"Enterobacteriaceae",91347,"Enterobacterales",1236,"Gammaproteobacteria",1224,"Proteobacteria",2,"Bacteria","","","acgcttgcac_tttgaccggg_3",1,342,579981,579640,7.94e-175,618,100,100,100
"LR134125.1","complete",548,"plasmid",770373,"SAMEA2548136","not available: to be reported later","","Klebsiella aerogenes","species","cellular organisms; Bacteria; Proteobacteria; Gammaproteobacteria; Enterobacterales; Enterobacteriaceae; Klebsiella",548,"Klebsiella aerogenes",570,"Klebsiella",543,"Enterobacteriaceae",91347,"Enterobacterales",1236,"Gammaproteobacteria",1224,"Proteobacteria",2,"Bacteria","","","ctgctatcgg_caatcatccc_2",1,342,579981,579640,7.94e-175,618,100,100,100
"LR134125.1","complete",548,"plasmid",770373,"SAMEA2548136","not available: to be reported later","","Klebsiella aerogenes","species","cellular organisms; Bacteria; Proteobacteria; Gammaproteobacteria; Enterobacterales; Enterobacteriaceae; Klebsiella",548,"Klebsiella aerogenes",570,"Klebsiella",543,"Enterobacteriaceae",91347,"Enterobacterales",1236,"Gammaproteobacteria",1224,"Proteobacteria",2,"Bacteria","","","attgagggtc_atgcactctc_2",1,342,579981,579640,7.94e-175,618,100,100,100
"LR134125.1","complete",548,"plasmid",770373,"SAMEA2548136","not available: to be reported later","","Klebsiella aerogenes","species","cellular organisms; Bacteria; Proteobacteria; Gammaproteobacteria; Enterobacterales; Enterobacteriaceae; Klebsiella",548,"Klebsiella aerogenes",570,"Klebsiella",543,"Enterobacteriaceae",91347,"Enterobacterales",1236,"Gammaproteobacteria",1224,"Proteobacteria",2,"Bacteria","","","ccggcatcat_aaatataata_2",1,342,579981,579640,7.94e-175,618,100,100,100
"LR134125.1","complete",548,"plasmid",770373,"SAMEA2548136","not available: to be reported later","","Klebsiella aerogenes","species","cellular organisms; Bacteria; Proteobacteria; Gammaproteobacteria; Enterobacterales; Enterobacteriaceae; Klebsiella",548,"Klebsiella aerogenes",570,"Klebsiella",543,"Enterobacteriaceae",91347,"Enterobacterales",1236,"Gammaproteobacteria",1224,"Proteobacteria",2,"Bacteria","","","tggtatcctt_acaaaggtgg_2",1,342,579981,579640,7.94e-175,618,100,100,100
"LR134125.1","complete",548,"plasmid",770373,"SAMEA2548136","not available: to be reported later","","Klebsiella aerogenes","species","cellular organisms; Bacteria; Proteobacteria; Gammaproteobacteria; Enterobacterales; Enterobacteriaceae; Klebsiella",548,"Klebsiella aerogenes",570,"Klebsiella",543,"Enterobacteriaceae",91347,"Enterobacterales",1236,"Gammaproteobacteria",1224,"Proteobacteria",2,"Bacteria","","","aataaaggaa_ctcgcggctc_2",1,342,579981,579640,7.94e-175,618,100,100,100
"LR134125.1","complete",548,"plasmid",770373,"SAMEA2548136","not available: to be reported later","","Klebsiella aerogenes","species","cellular organisms; Bacteria; Proteobacteria; Gammaproteobacteria; Enterobacterales; Enterobacteriaceae; Klebsiella",548,"Klebsiella aerogenes",570,"Klebsiella",543,"Enterobacteriaceae",91347,"Enterobacterales",1236,"Gammaproteobacteria",1224,"Proteobacteria",2,"Bacteria","","","catggttttt_tgaactaacg_2",1,342,579981,579640,7.94e-175,618,100,100,100
"LR134125.1","complete",548,"plasmid",770373,"SAMEA2548136","not available: to be reported later","","Klebsiella aerogenes","species","cellular organisms; Bacteria; Proteobacteria; Gammaproteobacteria; Enterobacterales; Enterobacteriaceae; Klebsiella",548,"Klebsiella aerogenes",570,"Klebsiella",543,"Enterobacteriaceae",91347,"Enterobacterales",1236,"Gammaproteobacteria",1224,"Proteobacteria",2,"Bacteria","","","agctcagtac_ggcgtatgga_3",1066,1100,694597,694563,1.6,41.9,85.714,3,3
"LR134125.1","complete",548,"plasmid",770373,"SAMEA2548136","not available: to be reported later","","Klebsiella aerogenes","species","cellular organisms; Bacteria; Proteobacteria; Gammaproteobacteria; Enterobacterales; Enterobacteriaceae; Klebsiella",548,"Klebsiella aerogenes",570,"Klebsiella",543,"Enterobacteriaceae",91347,"Enterobacterales",1236,"Gammaproteobacteria",1224,"Proteobacteria",2,"Bacteria","","","ggttggtagt_atggatatgg_2",1,342,579981,579640,7.94e-175,618,100,100,100
"LR134125.1","complete",548,"plasmid",770373,"SAMEA2548136","not available: to be reported later","","Klebsiella aerogenes","species","cellular organisms; Bacteria; Proteobacteria; Gammaproteobacteria; Enterobacterales; Enterobacteriaceae; Klebsiella",548,"Klebsiella aerogenes",570,"Klebsiella",543,"Enterobacteriaceae",91347,"Enterobacterales",1236,"Gammaproteobacteria",1224,"Proteobacteria",2,"Bacteria","","","atagatcccc_tgcacatgac_2",1,342,579981,579640,7.94e-175,618,100,100,100
"LR134125.1","complete",548,"plasmid",770373,"SAMEA2548136","not available: to be reported later","","Klebsiella aerogenes","species","cellular organisms; Bacteria; Proteobacteria; Gammaproteobacteria; Enterobacterales; Enterobacteriaceae; Klebsiella",548,"Klebsiella aerogenes",570,"Klebsiella",543,"Enterobacteriaceae",91347,"Enterobacterales",1236,"Gammaproteobacteria",1224,"Proteobacteria",2,"Bacteria","","","acgattaagt_gtggtctaac_2",1,342,579981,579640,7.94e-175,618,100,100,100
"LR134125.1","complete",548,"plasmid",770373,"SAMEA2548136","not available: to be reported later","","Klebsiella aerogenes","species","cellular organisms; Bacteria; Proteobacteria; Gammaproteobacteria; Enterobacterales; Enterobacteriaceae; Klebsiella",548,"Klebsiella aerogenes",570,"Klebsiella",543,"Enterobacteriaceae",91347,"Enterobacterales",1236,"Gammaproteobacteria",1224,"Proteobacteria",2,"Bacteria","","","ttttaaattt_tgaattgaga_2",1,342,579981,579640,7.94e-175,618,100,100,100
"LR134125.1","complete",548,"plasmid",770373,"SAMEA2548136","not available: to be reported later","","Klebsiella aerogenes","species","cellular organisms; Bacteria; Proteobacteria; Gammaproteobacteria; Enterobacterales; Enterobacteriaceae; Klebsiella",548,"Klebsiella aerogenes",570,"Klebsiella",543,"Enterobacteriaceae",91347,"Enterobacterales",1236,"Gammaproteobacteria",1224,"Proteobacteria",2,"Bacteria","","","gatgctgagc_cgcgatctat_2",1,342,579981,579640,7.94e-175,618,100,100,100
"LR134125.1","complete",548,"plasmid",770373,"SAMEA2548136","not available: to be reported later","","Klebsiella aerogenes","species","cellular organisms; Bacteria; Proteobacteria; Gammaproteobacteria; Enterobacterales; Enterobacteriaceae; Klebsiella",548,"Klebsiella aerogenes",570,"Klebsiella",543,"Enterobacteriaceae",91347,"Enterobacterales",1236,"Gammaproteobacteria",1224,"Proteobacteria",2,"Bacteria","","","aatccacgtc_cgctctagca_2",1,342,579981,579640,7.94e-175,618,100,100,100
"LR134125.1","complete",548,"plasmid",770373,"SAMEA2548136","not available: to be reported later","","Klebsiella aerogenes","species","cellular organisms; Bacteria; Proteobacteria; Gammaproteobacteria; Enterobacterales; Enterobacteriaceae; Klebsiella",548,"Klebsiella aerogenes",570,"Klebsiella",543,"Enterobacteriaceae",91347,"Enterobacterales",1236,"Gammaproteobacteria",1224,"Proteobacteria",2,"Bacteria","","","caacttattg_ggggtctcga_4",1,237,579981,579744,7.86e-116,422,99.58,100,100
"LR134125.1","complete",548,"plasmid",770373,"SAMEA2548136","not available: to be reported later","","Klebsiella aerogenes","species","cellular organisms; Bacteria; Proteobacteria; Gammaproteobacteria; Enterobacterales; Enterobacteriaceae; Klebsiella",548,"Klebsiella aerogenes",570,"Klebsiella",543,"Enterobacteriaceae",91347,"Enterobacterales",1236,"Gammaproteobacteria",1224,"Proteobacteria",2,"Bacteria","","","cgggccatct_cccaatgttg_2",1,342,579981,579640,7.94e-175,618,100,100,100
"LR134125.1","complete",548,"plasmid",770373,"SAMEA2548136","not available: to be reported later","","Klebsiella aerogenes","species","cellular organisms; Bacteria; Proteobacteria; Gammaproteobacteria; Enterobacterales; Enterobacteriaceae; Klebsiella",548,"Klebsiella aerogenes",570,"Klebsiella",543,"Enterobacteriaceae",91347,"Enterobacterales",1236,"Gammaproteobacteria",1224,"Proteobacteria",2,"Bacteria","","","gttggatccc_tcgggtgctg_2",1,342,579981,579640,7.94e-175,618,100,100,100
"LR134125.1","complete",548,"plasmid",770373,"SAMEA2548136","not available: to be reported later","","Klebsiella aerogenes","species","cellular organisms; Bacteria; Proteobacteria; Gammaproteobacteria; Enterobacterales; Enterobacteriaceae; Klebsiella",548,"Klebsiella aerogenes",570,"Klebsiella",543,"Enterobacteriaceae",91347,"Enterobacterales",1236,"Gammaproteobacteria",1224,"Proteobacteria",2,"Bacteria","","","ccttcatggt_ccttatacgg_5",1,342,579981,579640,7.94e-175,618,100,100,100
"LR134125.1","complete",548,"plasmid",770373,"SAMEA2548136","not available: to be reported later","","Klebsiella aerogenes","species","cellular organisms; Bacteria; Proteobacteria; Gammaproteobacteria; Enterobacterales; Enterobacteriaceae; Klebsiella",548,"Klebsiella aerogenes",570,"Klebsiella",543,"Enterobacteriaceae",91347,"Enterobacterales",1236,"Gammaproteobacteria",1224,"Proteobacteria",2,"Bacteria","","","gaggtctggg_cctaaatgta_2",1,342,579981,579640,7.94e-175,618,100,100,100
"LR134125.1","complete",548,"plasmid",770373,"SAMEA2548136","not available: to be reported later","","Klebsiella aerogenes","species","cellular organisms; Bacteria; Proteobacteria; Gammaproteobacteria; Enterobacterales; Enterobacteriaceae; Klebsiella",548,"Klebsiella aerogenes",570,"Klebsiella",543,"Enterobacteriaceae",91347,"Enterobacterales",1236,"Gammaproteobacteria",1224,"Proteobacteria",2,"Bacteria","","","ttcccccctg_gcagaggaat_2",1,342,579981,579640,7.94e-175,618,100,100,100
"LR134125.1","complete",548,"plasmid",770373,"SAMEA2548136","not available: to be reported later","","Klebsiella aerogenes","species","cellular organisms; Bacteria; Proteobacteria; Gammaproteobacteria; Enterobacterales; Enterobacteriaceae; Klebsiella",548,"Klebsiella aerogenes",570,"Klebsiella",543,"Enterobacteriaceae",91347,"Enterobacterales",1236,"Gammaproteobacteria",1224,"Proteobacteria",2,"Bacteria","","","ccaattttcg_ttaatgcgga_2",1,342,579981,579640,7.94e-175,618,100,100,100
"LR134125.1","complete",548,"plasmid",770373,"SAMEA2548136","not available: to be reported later","","Klebsiella aerogenes","species","cellular organisms; Bacteria; Proteobacteria; Gammaproteobacteria; Enterobacterales; Enterobacteriaceae; Klebsiella",548,"Klebsiella aerogenes",570,"Klebsiella",543,"Enterobacteriaceae",91347,"Enterobacterales",1236,"Gammaproteobacteria",1224,"Proteobacteria",2,"Bacteria","","","gccggcgccc_actacgtaaa_1",1,342,579981,579640,7.94e-175,618,100,100,100
"LR134125.1","complete",548,"plasmid",770373,"SAMEA2548136","not available: to be reported later","","Klebsiella aerogenes","species","cellular organisms; Bacteria; Proteobacteria; Gammaproteobacteria; Enterobacterales; Enterobacteriaceae; Klebsiella",548,"Klebsiella aerogenes",570,"Klebsiella",543,"Enterobacteriaceae",91347,"Enterobacterales",1236,"Gammaproteobacteria",1224,"Proteobacteria",2,"Bacteria","","","gtggcttcgt_cccgcgagtg_2",1,342,579981,579640,7.94e-175,618,100,100,100
"LR134125.1","complete",548,"plasmid",770373,"SAMEA2548136","not available: to be reported later","","Klebsiella aerogenes","species","cellular organisms; Bacteria; Proteobacteria; Gammaproteobacteria; Enterobacterales; Enterobacteriaceae; Klebsiella",548,"Klebsiella aerogenes",570,"Klebsiella",543,"Enterobacteriaceae",91347,"Enterobacterales",1236,"Gammaproteobacteria",1224,"Proteobacteria",2,"Bacteria","","","tcgttatctc_taaagtcgct_2",1,331,579981,579651,6.13e-94,350,83.384,97,97
"LR134125.1","complete",548,"plasmid",770373,"SAMEA2548136","not available: to be reported later","","Klebsiella aerogenes","species","cellular organisms; Bacteria; Proteobacteria; Gammaproteobacteria; Enterobacterales; Enterobacteriaceae; Klebsiella",548,"Klebsiella aerogenes",570,"Klebsiella",543,"Enterobacteriaceae",91347,"Enterobacterales",1236,"Gammaproteobacteria",1224,"Proteobacteria",2,"Bacteria","","","gcaggacatc_acctacgaaa_3",2809,3957,692428,693576,0,1424,87.467,51,29
"LR134125.1","complete",548,"plasmid",770373,"SAMEA2548136","not available: to be reported later","","Klebsiella aerogenes","species","cellular organisms; Bacteria; Proteobacteria; Gammaproteobacteria; Enterobacterales; Enterobacteriaceae; Klebsiella",548,"Klebsiella aerogenes",570,"Klebsiella",543,"Enterobacteriaceae",91347,"Enterobacterales",1236,"Gammaproteobacteria",1224,"Proteobacteria",2,"Bacteria","","","cggtattggc_tacaatttcc_2",1,342,579981,579640,7.94e-175,618,100,100,100
"LR134125.1","complete",548,"plasmid",770373,"SAMEA2548136","not available: to be reported later","","Klebsiella aerogenes","species","cellular organisms; Bacteria; Proteobacteria; Gammaproteobacteria; Enterobacterales; Enterobacteriaceae; Klebsiella",548,"Klebsiella aerogenes",570,"Klebsiella",543,"Enterobacteriaceae",91347,"Enterobacterales",1236,"Gammaproteobacteria",1224,"Proteobacteria",2,"Bacteria","","","ctactcaaga_gagacgggca_2",1,342,579981,579640,7.94e-175,618,100,100,100
"LR134125.1","complete",548,"plasmid",770373,"SAMEA2548136","not available: to be reported later","","Klebsiella aerogenes","species","cellular organisms; Bacteria; Proteobacteria; Gammaproteobacteria; Enterobacterales; Enterobacteriaceae; Klebsiella",548,"Klebsiella aerogenes",570,"Klebsiella",543,"Enterobacteriaceae",91347,"Enterobacterales",1236,"Gammaproteobacteria",1224,"Proteobacteria",2,"Bacteria","","","tatctgttgc_actattctgt_2",1,342,579981,579640,7.94e-175,618,100,100,100
"LR134127.1","complete",548,"plasmid",277534,"SAMEA2548136","not available: to be reported later","","Klebsiella aerogenes","species","cellular organisms; Bacteria; Proteobacteria; Gammaproteobacteria; Enterobacterales; Enterobacteriaceae; Klebsiella",548,"Klebsiella aerogenes",570,"Klebsiella",543,"Enterobacteriaceae",91347,"Enterobacterales",1236,"Gammaproteobacteria",1224,"Proteobacteria",2,"Bacteria","","","taggcgtatt_aaccagtcta_3",239,1633,114373,115774,0,1247,80.156,80,80
"LR134127.1","complete",548,"plasmid",277534,"SAMEA2548136","not available: to be reported later","","Klebsiella aerogenes","species","cellular organisms; Bacteria; Proteobacteria; Gammaproteobacteria; Enterobacterales; Enterobacteriaceae; Klebsiella",548,"Klebsiella aerogenes",570,"Klebsiella",543,"Enterobacteriaceae",91347,"Enterobacterales",1236,"Gammaproteobacteria",1224,"Proteobacteria",2,"Bacteria","","","ggtggttgct_ttaacctcaa_1",135,1475,114298,115640,0,1017,77.4,89,89
"LR134127.1","complete",548,"plasmid",277534,"SAMEA2548136","not available: to be reported later","","Klebsiella aerogenes","species","cellular organisms; Bacteria; Proteobacteria; Gammaproteobacteria; Enterobacterales; Enterobacteriaceae; Klebsiella",548,"Klebsiella aerogenes",570,"Klebsiella",543,"Enterobacteriaceae",91347,"Enterobacterales",1236,"Gammaproteobacteria",1224,"Proteobacteria",2,"Bacteria","","","tactatacaa_aagagatcag_5",239,1636,114373,115774,0,1258,80.37,80,80
"LR134127.1","complete",548,"plasmid",277534,"SAMEA2548136","not available: to be reported later","","Klebsiella aerogenes","species","cellular organisms; Bacteria; Proteobacteria; Gammaproteobacteria; Enterobacterales; Enterobacteriaceae; Klebsiella",548,"Klebsiella aerogenes",570,"Klebsiella",543,"Enterobacteriaceae",91347,"Enterobacterales",1236,"Gammaproteobacteria",1224,"Proteobacteria",2,"Bacteria","","","cggaatcctc_ctcactgtag_4",239,1637,114373,115774,0,1261,80.37,80,80
"LR134127.1","complete",548,"plasmid",277534,"SAMEA2548136","not available: to be reported later","","Klebsiella aerogenes","species","cellular organisms; Bacteria; Proteobacteria; Gammaproteobacteria; Enterobacterales; Enterobacteriaceae; Klebsiella",548,"Klebsiella aerogenes",570,"Klebsiella",543,"Enterobacteriaceae",91347,"Enterobacterales",1236,"Gammaproteobacteria",1224,"Proteobacteria",2,"Bacteria","","","gctctggagc_cctttacgct_1",239,1638,114373,115774,0,1255,80.313,80,80
"LR134127.1","complete",548,"plasmid",277534,"SAMEA2548136","not available: to be reported later","","Klebsiella aerogenes","species","cellular organisms; Bacteria; Proteobacteria; Gammaproteobacteria; Enterobacterales; Enterobacteriaceae; Klebsiella",548,"Klebsiella aerogenes",570,"Klebsiella",543,"Enterobacteriaceae",91347,"Enterobacterales",1236,"Gammaproteobacteria",1224,"Proteobacteria",2,"Bacteria","","","ctagtcgaac_ttaatatagg_3",136,1536,114373,115774,0,1269,80.37,85,85
"LR134127.1","complete",548,"plasmid",277534,"SAMEA2548136","not available: to be reported later","","Klebsiella aerogenes","species","cellular organisms; Bacteria; Proteobacteria; Gammaproteobacteria; Enterobacterales; Enterobacteriaceae; Klebsiella",548,"Klebsiella aerogenes",570,"Klebsiella",543,"Enterobacteriaceae",91347,"Enterobacterales",1236,"Gammaproteobacteria",1224,"Proteobacteria",2,"Bacteria","","","gcttcggccc_tcaccagcaa_1",238,1638,114373,115774,0,1269,80.37,80,80
"LR134127.1","complete",548,"plasmid",277534,"SAMEA2548136","not available: to be reported later","","Klebsiella aerogenes","species","cellular organisms; Bacteria; Proteobacteria; Gammaproteobacteria; Enterobacterales; Enterobacteriaceae; Klebsiella",548,"Klebsiella aerogenes",570,"Klebsiella",543,"Enterobacteriaceae",91347,"Enterobacterales",1236,"Gammaproteobacteria",1224,"Proteobacteria",2,"Bacteria","","","gtcttcgttt_agatggtaaa_1",239,1631,114373,115774,0,1231,80.156,82,79
"LR134127.1","complete",548,"plasmid",277534,"SAMEA2548136","not available: to be reported later","","Klebsiella aerogenes","species","cellular organisms; Bacteria; Proteobacteria; Gammaproteobacteria; Enterobacterales; Enterobacteriaceae; Klebsiella",548,"Klebsiella aerogenes",570,"Klebsiella",543,"Enterobacteriaceae",91347,"Enterobacterales",1236,"Gammaproteobacteria",1224,"Proteobacteria",2,"Bacteria","","","gggagtactc_tacacacccc_3",239,1639,114373,115774,0,1269,80.37,80,80
"LR134127.1","complete",548,"plasmid",277534,"SAMEA2548136","not available: to be reported later","","Klebsiella aerogenes","species","cellular organisms; Bacteria; Proteobacteria; Gammaproteobacteria; Enterobacterales; Enterobacteriaceae; Klebsiella",548,"Klebsiella aerogenes",570,"Klebsiella",543,"Enterobacteriaceae",91347,"Enterobacterales",1236,"Gammaproteobacteria",1224,"Proteobacteria",2,"Bacteria","","","attatcttcc_aatttagcca_2",239,1640,114373,115774,0,1258,80.242,80,80
"LR134127.1","complete",548,"plasmid",277534,"SAMEA2548136","not available: to be reported later","","Klebsiella aerogenes","species","cellular organisms; Bacteria; Proteobacteria; Gammaproteobacteria; Enterobacterales; Enterobacteriaceae; Klebsiella",548,"Klebsiella aerogenes",570,"Klebsiella",543,"Enterobacteriaceae",91347,"Enterobacterales",1236,"Gammaproteobacteria",1224,"Proteobacteria",2,"Bacteria","","","ctcggtgctg_aacgggaaag_2",239,1637,114373,115774,0,1257,80.299,80,80
"LR134127.1","complete",548,"plasmid",277534,"SAMEA2548136","not available: to be reported later","","Klebsiella aerogenes","species","cellular organisms; Bacteria; Proteobacteria; Gammaproteobacteria; Enterobacterales; Enterobacteriaceae; Klebsiella",548,"Klebsiella aerogenes",570,"Klebsiella",543,"Enterobacteriaceae",91347,"Enterobacterales",1236,"Gammaproteobacteria",1224,"Proteobacteria",2,"Bacteria","","","cgactactat_acccgtccat_4",238,1636,114373,115774,0,1257,80.299,80,80
"LR134127.1","complete",548,"plasmid",277534,"SAMEA2548136","not available: to be reported later","","Klebsiella aerogenes","species","cellular organisms; Bacteria; Proteobacteria; Gammaproteobacteria; Enterobacterales; Enterobacteriaceae; Klebsiella",548,"Klebsiella aerogenes",570,"Klebsiella",543,"Enterobacteriaceae",91347,"Enterobacterales",1236,"Gammaproteobacteria",1224,"Proteobacteria",2,"Bacteria","","","gttgctctcg_tgcgccagtc_1",46,567,131609,131086,1.69e-154,551,83.397,91,91
"LR134127.1","complete",548,"plasmid",277534,"SAMEA2548136","not available: to be reported later","","Klebsiella aerogenes","species","cellular organisms; Bacteria; Proteobacteria; Gammaproteobacteria; Enterobacterales; Enterobacteriaceae; Klebsiella",548,"Klebsiella aerogenes",570,"Klebsiella",543,"Enterobacteriaceae",91347,"Enterobacterales",1236,"Gammaproteobacteria",1224,"Proteobacteria",2,"Bacteria","","","aagtgggagt_cacagctctg_3",379,1777,114373,115774,0,1261,80.37,76,73
"LR134127.1","complete",548,"plasmid",277534,"SAMEA2548136","not available: to be reported later","","Klebsiella aerogenes","species","cellular organisms; Bacteria; Proteobacteria; Gammaproteobacteria; Enterobacterales; Enterobacteriaceae; Klebsiella",548,"Klebsiella aerogenes",570,"Klebsiella",543,"Enterobacteriaceae",91347,"Enterobacterales",1236,"Gammaproteobacteria",1224,"Proteobacteria",2,"Bacteria","","","taaaaggggg_aataagagtt_2",239,1640,114373,115774,0,1258,80.242,81,78
"LR134127.1","complete",548,"plasmid",277534,"SAMEA2548136","not available: to be reported later","","Klebsiella aerogenes","species","cellular organisms; Bacteria; Proteobacteria; Gammaproteobacteria; Enterobacterales; Enterobacteriaceae; Klebsiella",548,"Klebsiella aerogenes",570,"Klebsiella",543,"Enterobacteriaceae",91347,"Enterobacterales",1236,"Gammaproteobacteria",1224,"Proteobacteria",2,"Bacteria","","","atgtccataa_ttgcgattga_1",135,1476,114298,115640,0,1025,77.474,88,88
"LR134127.1","complete",548,"plasmid",277534,"SAMEA2548136","not available: to be reported later","","Klebsiella aerogenes","species","cellular organisms; Bacteria; Proteobacteria; Gammaproteobacteria; Enterobacterales; Enterobacteriaceae; Klebsiella",548,"Klebsiella aerogenes",570,"Klebsiella",543,"Enterobacteriaceae",91347,"Enterobacterales",1236,"Gammaproteobacteria",1224,"Proteobacteria",2,"Bacteria","","","cccgcgcgga_atatattcac_1",135,1476,114298,115640,0,1020,77.407,89,89
"LR134127.1","complete",548,"plasmid",277534,"SAMEA2548136","not available: to be reported later","","Klebsiella aerogenes","species","cellular organisms; Bacteria; Proteobacteria; Gammaproteobacteria; Enterobacterales; Enterobacteriaceae; Klebsiella",548,"Klebsiella aerogenes",570,"Klebsiella",543,"Enterobacteriaceae",91347,"Enterobacterales",1236,"Gammaproteobacteria",1224,"Proteobacteria",2,"Bacteria","","","tctgtgctac_ctcgtatatc_2",135,1476,114298,115640,0,1020,77.407,89,89
"LR134127.1","complete",548,"plasmid",277534,"SAMEA2548136","not available: to be reported later","","Klebsiella aerogenes","species","cellular organisms; Bacteria; Proteobacteria; Gammaproteobacteria; Enterobacterales; Enterobacteriaceae; Klebsiella",548,"Klebsiella aerogenes",570,"Klebsiella",543,"Enterobacteriaceae",91347,"Enterobacterales",1236,"Gammaproteobacteria",1224,"Proteobacteria",2,"Bacteria","","","gaagcgaata_cgccgatacg_1",135,1476,114298,115640,0,1020,77.407,89,89
"LR134127.1","complete",548,"plasmid",277534,"SAMEA2548136","not available: to be reported later","","Klebsiella aerogenes","species","cellular organisms; Bacteria; Proteobacteria; Gammaproteobacteria; Enterobacterales; Enterobacteriaceae; Klebsiella",548,"Klebsiella aerogenes",570,"Klebsiella",543,"Enterobacteriaceae",91347,"Enterobacterales",1236,"Gammaproteobacteria",1224,"Proteobacteria",2,"Bacteria","","","tatggctagc_cagtctgggt_2",239,1638,114373,115774,0,1265,80.37,82,79
"LR134127.1","complete",548,"plasmid",277534,"SAMEA2548136","not available: to be reported later","","Klebsiella aerogenes","species","cellular organisms; Bacteria; Proteobacteria; Gammaproteobacteria; Enterobacterales; Enterobacteriaceae; Klebsiella",548,"Klebsiella aerogenes",570,"Klebsiella",543,"Enterobacteriaceae",91347,"Enterobacterales",1236,"Gammaproteobacteria",1224,"Proteobacteria",2,"Bacteria","","","acatattcat_tagacgggtt_4",239,1638,114373,115774,0,1265,80.37,80,80
"LR134127.1","complete",548,"plasmid",277534,"SAMEA2548136","not available: to be reported later","","Klebsiella aerogenes","species","cellular organisms; Bacteria; Proteobacteria; Gammaproteobacteria; Enterobacterales; Enterobacteriaceae; Klebsiella",548,"Klebsiella aerogenes",570,"Klebsiella",543,"Enterobacteriaceae",91347,"Enterobacterales",1236,"Gammaproteobacteria",1224,"Proteobacteria",2,"Bacteria","","","cggcgtcccg_aaatagtcaa_2",135,1477,114298,115640,0,1023,77.407,89,89
"LR134127.1","complete",548,"plasmid",277534,"SAMEA2548136","not available: to be reported later","","Klebsiella aerogenes","species","cellular organisms; Bacteria; Proteobacteria; Gammaproteobacteria; Enterobacterales; Enterobacteriaceae; Klebsiella",548,"Klebsiella aerogenes",570,"Klebsiella",543,"Enterobacteriaceae",91347,"Enterobacterales",1236,"Gammaproteobacteria",1224,"Proteobacteria",2,"Bacteria","","","cgcaagtgat_ctgggacgat_2",135,1477,114298,115640,0,1023,77.407,89,89
"LR134127.1","complete",548,"plasmid",277534,"SAMEA2548136","not available: to be reported later","","Klebsiella aerogenes","species","cellular organisms; Bacteria; Proteobacteria; Gammaproteobacteria; Enterobacterales; Enterobacteriaceae; Klebsiella",548,"Klebsiella aerogenes",570,"Klebsiella",543,"Enterobacteriaceae",91347,"Enterobacterales",1236,"Gammaproteobacteria",1224,"Proteobacteria",2,"Bacteria","","","cagcaatccg_ttgaaggacc_1",135,1475,114298,115640,0,1012,77.259,89,89
"LR134127.1","complete",548,"plasmid",277534,"SAMEA2548136","not available: to be reported later","","Klebsiella aerogenes","species","cellular organisms; Bacteria; Proteobacteria; Gammaproteobacteria; Enterobacterales; Enterobacteriaceae; Klebsiella",548,"Klebsiella aerogenes",570,"Klebsiella",543,"Enterobacteriaceae",91347,"Enterobacterales",1236,"Gammaproteobacteria",1224,"Proteobacteria",2,"Bacteria","","","atgcatgatt_aacagtcaac_4",135,1478,114298,115643,0,1017,77.384,51,51
"LR134127.1","complete",548,"plasmid",277534,"SAMEA2548136","not available: to be reported later","","Klebsiella aerogenes","species","cellular organisms; Bacteria; Proteobacteria; Gammaproteobacteria; Enterobacterales; Enterobacteriaceae; Klebsiella",548,"Klebsiella aerogenes",570,"Klebsiella",543,"Enterobacteriaceae",91347,"Enterobacterales",1236,"Gammaproteobacteria",1224,"Proteobacteria",2,"Bacteria","","","agcgcatgct_ccggagatcg_2",135,1476,114298,115640,0,1020,77.407,89,89
"LR134127.1","complete",548,"plasmid",277534,"SAMEA2548136","not available: to be reported later","","Klebsiella aerogenes","species","cellular organisms; Bacteria; Proteobacteria; Gammaproteobacteria; Enterobacterales; Enterobacteriaceae; Klebsiella",548,"Klebsiella aerogenes",570,"Klebsiella",543,"Enterobacteriaceae",91347,"Enterobacterales",1236,"Gammaproteobacteria",1224,"Proteobacteria",2,"Bacteria","","","ttctttcagt_agcaatcacc_1",135,1476,114298,115640,0,1020,77.407,88,88
"LR134127.1","complete",548,"plasmid",277534,"SAMEA2548136","not available: to be reported later","","Klebsiella aerogenes","species","cellular organisms; Bacteria; Proteobacteria; Gammaproteobacteria; Enterobacterales; Enterobacteriaceae; Klebsiella",548,"Klebsiella aerogenes",570,"Klebsiella",543,"Enterobacteriaceae",91347,"Enterobacterales",1236,"Gammaproteobacteria",1224,"Proteobacteria",2,"Bacteria","","","gaaaatcgtt_ttgcgttgga_1",135,1475,114298,115639,0,1018,77.391,88,88
"LR134127.1","complete",548,"plasmid",277534,"SAMEA2548136","not available: to be reported later","","Klebsiella aerogenes","species","cellular organisms; Bacteria; Proteobacteria; Gammaproteobacteria; Enterobacterales; Enterobacteriaceae; Klebsiella",548,"Klebsiella aerogenes",570,"Klebsiella",543,"Enterobacteriaceae",91347,"Enterobacterales",1236,"Gammaproteobacteria",1224,"Proteobacteria",2,"Bacteria","","","cttttacggc_gataaaagta_1",738,902,115029,115190,4.77e-08,67.1,69.091,11,11
"LR134127.1","complete",548,"plasmid",277534,"SAMEA2548136","not available: to be reported later","","Klebsiella aerogenes","species","cellular organisms; Bacteria; Proteobacteria; Gammaproteobacteria; Enterobacterales; Enterobacteriaceae; Klebsiella",548,"Klebsiella aerogenes",570,"Klebsiella",543,"Enterobacteriaceae",91347,"Enterobacterales",1236,"Gammaproteobacteria",1224,"Proteobacteria",2,"Bacteria","","","acctcactac_actccctcgg_3",2,1223,239656,238433,0,1180,81.648,98,98
"LR134127.1","complete",548,"plasmid",277534,"SAMEA2548136","not available: to be reported later","","Klebsiella aerogenes","species","cellular organisms; Bacteria; Proteobacteria; Gammaproteobacteria; Enterobacterales; Enterobacteriaceae; Klebsiella",548,"Klebsiella aerogenes",570,"Klebsiella",543,"Enterobacteriaceae",91347,"Enterobacterales",1236,"Gammaproteobacteria",1224,"Proteobacteria",2,"Bacteria","","","catcaactcg_agaaaataat_2",239,1639,114373,115774,0,1269,80.37,80,80
"LR134127.1","complete",548,"plasmid",277534,"SAMEA2548136","not available: to be reported later","","Klebsiella aerogenes","species","cellular organisms; Bacteria; Proteobacteria; Gammaproteobacteria; Enterobacterales; Enterobacteriaceae; Klebsiella",548,"Klebsiella aerogenes",570,"Klebsiella",543,"Enterobacteriaceae",91347,"Enterobacterales",1236,"Gammaproteobacteria",1224,"Proteobacteria",2,"Bacteria","","","cacgctttcg_cagtatgggc_2",238,1638,114373,115774,0,1370,82.102,82,79
"NC_006569.1","complete",246200,"plasmid",491611,"SAMN02604003","","","Ruegeria pomeroyi DSS-3","strain","cellular organisms; Bacteria; Proteobacteria; Alphaproteobacteria; Rhodobacterales; Rhodobacteraceae; Ruegeria; Ruegeria pomeroyi",89184,"Ruegeria pomeroyi",97050,"Ruegeria",31989,"Rhodobacteraceae",204455,"Rhodobacterales",28211,"Alphaproteobacteria",1224,"Proteobacteria",2,"Bacteria","","","ggtcttttgt_taccaattga_3",86,218,356271,356139,9.4e-19,100,77.612,22,22
"NC_007960.1","complete",323097,"plasmid",188318,"SAMN02598307","","","Nitrobacter hamburgensis X14","strain","cellular organisms; Bacteria; Proteobacteria; Alphaproteobacteria; Rhizobiales; Bradyrhizobiaceae; Nitrobacter; Nitrobacter hamburgensis",912,"Nitrobacter hamburgensis",911,"Nitrobacter",41294,"Bradyrhizobiaceae",356,"Rhizobiales",28211,"Alphaproteobacteria",1224,"Proteobacteria",2,"Bacteria","","","gtgatggggc_caccgtgtat_3",93,128,38171,38137,0.017,44.6,88.889,20,20
"NC_007974.2","complete",266264,"plasmid",2580084,"SAMN02598450","","","Cupriavidus metallidurans CH34","strain","cellular organisms; Bacteria; Proteobacteria; Betaproteobacteria; Burkholderiales; Burkholderiaceae; Cupriavidus; Cupriavidus metallidurans",119219,"Cupriavidus metallidurans",106589,"Cupriavidus",119060,"Burkholderiaceae",80840,"Burkholderiales",28216,"Betaproteobacteria",1224,"Proteobacteria",2,"Bacteria","","","tattgcggtt_agaatatata_3",385,787,1183602,1183200,3.47e-24,121,67.241,20,20
"NC_008010.2","complete",319795,"plasmid",574127,"SAMN02598303","","","Deinococcus geothermalis DSM 11300","strain","cellular organisms; Bacteria; Terrabacteria group; Deinococcus-Thermus; Deinococci; Deinococcales; Deinococcaceae; Deinococcus; Deinococcus geothermalis",68909,"Deinococcus geothermalis",1298,"Deinococcus",183710,"Deinococcaceae",118964,"Deinococcales",188787,"Deinococci",1297,"Deinococcus-Thermus",2,"Bacteria","","","atcaatcgcg_ctcgttccat_2",183,227,172989,172945,0.04,46.4,82.222,3,3
"NC_008010.2","complete",319795,"plasmid",574127,"SAMN02598303","","","Deinococcus geothermalis DSM 11300","strain","cellular organisms; Bacteria; Terrabacteria group; Deinococcus-Thermus; Deinococci; Deinococcales; Deinococcaceae; Deinococcus; Deinococcus geothermalis",68909,"Deinococcus geothermalis",1298,"Deinococcus",183710,"Deinococcaceae",118964,"Deinococcales",188787,"Deinococci",1297,"Deinococcus-Thermus",2,"Bacteria","","","ttccacagcg_cccctttccc_2",183,227,172989,172945,0.04,46.4,82.222,3,3
"NC_008043.1","complete",292414,"plasmid",821788,"SAMN02598292","","","Ruegeria sp. TM1040","species","cellular organisms; Bacteria; Proteobacteria; Alphaproteobacteria; Rhodobacterales; Rhodobacteraceae; Ruegeria; unclassified Ruegeria",292414,"Ruegeria sp. TM1040",97050,"Ruegeria",31989,"Rhodobacteraceae",204455,"Rhodobacterales",28211,"Alphaproteobacteria",1224,"Proteobacteria",2,"Bacteria","","","cgttcttggt_agtgctcatc_1",445,523,599185,599110,0.000149,55.4,76.25,3,3
"NC_008043.1","complete",292414,"plasmid",821788,"SAMN02598292","","","Ruegeria sp. TM1040","species","cellular organisms; Bacteria; Proteobacteria; Alphaproteobacteria; Rhodobacterales; Rhodobacteraceae; Ruegeria; unclassified Ruegeria",292414,"Ruegeria sp. TM1040",97050,"Ruegeria",31989,"Rhodobacteraceae",204455,"Rhodobacterales",28211,"Alphaproteobacteria",1224,"Proteobacteria",2,"Bacteria","","","acataaccgg_gtgcaacgac_3",236,314,599185,599110,0.000127,55.4,76.25,4,4
"NC_008043.1","complete",292414,"plasmid",821788,"SAMN02598292","","","Ruegeria sp. TM1040","species","cellular organisms; Bacteria; Proteobacteria; Alphaproteobacteria; Rhodobacterales; Rhodobacteraceae; Ruegeria; unclassified Ruegeria",292414,"Ruegeria sp. TM1040",97050,"Ruegeria",31989,"Rhodobacteraceae",204455,"Rhodobacterales",28211,"Alphaproteobacteria",1224,"Proteobacteria",2,"Bacteria","","","gctagcaatt_acctaatcct_3",236,314,599185,599110,0.000127,55.4,76.25,4,4
"NC_008607.1","complete",338966,"plasmid",202397,"SAMN02598297","","","Pelobacter propionicus DSM 2379","strain","cellular organisms; Bacteria; Proteobacteria; delta/epsilon subdivisions; Deltaproteobacteria; Desulfuromonadales; Desulfuromonadaceae; Pelobacter; Pelobacter propionicus",29543,"Pelobacter propionicus",18,"Pelobacter",213421,"Desulfuromonadaceae",69541,"Desulfuromonadales",28221,"Deltaproteobacteria",1224,"Proteobacteria",2,"Bacteria","","","tccgggcgat_tcatcggcaa_1",1,193,20800,20992,4.25e-22,112,72.959,38,38
"NC_008607.1","complete",338966,"plasmid",202397,"SAMN02598297","","","Pelobacter propionicus DSM 2379","strain","cellular organisms; Bacteria; Proteobacteria; delta/epsilon subdivisions; Deltaproteobacteria; Desulfuromonadales; Desulfuromonadaceae; Pelobacter; Pelobacter propionicus",29543,"Pelobacter propionicus",18,"Pelobacter",213421,"Desulfuromonadaceae",69541,"Desulfuromonadales",28221,"Deltaproteobacteria",1224,"Proteobacteria",2,"Bacteria","","","cacgggctga_accatgctaa_1",14,786,71605,70842,9.93e-131,474,73.48,52,52
"NC_008826.1","complete",420662,"plasmid",599444,"SAMN02598264","","","Methylibium petroleiphilum PM1","strain","cellular organisms; Bacteria; Proteobacteria; Betaproteobacteria; Burkholderiales; Burkholderiales genera incertae sedis; Methylibium; Methylibium petroleiphilum",105560,"Methylibium petroleiphilum",316612,"Methylibium",NA,"",80840,"Burkholderiales",28216,"Betaproteobacteria",1224,"Proteobacteria",2,"Bacteria","","","tgattgccgt_cccctgagca_1",7,2177,155399,153232,0,2218,82.866,99,99
"NC_010510.1","complete",426355,"plasmid",586164,"SAMN00000277","","","Methylobacterium radiotolerans JCM 2831","strain","cellular organisms; Bacteria; Proteobacteria; Alphaproteobacteria; Rhizobiales; Methylobacteriaceae; Methylobacterium; Methylobacterium radiotolerans",31998,"Methylobacterium radiotolerans",407,"Methylobacterium",119045,"Methylobacteriaceae",356,"Rhizobiales",28211,"Alphaproteobacteria",1224,"Proteobacteria",2,"Bacteria","","","ctgtatcgcg_agattctgca_1",228,429,288827,288623,2.79e-22,113,73.684,18,18
"NC_011758.1","complete",440085,"plasmid",380207,"SAMN00000037","","","Methylorubrum extorquens CM4","strain","cellular organisms; Bacteria; Proteobacteria; Alphaproteobacteria; Rhizobiales; Methylobacteriaceae; Methylorubrum; Methylorubrum extorquens",408,"Methylorubrum extorquens",2282523,"Methylorubrum",119045,"Methylobacteriaceae",356,"Rhizobiales",28211,"Alphaproteobacteria",1224,"Proteobacteria",2,"Bacteria","","","tggtgtgcag_ctcggagatg_1",250,323,350914,350841,1.02e-05,58.1,77.027,12,12
"NC_011887.1","complete",460265,"plasmid",458070,"SAMN00000043","","","Methylobacterium nodulans ORS 2060","strain","cellular organisms; Bacteria; Proteobacteria; Alphaproteobacteria; Rhizobiales; Methylobacteriaceae; Methylobacterium; Methylobacterium nodulans",114616,"Methylobacterium nodulans",407,"Methylobacterium",119045,"Methylobacteriaceae",356,"Rhizobiales",28211,"Alphaproteobacteria",1224,"Proteobacteria",2,"Bacteria","","","tcttagttac_agatctgaaa_3",533,580,244816,244863,0.001,51.8,83.333,3,3
"NC_011892.1","complete",460265,"plasmid",487734,"SAMN00000043","","","Methylobacterium nodulans ORS 2060","strain","cellular organisms; Bacteria; Proteobacteria; Alphaproteobacteria; Rhizobiales; Methylobacteriaceae; Methylobacterium; Methylobacterium nodulans",114616,"Methylobacterium nodulans",407,"Methylobacterium",119045,"Methylobacteriaceae",356,"Rhizobiales",28211,"Alphaproteobacteria",1224,"Proteobacteria",2,"Bacteria","","","ttctttgcgg_gacggatacg_1",50,110,462488,462428,4.72e-08,66.2,83.607,4,4
"NC_012586.1","complete",394,"plasmid",2430033,"SAMN02603283","","","Sinorhizobium fredii NGR234","strain","cellular organisms; Bacteria; Proteobacteria; Alphaproteobacteria; Rhizobiales; Rhizobiaceae; Sinorhizobium/Ensifer group; Sinorhizobium; Sinorhizobium fredii group; Sinorhizobium fredii",380,"Sinorhizobium fredii",28105,"Sinorhizobium",82115,"Rhizobiaceae",356,"Rhizobiales",28211,"Alphaproteobacteria",1224,"Proteobacteria",2,"Bacteria","","","ggctcataac_gttgcgagag_2",1416,1545,2019308,2019179,6.31e-14,86.9,74.615,11,7
"NC_012855.1","complete",428406,"plasmid",389779,"SAMN00000034","","","Ralstonia pickettii 12D","strain","cellular organisms; Bacteria; Proteobacteria; Betaproteobacteria; Burkholderiales; Burkholderiaceae; Ralstonia; Ralstonia pickettii",329,"Ralstonia pickettii",48736,"Ralstonia",119060,"Burkholderiaceae",80840,"Burkholderiales",28216,"Betaproteobacteria",1224,"Proteobacteria",2,"Bacteria","","","tacgtatagc_accgaagtaa_1",387,430,167223,167180,0.18,44.6,81.818,3,3
"NC_012858.1","complete",395491,"plasmid",660973,"SAMN00000703","","","Rhizobium leguminosarum bv. trifolii WSM1325","strain","cellular organisms; Bacteria; Proteobacteria; Alphaproteobacteria; Rhizobiales; Rhizobiaceae; Rhizobium/Agrobacterium group; Rhizobium; Rhizobium leguminosarum; Rhizobium leguminosarum bv. trifolii",384,"Rhizobium leguminosarum",379,"Rhizobium",82115,"Rhizobiaceae",356,"Rhizobiales",28211,"Alphaproteobacteria",1224,"Proteobacteria",2,"Bacteria","","","cggcctgttc_catctccgaa_2",1325,1363,269881,269919,0.012,48.2,90,3,3
"NC_013193.1","complete",522306,"plasmid",167595,"SAMN02598465","","","Candidatus Accumulibacter phosphatis clade IIA str. UW-1","strain","cellular organisms; Bacteria; Proteobacteria; Betaproteobacteria; Betaproteobacteria incertae sedis; Candidatus Accumulibacter; Candidatus Accumulibacter phosphatis",327160,"Candidatus Accumulibacter phosphatis",327159,"Candidatus Accumulibacter",NA,"",NA,"",28216,"Betaproteobacteria",1224,"Proteobacteria",2,"Bacteria","","","acgtgcgtgc_gccgcatgaa_2",192,245,92491,92441,0.041,47.3,81.481,4,4
"NC_013857.1","complete",137722,"plasmid",681723,"SAMD00060958","","","Azospirillum sp. B510","strain","cellular organisms; Bacteria; Proteobacteria; Alphaproteobacteria; Rhodospirillales; Rhodospirillaceae; Azospirillum; Azospirillum lipoferum",193,"Azospirillum lipoferum",191,"Azospirillum",41295,"Rhodospirillaceae",204441,"Rhodospirillales",28211,"Alphaproteobacteria",1224,"Proteobacteria",2,"Bacteria","","","gtacagacgc_ggcgcctaaa_1",13,1327,551591,552914,1.17e-155,556,70.224,81,81
"NC_013859.1","complete",137722,"plasmid",537299,"SAMD00060958","","","Azospirillum sp. B510","strain","cellular organisms; Bacteria; Proteobacteria; Alphaproteobacteria; Rhodospirillales; Rhodospirillaceae; Azospirillum; Azospirillum lipoferum",193,"Azospirillum lipoferum",191,"Azospirillum",41295,"Rhodospirillaceae",204441,"Rhodospirillales",28211,"Alphaproteobacteria",1224,"Proteobacteria",2,"Bacteria","","","aggttacccg_atgtcatttg_3",469,495,235684,235658,0.15,45.5,96.296,2,2
"NC_014633.1","complete",572544,"plasmid",961624,"SAMN00116458","","","Ilyobacter polytropus DSM 2926","strain","cellular organisms; Bacteria; Fusobacteria; Fusobacteriia; Fusobacteriales; Fusobacteriaceae; Ilyobacter; Ilyobacter polytropus",167642,"Ilyobacter polytropus",167639,"Ilyobacter",203492,"Fusobacteriaceae",203491,"Fusobacteriales",203490,"Fusobacteriia",32066,"Fusobacteria",2,"Bacteria","","","ccagtattgc_gagaatagaa_1",1332,1354,484583,484561,0.51,42.8,100,2,2
"NC_014633.1","complete",572544,"plasmid",961624,"SAMN00116458","","","Ilyobacter polytropus DSM 2926","strain","cellular organisms; Bacteria; Fusobacteria; Fusobacteriia; Fusobacteriales; Fusobacteriaceae; Ilyobacter; Ilyobacter polytropus",167642,"Ilyobacter polytropus",167639,"Ilyobacter",203492,"Fusobacteriaceae",203491,"Fusobacteriales",203490,"Fusobacteriia",32066,"Fusobacteria",2,"Bacteria","","","ttcgattcct_ctccgatata_4",3,93,865552,865642,6.57e-08,66.2,75.824,5,5
"NC_015168.1","complete",667015,"plasmid",19280,"SAMN00713589","","","Phocaeicola salanitronis DSM 18170","strain","cellular organisms; Bacteria; FCB group; Bacteroidetes/Chlorobi group; Bacteroidetes; Bacteroidia; Bacteroidales; Bacteroidales incertae sedis; Phocaeicola; Phocaeicola salanitronis",376805,"Phocaeicola salanitronis",909656,"Phocaeicola",NA,"",171549,"Bacteroidales",200643,"Bacteroidia",976,"Bacteroidetes",2,"Bacteria","","","tacgctggtg_tcggatttca_2",43,276,7451,7218,2.8e-15,88.7,68.936,77,77
"NC_015314.1","complete",675635,"plasmid",192355,"SAMN00713596","","","Pseudonocardia dioxanivorans CB1190","strain","cellular organisms; Bacteria; Terrabacteria group; Actinobacteria; Actinobacteria; Pseudonocardiales; Pseudonocardiaceae; Pseudonocardia; Pseudonocardia dioxanivorans",240495,"Pseudonocardia dioxanivorans",1847,"Pseudonocardia",2070,"Pseudonocardiaceae",85010,"Pseudonocardiales",1760,"Actinobacteria",201174,"Actinobacteria",2,"Bacteria","","","ggttaaggat_tgcatgtata_2",619,669,105495,105545,0.008,48.2,80.392,5,5
"NC_015378.1","complete",999541,"plasmid",128650,"SAMN02603164","","","Burkholderia gladioli BSR3","strain","cellular organisms; Bacteria; Proteobacteria; Betaproteobacteria; Burkholderiales; Burkholderiaceae; Burkholderia; Burkholderia gladioli",28095,"Burkholderia gladioli",32008,"Burkholderia",119060,"Burkholderiaceae",80840,"Burkholderiales",28216,"Betaproteobacteria",1224,"Proteobacteria",2,"Bacteria","","","cagcgcgtgg_tcaagtcctc_2",118,144,54555,54581,0.71,41,92.593,5,5
"NC_015386.1","complete",869209,"plasmid",165572,"SAMN00713601","","","Treponema succinifaciens DSM 2489","strain","cellular organisms; Bacteria; Spirochaetes; Spirochaetia; Spirochaetales; Spirochaetaceae; Treponema; Treponema succinifaciens",167,"Treponema succinifaciens",157,"Treponema",137,"Spirochaetaceae",136,"Spirochaetales",203692,"Spirochaetia",203691,"Spirochaetes",2,"Bacteria","","","taatctggcg_aacgggtatg_1",44,65,155933,155912,0.82,41,100,3,3
"NC_016585.1","complete",862719,"plasmid",1040425,"","","","Azospirillum lipoferum 4B","strain","cellular organisms; Bacteria; Proteobacteria; Alphaproteobacteria; Rhodospirillales; Rhodospirillaceae; Azospirillum; Azospirillum lipoferum",193,"Azospirillum lipoferum",191,"Azospirillum",41295,"Rhodospirillaceae",204441,"Rhodospirillales",28211,"Alphaproteobacteria",1224,"Proteobacteria",2,"Bacteria","","","atgattacgt_gcacgtatcc_1",124,218,412094,412188,1.13e-15,91.5,81.053,7,7
"NC_016623.1","complete",862719,"plasmid",648491,"","","","Azospirillum lipoferum 4B","strain","cellular organisms; Bacteria; Proteobacteria; Alphaproteobacteria; Rhodospirillales; Rhodospirillaceae; Azospirillum; Azospirillum lipoferum",193,"Azospirillum lipoferum",191,"Azospirillum",41295,"Rhodospirillaceae",204441,"Rhodospirillales",28211,"Alphaproteobacteria",1224,"Proteobacteria",2,"Bacteria","","","tagagttgct_aatgtgctgg_4",444,496,535598,535650,0.85,41.9,79.63,8,8
"NC_017273.1","complete",762633,"plasmid",440026,"SAMN00713632","","","Thermus thermophilus SG0.5JP17-16","strain","cellular organisms; Bacteria; Terrabacteria group; Deinococcus-Thermus; Deinococci; Thermales; Thermaceae; Thermus; Thermus thermophilus",274,"Thermus thermophilus",270,"Thermus",188786,"Thermaceae",68933,"Thermales",188787,"Deinococci",1297,"Deinococcus-Thermus",2,"Bacteria","","","gtatactaca_agcgcctagg_2",537,610,3889,3962,0.012,49.1,74.324,5,5
"NC_017318.1","complete",718251,"plasmid",44194,"SAMN02603331","","","Edwardsiella tarda FL6-60","strain","cellular organisms; Bacteria; Proteobacteria; Gammaproteobacteria; Enterobacterales; Hafniaceae; Edwardsiella; Edwardsiella tarda",636,"Edwardsiella tarda",635,"Edwardsiella",1903412,"Hafniaceae",91347,"Enterobacterales",1236,"Gammaproteobacteria",1224,"Proteobacteria",2,"Bacteria","","","atgttaattc_aataggaccg_1",430,454,32332,32356,0.03,46.4,100,3,3
"NC_017472.1","complete",695562,"plasmid",78145,"SAMN02603307","","pig","Lactobacillus amylovorus GRL1118","strain","cellular organisms; Bacteria; Terrabacteria group; Firmicutes; Bacilli; Lactobacillales; Lactobacillaceae; Lactobacillus; Lactobacillus amylovorus",1604,"Lactobacillus amylovorus",1578,"Lactobacillus",33958,"Lactobacillaceae",186826,"Lactobacillales",91061,"Bacilli",1239,"Firmicutes",2,"Bacteria","repUS32_1_LAB5209948(plasmid2), CP002611, ","","actcaatctg_caaatacata_1",1,710,58359,59068,0,1091,94.233,99,99
"NC_017472.1","complete",695562,"plasmid",78145,"SAMN02603307","","pig","Lactobacillus amylovorus GRL1118","strain","cellular organisms; Bacteria; Terrabacteria group; Firmicutes; Bacilli; Lactobacillales; Lactobacillaceae; Lactobacillus; Lactobacillus amylovorus",1604,"Lactobacillus amylovorus",1578,"Lactobacillus",33958,"Lactobacillaceae",186826,"Lactobacillales",91061,"Bacilli",1239,"Firmicutes",2,"Bacteria","repUS32_1_LAB5209948(plasmid2), CP002611, ","","ccgattcttc_tccaccggga_1",1,1913,57156,59068,0,2611,90.334,99,99
"NC_017507.1","complete",225937,"plasmid",187465,"SAMN00713638","","","Marinobacter adhaerens HP15","strain","cellular organisms; Bacteria; Proteobacteria; Gammaproteobacteria; Alteromonadales; Alteromonadaceae; Marinobacter; Marinobacter adhaerens",1033846,"Marinobacter adhaerens",2742,"Marinobacter",72275,"Alteromonadaceae",135622,"Alteromonadales",1236,"Gammaproteobacteria",1224,"Proteobacteria",2,"Bacteria","","","aatttgggct_cgtgcaccgt_1",290,488,59515,59317,7.1e-14,85.1,69.347,33,33
"NC_017958.1","complete",1110502,"plasmid",1126962,"SAMN02603926","","","Tistrella mobilis KA081020-065","strain","cellular organisms; Bacteria; Proteobacteria; Alphaproteobacteria; Rhodospirillales; Rhodospirillaceae; Tistrella; Tistrella mobilis",171437,"Tistrella mobilis",171436,"Tistrella",41295,"Rhodospirillaceae",204441,"Rhodospirillales",28211,"Alphaproteobacteria",1224,"Proteobacteria",2,"Bacteria","","","tagcagacac_atcctagtat_3",67,107,660377,660417,0.002,48.2,85.366,14,14
"NC_017958.1","complete",1110502,"plasmid",1126962,"SAMN02603926","","","Tistrella mobilis KA081020-065","strain","cellular organisms; Bacteria; Proteobacteria; Alphaproteobacteria; Rhodospirillales; Rhodospirillaceae; Tistrella; Tistrella mobilis",171437,"Tistrella mobilis",171436,"Tistrella",41295,"Rhodospirillaceae",204441,"Rhodospirillales",28211,"Alphaproteobacteria",1224,"Proteobacteria",2,"Bacteria","","","atttttagct_cgagacaacc_1",168,676,129041,128533,3.22e-37,164,68.522,30,25
"NC_017962.1","complete",333849,"plasmid",66247,"SAMN00002237","","","Enterococcus faecium DO","strain","cellular organisms; Bacteria; Terrabacteria group; Firmicutes; Bacilli; Lactobacillales; Enterococcaceae; Enterococcus; Enterococcus faecium",1352,"Enterococcus faecium",1350,"Enterococcus",81852,"Enterococcaceae",186826,"Lactobacillales",91061,"Bacilli",1239,"Firmicutes",2,"Bacteria","repUS1_1_repE(DOp2), CP003585, |rep7b_5_ORF23(pRUM), AF507977, |rep17_1_CDS29(pRUM), AF507977, ","","cgcatccagg_tcaactactc_1",633,727,26930,27025,4.84e-19,102,85.567,9,9
"NC_017966.1","complete",1110502,"plasmid",690188,"SAMN02603926","","","Tistrella mobilis KA081020-065","strain","cellular organisms; Bacteria; Proteobacteria; Alphaproteobacteria; Rhodospirillales; Rhodospirillaceae; Tistrella; Tistrella mobilis",171437,"Tistrella mobilis",171436,"Tistrella",41295,"Rhodospirillaceae",204441,"Rhodospirillales",28211,"Alphaproteobacteria",1224,"Proteobacteria",2,"Bacteria","","","tgaccagttt_gtgtgcccga_1",1084,1120,370421,370457,0.00027,54.5,91.892,3,3
"NC_017966.1","complete",1110502,"plasmid",690188,"SAMN02603926","","","Tistrella mobilis KA081020-065","strain","cellular organisms; Bacteria; Proteobacteria; Alphaproteobacteria; Rhodospirillales; Rhodospirillaceae; Tistrella; Tistrella mobilis",171437,"Tistrella mobilis",171436,"Tistrella",41295,"Rhodospirillaceae",204441,"Rhodospirillales",28211,"Alphaproteobacteria",1224,"Proteobacteria",2,"Bacteria","","","gaccaacggt_accgttgcat_1",1096,1128,541453,541485,0.49,42.8,87.879,2,2
"NC_018532.1","complete",1118963,"plasmid",231551,"SAMN02603270","","","Arthrobacter sp. Rue61a","species","cellular organisms; Bacteria; Terrabacteria group; Actinobacteria; Actinobacteria; Micrococcales; Micrococcaceae; Arthrobacter; unclassified Arthrobacter",1118963,"Arthrobacter sp. Rue61a",1663,"Arthrobacter",1268,"Micrococcaceae",85006,"Micrococcales",1760,"Actinobacteria",201174,"Actinobacteria",2,"Bacteria","","","ccgggtatgc_agtagctctt_1",636,661,75597,75622,0.37,43.7,96.154,3,3
"NC_018686.1","complete",1195464,"plasmid",183210,"SAMN02603757","","","Bacillus thuringiensis MC28","strain","cellular organisms; Bacteria; Terrabacteria group; Firmicutes; Bacilli; Bacillales; Bacillaceae; Bacillus; Bacillus cereus group; Bacillus thuringiensis",1428,"Bacillus thuringiensis",1386,"Bacillus",186817,"Bacillaceae",1385,"Bacillales",91061,"Bacilli",1239,"Firmicutes",2,"Bacteria","rep3_1_rep63A(pAW63), BTH011655, ","","caatggtcca_atgtccaaaa_2",1060,1093,36840,36807,0.15,44.6,88.235,2,2
"NC_019121.1","complete",611,"plasmid",165791,"SAMN14226157","","","Salmonella enterica subsp. enterica serovar Heidelberg","","cellular organisms; Bacteria; Proteobacteria; Gammaproteobacteria; Enterobacterales; Enterobacteriaceae; Salmonella; Salmonella enterica; Salmonella enterica subsp. enterica",28901,"Salmonella enterica",590,"Salmonella",543,"Enterobacteriaceae",91347,"Enterobacterales",1236,"Gammaproteobacteria",1224,"Proteobacteria",2,"Bacteria","IncC_1, JN157804, ","","taggaacgac_gtccctcttg_4",178,315,155102,155240,0.4,41.9,68.531,42,42
"NC_019534.1","complete",817,"plasmid",12817,"SAMN14229338","","","Bacteroides fragilis","species","cellular organisms; Bacteria; FCB group; Bacteroidetes/Chlorobi group; Bacteroidetes; Bacteroidia; Bacteroidales; Bacteroidaceae; Bacteroides",817,"Bacteroides fragilis",816,"Bacteroides",815,"Bacteroidaceae",171549,"Bacteroidales",200643,"Bacteroidia",976,"Bacteroidetes",2,"Bacteria","","","ggccatcaat_ttatttaaat_2",1,750,2913,3662,0,1331,99.333,100,100
"NC_020548.1","",748247,"plasmid",737589,"SAMD00061029","","","Azoarcus sp. KH32C","species","cellular organisms; Bacteria; Proteobacteria; Betaproteobacteria; Rhodocyclales; Zoogloeaceae; Azoarcus; unclassified Azoarcus",748247,"Azoarcus sp. KH32C",12960,"Azoarcus",2008794,"Zoogloeaceae",206389,"Rhodocyclales",28216,"Betaproteobacteria",1224,"Proteobacteria",2,"Bacteria","","","gtgtaactgg_tgagttcaac_2",1213,2157,735758,734821,3.72e-119,435,70.995,84,43
"NC_021295.1","complete",758793,"plasmid",309692,"SAMD00012854","","","Burkholderia insecticola","species","cellular organisms; Bacteria; Proteobacteria; Betaproteobacteria; Burkholderiales; Burkholderiaceae; Burkholderia",758793,"Burkholderia insecticola",32008,"Burkholderia",119060,"Burkholderiaceae",80840,"Burkholderiales",28216,"Betaproteobacteria",1224,"Proteobacteria",2,"Bacteria","","","ttgaaagcaa_caattccgca_4",718,752,153956,153922,1.8,41.9,85.714,3,3
"NC_022049.1","complete",1367847,"plasmid",438126,"SAMN02604253","","","Paracoccus aminophilus JCM 7686","strain","cellular organisms; Bacteria; Proteobacteria; Alphaproteobacteria; Rhodobacterales; Rhodobacteraceae; Paracoccus; Paracoccus aminophilus",34003,"Paracoccus aminophilus",265,"Paracoccus",31989,"Rhodobacteraceae",204455,"Rhodobacterales",28211,"Alphaproteobacteria",1224,"Proteobacteria",2,"Bacteria","","","ggtcagcaag_gtatacgcta_2",82,359,132312,132035,8.07e-33,147,71.986,41,41
"NC_022111.1","complete",575614,"plasmid",1770419,"SAMN02463807","","Homo sapiens","Prevotella sp. oral taxon 299 str. F0039","strain","cellular organisms; Bacteria; FCB group; Bacteroidetes/Chlorobi group; Bacteroidetes; Bacteroidia; Bacteroidales; Prevotellaceae; Prevotella; unclassified Prevotella; Prevotella sp. oral taxon 299",652716,"Prevotella sp. oral taxon 299",838,"Prevotella",171552,"Prevotellaceae",171549,"Bacteroidales",200643,"Bacteroidia",976,"Bacteroidetes",2,"Bacteria","","","cgaggctcca_cgtcgcaata_2",48,399,914338,914688,3.27e-44,186,71.875,51,51
"NC_022111.1","complete",575614,"plasmid",1770419,"SAMN02463807","","Homo sapiens","Prevotella sp. oral taxon 299 str. F0039","strain","cellular organisms; Bacteria; FCB group; Bacteroidetes/Chlorobi group; Bacteroidetes; Bacteroidia; Bacteroidales; Prevotellaceae; Prevotella; unclassified Prevotella; Prevotella sp. oral taxon 299",652716,"Prevotella sp. oral taxon 299",838,"Prevotella",171552,"Prevotellaceae",171549,"Bacteroidales",200643,"Bacteroidia",976,"Bacteroidetes",2,"Bacteria","","","tttgtctaga_cgtgtaaaaa_3",31,135,1300737,1300841,2.64e-10,73.4,75.238,9,9
"NC_022111.1","complete",575614,"plasmid",1770419,"SAMN02463807","","Homo sapiens","Prevotella sp. oral taxon 299 str. F0039","strain","cellular organisms; Bacteria; FCB group; Bacteroidetes/Chlorobi group; Bacteroidetes; Bacteroidia; Bacteroidales; Prevotellaceae; Prevotella; unclassified Prevotella; Prevotella sp. oral taxon 299",652716,"Prevotella sp. oral taxon 299",838,"Prevotella",171552,"Prevotellaceae",171549,"Bacteroidales",200643,"Bacteroidia",976,"Bacteroidetes",2,"Bacteria","","","gactaagtca_aaaaacaggc_1",4,432,1757597,1758025,7.41e-38,166,68.531,26,26
"NC_023144.1","complete",1435356,"plasmid",361397,"","","","Rhodococcus pyridinivorans SB3094","strain","cellular organisms; Bacteria; Terrabacteria group; Actinobacteria; Actinobacteria; Corynebacteriales; Nocardiaceae; Rhodococcus; Rhodococcus pyridinivorans",103816,"Rhodococcus pyridinivorans",1827,"Rhodococcus",85025,"Nocardiaceae",85007,"Corynebacteriales",1760,"Actinobacteria",201174,"Actinobacteria",2,"Bacteria","","","cagccagcgc_atcggtgcgg_1",1316,1341,252617,252642,0.56,43.7,96.154,2,2
"NZ_AP014611.1","complete",615,"plasmid",169829,"SAMN14229182","","","Serratia marcescens","species","cellular organisms; Bacteria; Proteobacteria; Gammaproteobacteria; Enterobacterales; Yersiniaceae; Serratia",615,"Serratia marcescens",613,"Serratia",1903411,"Yersiniaceae",91347,"Enterobacterales",1236,"Gammaproteobacteria",1224,"Proteobacteria",2,"Bacteria","IncC_1, JN157804, ","","agagtggtat_tggcgccgtc_2",613,704,149499,149408,0.094,44.6,72.043,10,10
"NZ_AP014705.1","complete",270351,"plasmid",1571989,"SAMD00024788","","","Methylobacterium aquaticum","species","cellular organisms; Bacteria; Proteobacteria; Alphaproteobacteria; Rhizobiales; Methylobacteriaceae; Methylobacterium",270351,"Methylobacterium aquaticum",407,"Methylobacterium",119045,"Methylobacteriaceae",356,"Rhizobiales",28211,"Alphaproteobacteria",1224,"Proteobacteria",2,"Bacteria","","","ggacggggtt_gatagcgacg_2",836,1553,100530,101244,7.31e-95,354,71.701,45,45
"NZ_AP014828.1","complete",1617448,"plasmid",37779,"SAMD00027151","","","Geminocystis sp. NIES-3709","species","cellular organisms; Bacteria; Terrabacteria group; Cyanobacteria/Melainabacteria group; Cyanobacteria; Oscillatoriophycideae; Chroococcales; Chroococcaceae; Geminocystis; unclassified Geminocystis",1617448,"Geminocystis sp. NIES-3709",669357,"Geminocystis",1890464,"Chroococcaceae",1118,"Chroococcales",NA,"",1117,"Cyanobacteria",2,"Bacteria","","","gtacgaatca_aaaatcatac_6",60,94,10487,10521,0.005,50.9,91.429,2,2
"NZ_AP017561.1","complete",685565,"plasmid",214764,"SAMD00051590","","","Pseudanabaena sp. ABRG5-3","species","cellular organisms; Bacteria; Terrabacteria group; Cyanobacteria/Melainabacteria group; Cyanobacteria; Synechococcales; Pseudanabaenaceae; Pseudanabaena; unclassified Pseudanabaena",685565,"Pseudanabaena sp. ABRG5-3",1152,"Pseudanabaena",1890436,"Pseudanabaenaceae",1890424,"Synechococcales",NA,"",1117,"Cyanobacteria",2,"Bacteria","","","ttcgtttctc_tgtagcgcta_2",260,299,132489,132527,0.043,46.4,87.805,3,3
"NZ_AP017657.1","complete",120107,"plasmid",151712,"SAMD00053320","","","Sphingobium cloacae","species","cellular organisms; Bacteria; Proteobacteria; Alphaproteobacteria; Sphingomonadales; Sphingomonadaceae; Sphingobium",120107,"Sphingobium cloacae",165695,"Sphingobium",41297,"Sphingomonadaceae",204457,"Sphingomonadales",28211,"Alphaproteobacteria",1224,"Proteobacteria",2,"Bacteria","","","cgtaacctaa_ttagcaagta_1",413,437,106549,106573,0.02,46.4,100,4,4
"NZ_AP017961.1","complete",1827144,"plasmid",65838,"SAMD00051107","","","Synechococcus sp. NIES-970","species","cellular organisms; Bacteria; Terrabacteria group; Cyanobacteria/Melainabacteria group; Cyanobacteria; Synechococcales; Synechococcaceae; Synechococcus; unclassified Synechococcus",1827144,"Synechococcus sp. NIES-970",1129,"Synechococcus",1890426,"Synechococcaceae",1890424,"Synechococcales",NA,"",1117,"Cyanobacteria",2,"Bacteria","","","acttagccca_aaaccaaaaa_2",193,715,23988,24494,1.19e-44,187,67.675,60,60
"NZ_AP017961.1","complete",1827144,"plasmid",65838,"SAMD00051107","","","Synechococcus sp. NIES-970","species","cellular organisms; Bacteria; Terrabacteria group; Cyanobacteria/Melainabacteria group; Cyanobacteria; Synechococcales; Synechococcaceae; Synechococcus; unclassified Synechococcus",1827144,"Synechococcus sp. NIES-970",1129,"Synechococcus",1890426,"Synechococcaceae",1890424,"Synechococcales",NA,"",1117,"Cyanobacteria",2,"Bacteria","","","tattcaactg_ctaatctatc_2",282,836,23981,24535,1.64e-87,330,73.153,60,60
"NZ_AP018665.1","complete",135719,"plasmid",212396,"SAMD00116355","","","Sphingobium amiense","species","cellular organisms; Bacteria; Proteobacteria; Alphaproteobacteria; Sphingomonadales; Sphingomonadaceae; Sphingobium",135719,"Sphingobium amiense",165695,"Sphingobium",41297,"Sphingomonadaceae",204457,"Sphingomonadales",28211,"Alphaproteobacteria",1224,"Proteobacteria",2,"Bacteria","","","ctaattcttt_taaaaaggaa_1",499,530,207546,207512,0.15,44.6,88.571,2,2
"NZ_AP019725.1","complete",820,"plasmid",124183,"SAMD00169826","","Homo sapiens","Bacteroides uniformis","species","cellular organisms; Bacteria; FCB group; Bacteroidetes/Chlorobi group; Bacteroidetes; Bacteroidia; Bacteroidales; Bacteroidaceae; Bacteroides",820,"Bacteroides uniformis",816,"Bacteroides",815,"Bacteroidaceae",171549,"Bacteroidales",200643,"Bacteroidia",976,"Bacteroidetes",2,"Bacteria","","","tgccctagag_aataatccag_4",196,254,106800,106856,1.1,41.9,76.271,7,7
"NZ_AP019725.1","complete",820,"plasmid",124183,"SAMD00169826","","Homo sapiens","Bacteroides uniformis","species","cellular organisms; Bacteria; FCB group; Bacteroidetes/Chlorobi group; Bacteroidetes; Bacteroidia; Bacteroidales; Bacteroidaceae; Bacteroides",820,"Bacteroides uniformis",816,"Bacteroides",815,"Bacteroidaceae",171549,"Bacteroidales",200643,"Bacteroidia",976,"Bacteroidetes",2,"Bacteria","","","acttgagaaa_cctatcaact_1",196,254,106800,106856,1.1,41.9,76.271,7,7
"NZ_AP019725.1","complete",820,"plasmid",124183,"SAMD00169826","","Homo sapiens","Bacteroides uniformis","species","cellular organisms; Bacteria; FCB group; Bacteroidetes/Chlorobi group; Bacteroidetes; Bacteroidia; Bacteroidales; Bacteroidaceae; Bacteroides",820,"Bacteroides uniformis",816,"Bacteroides",815,"Bacteroidaceae",171549,"Bacteroidales",200643,"Bacteroidia",976,"Bacteroidetes",2,"Bacteria","","","ggagtttctt_gaacatggaa_1",205,263,106800,106856,1.2,41.9,76.271,7,7
"NZ_AP019725.1","complete",820,"plasmid",124183,"SAMD00169826","","Homo sapiens","Bacteroides uniformis","species","cellular organisms; Bacteria; FCB group; Bacteroidetes/Chlorobi group; Bacteroidetes; Bacteroidia; Bacteroidales; Bacteroidaceae; Bacteroides",820,"Bacteroides uniformis",816,"Bacteroides",815,"Bacteroidaceae",171549,"Bacteroidales",200643,"Bacteroidia",976,"Bacteroidetes",2,"Bacteria","","","tctacgtttc_gaaggtggaa_1",223,281,106800,106856,1.2,41.9,76.271,6,6
"NZ_AP019725.1","complete",820,"plasmid",124183,"SAMD00169826","","Homo sapiens","Bacteroides uniformis","species","cellular organisms; Bacteria; FCB group; Bacteroidetes/Chlorobi group; Bacteroidetes; Bacteroidia; Bacteroidales; Bacteroidaceae; Bacteroides",820,"Bacteroides uniformis",816,"Bacteroides",815,"Bacteroidaceae",171549,"Bacteroidales",200643,"Bacteroidia",976,"Bacteroidetes",2,"Bacteria","","","gcctgcaatc_acattaataa_2",196,254,106800,106856,1.1,41.9,76.271,7,7
"NZ_AP019725.1","complete",820,"plasmid",124183,"SAMD00169826","","Homo sapiens","Bacteroides uniformis","species","cellular organisms; Bacteria; FCB group; Bacteroidetes/Chlorobi group; Bacteroidetes; Bacteroidia; Bacteroidales; Bacteroidaceae; Bacteroides",820,"Bacteroides uniformis",816,"Bacteroides",815,"Bacteroidaceae",171549,"Bacteroidales",200643,"Bacteroidia",976,"Bacteroidetes",2,"Bacteria","","","actgctgggg_cacgcgcgta_2",241,299,106800,106856,1.2,41.9,76.271,6,6
"NZ_AP019725.1","complete",820,"plasmid",124183,"SAMD00169826","","Homo sapiens","Bacteroides uniformis","species","cellular organisms; Bacteria; FCB group; Bacteroidetes/Chlorobi group; Bacteroidetes; Bacteroidia; Bacteroidales; Bacteroidaceae; Bacteroides",820,"Bacteroides uniformis",816,"Bacteroides",815,"Bacteroidaceae",171549,"Bacteroidales",200643,"Bacteroidia",976,"Bacteroidetes",2,"Bacteria","","","tctaggacac_catttaggct_1",223,281,106800,106856,1.2,41.9,76.271,6,6
"NZ_AP019725.1","complete",820,"plasmid",124183,"SAMD00169826","","Homo sapiens","Bacteroides uniformis","species","cellular organisms; Bacteria; FCB group; Bacteroidetes/Chlorobi group; Bacteroidetes; Bacteroidia; Bacteroidales; Bacteroidaceae; Bacteroides",820,"Bacteroides uniformis",816,"Bacteroides",815,"Bacteroidaceae",171549,"Bacteroidales",200643,"Bacteroidia",976,"Bacteroidetes",2,"Bacteria","","","ctctgcaaga_agcgttaccg_2",229,287,106800,106856,1.2,41.9,76.271,6,6
"NZ_AP019725.1","complete",820,"plasmid",124183,"SAMD00169826","","Homo sapiens","Bacteroides uniformis","species","cellular organisms; Bacteria; FCB group; Bacteroidetes/Chlorobi group; Bacteroidetes; Bacteroidia; Bacteroidales; Bacteroidaceae; Bacteroides",820,"Bacteroides uniformis",816,"Bacteroides",815,"Bacteroidaceae",171549,"Bacteroidales",200643,"Bacteroidia",976,"Bacteroidetes",2,"Bacteria","","","cccaagcgtt_aatgaccgga_2",244,302,106800,106856,1.2,41.9,76.271,6,6
"NZ_AP019725.1","complete",820,"plasmid",124183,"SAMD00169826","","Homo sapiens","Bacteroides uniformis","species","cellular organisms; Bacteria; FCB group; Bacteroidetes/Chlorobi group; Bacteroidetes; Bacteroidia; Bacteroidales; Bacteroidaceae; Bacteroides",820,"Bacteroides uniformis",816,"Bacteroides",815,"Bacteroidaceae",171549,"Bacteroidales",200643,"Bacteroidia",976,"Bacteroidetes",2,"Bacteria","","","gcacattcgc_gttctcgcag_2",196,254,106800,106856,0.72,41.9,76.271,10,10
"NZ_AP019725.1","complete",820,"plasmid",124183,"SAMD00169826","","Homo sapiens","Bacteroides uniformis","species","cellular organisms; Bacteria; FCB group; Bacteroidetes/Chlorobi group; Bacteroidetes; Bacteroidia; Bacteroidales; Bacteroidaceae; Bacteroides",820,"Bacteroides uniformis",816,"Bacteroides",815,"Bacteroidaceae",171549,"Bacteroidales",200643,"Bacteroidia",976,"Bacteroidetes",2,"Bacteria","","","gtgattctcc_gagacgtagc_2",196,254,106800,106856,1.1,41.9,76.271,7,7
"NZ_AP019725.1","complete",820,"plasmid",124183,"SAMD00169826","","Homo sapiens","Bacteroides uniformis","species","cellular organisms; Bacteria; FCB group; Bacteroidetes/Chlorobi group; Bacteroidetes; Bacteroidia; Bacteroidales; Bacteroidaceae; Bacteroides",820,"Bacteroides uniformis",816,"Bacteroides",815,"Bacteroidaceae",171549,"Bacteroidales",200643,"Bacteroidia",976,"Bacteroidetes",2,"Bacteria","","","attagttacc_tcatttgact_2",196,254,106800,106856,1.1,41.9,76.271,7,7
"NZ_AP019725.1","complete",820,"plasmid",124183,"SAMD00169826","","Homo sapiens","Bacteroides uniformis","species","cellular organisms; Bacteria; FCB group; Bacteroidetes/Chlorobi group; Bacteroidetes; Bacteroidia; Bacteroidales; Bacteroidaceae; Bacteroides",820,"Bacteroides uniformis",816,"Bacteroides",815,"Bacteroidaceae",171549,"Bacteroidales",200643,"Bacteroidia",976,"Bacteroidetes",2,"Bacteria","","","gtcgctctcc_ctgggattag_2",196,254,106800,106856,1.1,41.9,76.271,7,7
"NZ_AP019725.1","complete",820,"plasmid",124183,"SAMD00169826","","Homo sapiens","Bacteroides uniformis","species","cellular organisms; Bacteria; FCB group; Bacteroidetes/Chlorobi group; Bacteroidetes; Bacteroidia; Bacteroidales; Bacteroidaceae; Bacteroides",820,"Bacteroides uniformis",816,"Bacteroides",815,"Bacteroidaceae",171549,"Bacteroidales",200643,"Bacteroidia",976,"Bacteroidetes",2,"Bacteria","","","gtgtggcttc_actaactttt_1",223,281,106800,106856,1.2,41.9,76.271,6,6
"NZ_AP019725.1","complete",820,"plasmid",124183,"SAMD00169826","","Homo sapiens","Bacteroides uniformis","species","cellular organisms; Bacteria; FCB group; Bacteroidetes/Chlorobi group; Bacteroidetes; Bacteroidia; Bacteroidales; Bacteroidaceae; Bacteroides",820,"Bacteroides uniformis",816,"Bacteroides",815,"Bacteroidaceae",171549,"Bacteroidales",200643,"Bacteroidia",976,"Bacteroidetes",2,"Bacteria","","","gtcattagcg_tgtcgacaga_1",205,263,106800,106856,1.2,41.9,76.271,7,7
"NZ_AP019725.1","complete",820,"plasmid",124183,"SAMD00169826","","Homo sapiens","Bacteroides uniformis","species","cellular organisms; Bacteria; FCB group; Bacteroidetes/Chlorobi group; Bacteroidetes; Bacteroidia; Bacteroidales; Bacteroidaceae; Bacteroides",820,"Bacteroides uniformis",816,"Bacteroides",815,"Bacteroidaceae",171549,"Bacteroidales",200643,"Bacteroidia",976,"Bacteroidetes",2,"Bacteria","","","ctatcttcga_atttcctaag_2",196,254,106800,106856,1.1,41.9,76.271,7,7
"NZ_AP019725.1","complete",820,"plasmid",124183,"SAMD00169826","","Homo sapiens","Bacteroides uniformis","species","cellular organisms; Bacteria; FCB group; Bacteroidetes/Chlorobi group; Bacteroidetes; Bacteroidia; Bacteroidales; Bacteroidaceae; Bacteroides",820,"Bacteroides uniformis",816,"Bacteroides",815,"Bacteroidaceae",171549,"Bacteroidales",200643,"Bacteroidia",976,"Bacteroidetes",2,"Bacteria","","","ctagactccc_tagaaagcaa_1",205,263,106800,106856,1.2,41.9,76.271,7,7
"NZ_AP019725.1","complete",820,"plasmid",124183,"SAMD00169826","","Homo sapiens","Bacteroides uniformis","species","cellular organisms; Bacteria; FCB group; Bacteroidetes/Chlorobi group; Bacteroidetes; Bacteroidia; Bacteroidales; Bacteroidaceae; Bacteroides",820,"Bacteroides uniformis",816,"Bacteroides",815,"Bacteroidaceae",171549,"Bacteroidales",200643,"Bacteroidia",976,"Bacteroidetes",2,"Bacteria","","","ctctgtctat_aatattcggt_2",229,287,106800,106856,1.2,41.9,76.271,6,6
"NZ_AP019725.1","complete",820,"plasmid",124183,"SAMD00169826","","Homo sapiens","Bacteroides uniformis","species","cellular organisms; Bacteria; FCB group; Bacteroidetes/Chlorobi group; Bacteroidetes; Bacteroidia; Bacteroidales; Bacteroidaceae; Bacteroides",820,"Bacteroides uniformis",816,"Bacteroides",815,"Bacteroidaceae",171549,"Bacteroidales",200643,"Bacteroidia",976,"Bacteroidetes",2,"Bacteria","","","agaatattct_ataaaattga_1",223,281,106800,106856,1.2,41.9,76.271,6,6
"NZ_AP019725.1","complete",820,"plasmid",124183,"SAMD00169826","","Homo sapiens","Bacteroides uniformis","species","cellular organisms; Bacteria; FCB group; Bacteroidetes/Chlorobi group; Bacteroidetes; Bacteroidia; Bacteroidales; Bacteroidaceae; Bacteroides",820,"Bacteroides uniformis",816,"Bacteroides",815,"Bacteroidaceae",171549,"Bacteroidales",200643,"Bacteroidia",976,"Bacteroidetes",2,"Bacteria","","","tccgttccat_aggtgggaga_2",196,254,106800,106856,1.1,41.9,76.271,7,7
"NZ_AP019725.1","complete",820,"plasmid",124183,"SAMD00169826","","Homo sapiens","Bacteroides uniformis","species","cellular organisms; Bacteria; FCB group; Bacteroidetes/Chlorobi group; Bacteroidetes; Bacteroidia; Bacteroidales; Bacteroidaceae; Bacteroides",820,"Bacteroides uniformis",816,"Bacteroides",815,"Bacteroidaceae",171549,"Bacteroidales",200643,"Bacteroidia",976,"Bacteroidetes",2,"Bacteria","","","attattgctt_ttgagcatgc_1",223,281,106800,106856,1.2,41.9,76.271,6,6
"NZ_AP022607.1","",43348,"plasmid",864257,"SAMD00153181","","","Mycobacterium branderi","species","cellular organisms; Bacteria; Terrabacteria group; Actinobacteria; Actinobacteria; Corynebacteriales; Mycobacteriaceae; Mycobacterium",43348,"Mycobacterium branderi",1763,"Mycobacterium",1762,"Mycobacteriaceae",85007,"Corynebacteriales",1760,"Actinobacteria",201174,"Actinobacteria",2,"Bacteria","","","tgactcagtc_ctagtagaga_5",13,51,89288,89330,0.016,46.4,86.047,7,7
"NZ_AP023206.1","complete",562,"plasmid",404189,"SAMD00172788","","Homo sapiens","Escherichia coli","species","cellular organisms; Bacteria; Proteobacteria; Gammaproteobacteria; Enterobacterales; Enterobacteriaceae; Escherichia",562,"Escherichia coli",561,"Escherichia",543,"Enterobacteriaceae",91347,"Enterobacterales",1236,"Gammaproteobacteria",1224,"Proteobacteria",2,"Bacteria","","","aactcggtta_ctcagctaat_2",64,156,89245,89153,0.13,42.8,69.892,25,25
"NZ_AP023206.1","complete",562,"plasmid",404189,"SAMD00172788","","Homo sapiens","Escherichia coli","species","cellular organisms; Bacteria; Proteobacteria; Gammaproteobacteria; Enterobacterales; Enterobacteriaceae; Escherichia",562,"Escherichia coli",561,"Escherichia",543,"Enterobacteriaceae",91347,"Enterobacterales",1236,"Gammaproteobacteria",1224,"Proteobacteria",2,"Bacteria","","","gacaggtttg_ctccttcgcc_2",64,156,89245,89153,0.000258,51.8,72.043,24,24
"NZ_AP023206.1","complete",562,"plasmid",404189,"SAMD00172788","","Homo sapiens","Escherichia coli","species","cellular organisms; Bacteria; Proteobacteria; Gammaproteobacteria; Enterobacterales; Enterobacteriaceae; Escherichia",562,"Escherichia coli",561,"Escherichia",543,"Enterobacteriaceae",91347,"Enterobacterales",1236,"Gammaproteobacteria",1224,"Proteobacteria",2,"Bacteria","","","ctctttactt_gccacgcaat_2",64,156,89245,89153,0.000258,51.8,72.043,24,24
"NZ_AP023206.1","complete",562,"plasmid",404189,"SAMD00172788","","Homo sapiens","Escherichia coli","species","cellular organisms; Bacteria; Proteobacteria; Gammaproteobacteria; Enterobacterales; Enterobacteriaceae; Escherichia",562,"Escherichia coli",561,"Escherichia",543,"Enterobacteriaceae",91347,"Enterobacterales",1236,"Gammaproteobacteria",1224,"Proteobacteria",2,"Bacteria","","","tgtcctctgc_gactccaacc_2",64,156,89245,89153,0.000258,51.8,72.043,24,24
"NZ_AP023206.1","complete",562,"plasmid",404189,"SAMD00172788","","Homo sapiens","Escherichia coli","species","cellular organisms; Bacteria; Proteobacteria; Gammaproteobacteria; Enterobacterales; Enterobacteriaceae; Escherichia",562,"Escherichia coli",561,"Escherichia",543,"Enterobacteriaceae",91347,"Enterobacterales",1236,"Gammaproteobacteria",1224,"Proteobacteria",2,"Bacteria","","","actcatggaa_gatgttgtca_2",64,156,89245,89153,0.13,42.8,69.892,25,25
"NZ_AP023206.1","complete",562,"plasmid",404189,"SAMD00172788","","Homo sapiens","Escherichia coli","species","cellular organisms; Bacteria; Proteobacteria; Gammaproteobacteria; Enterobacterales; Enterobacteriaceae; Escherichia",562,"Escherichia coli",561,"Escherichia",543,"Enterobacteriaceae",91347,"Enterobacterales",1236,"Gammaproteobacteria",1224,"Proteobacteria",2,"Bacteria","","","aattctttcc_cgatcaaact_2",64,156,89245,89153,0.000247,51.8,72.043,25,25
"NZ_AP023206.1","complete",562,"plasmid",404189,"SAMD00172788","","Homo sapiens","Escherichia coli","species","cellular organisms; Bacteria; Proteobacteria; Gammaproteobacteria; Enterobacterales; Enterobacteriaceae; Escherichia",562,"Escherichia coli",561,"Escherichia",543,"Enterobacteriaceae",91347,"Enterobacterales",1236,"Gammaproteobacteria",1224,"Proteobacteria",2,"Bacteria","","","ccttcaaagt_aatatggaca_2",1,920,25233,24314,0,799,79.239,99,99
"NZ_AP023206.1","complete",562,"plasmid",404189,"SAMD00172788","","Homo sapiens","Escherichia coli","species","cellular organisms; Bacteria; Proteobacteria; Gammaproteobacteria; Enterobacterales; Enterobacteriaceae; Escherichia",562,"Escherichia coli",561,"Escherichia",543,"Enterobacteriaceae",91347,"Enterobacterales",1236,"Gammaproteobacteria",1224,"Proteobacteria",2,"Bacteria","","","ccatttgttg_gagcatacca_2",64,156,89245,89153,0.13,42.8,69.892,25,25
"NZ_AP023206.1","complete",562,"plasmid",404189,"SAMD00172788","","Homo sapiens","Escherichia coli","species","cellular organisms; Bacteria; Proteobacteria; Gammaproteobacteria; Enterobacterales; Enterobacteriaceae; Escherichia",562,"Escherichia coli",561,"Escherichia",543,"Enterobacteriaceae",91347,"Enterobacterales",1236,"Gammaproteobacteria",1224,"Proteobacteria",2,"Bacteria","","","cgtgctagga_aaagatactg_2",64,156,89245,89153,0.13,42.8,69.892,25,25
"NZ_AP023206.1","complete",562,"plasmid",404189,"SAMD00172788","","Homo sapiens","Escherichia coli","species","cellular organisms; Bacteria; Proteobacteria; Gammaproteobacteria; Enterobacterales; Enterobacteriaceae; Escherichia",562,"Escherichia coli",561,"Escherichia",543,"Enterobacteriaceae",91347,"Enterobacterales",1236,"Gammaproteobacteria",1224,"Proteobacteria",2,"Bacteria","","","ggacgctgta_gaacaaacgt_2",64,156,89245,89153,0.000258,51.8,72.043,24,24
"NZ_AP023206.1","complete",562,"plasmid",404189,"SAMD00172788","","Homo sapiens","Escherichia coli","species","cellular organisms; Bacteria; Proteobacteria; Gammaproteobacteria; Enterobacterales; Enterobacteriaceae; Escherichia",562,"Escherichia coli",561,"Escherichia",543,"Enterobacteriaceae",91347,"Enterobacterales",1236,"Gammaproteobacteria",1224,"Proteobacteria",2,"Bacteria","","","acaatttccg_tatcggacaa_2",64,156,89245,89153,0.13,42.8,69.892,25,25
"NZ_AP023206.1","complete",562,"plasmid",404189,"SAMD00172788","","Homo sapiens","Escherichia coli","species","cellular organisms; Bacteria; Proteobacteria; Gammaproteobacteria; Enterobacterales; Enterobacteriaceae; Escherichia",562,"Escherichia coli",561,"Escherichia",543,"Enterobacteriaceae",91347,"Enterobacterales",1236,"Gammaproteobacteria",1224,"Proteobacteria",2,"Bacteria","","","gtcgtgttac_cgagacaatc_2",1,920,25233,24314,0,799,79.239,99,99
"NZ_AP023206.1","complete",562,"plasmid",404189,"SAMD00172788","","Homo sapiens","Escherichia coli","species","cellular organisms; Bacteria; Proteobacteria; Gammaproteobacteria; Enterobacterales; Enterobacteriaceae; Escherichia",562,"Escherichia coli",561,"Escherichia",543,"Enterobacteriaceae",91347,"Enterobacterales",1236,"Gammaproteobacteria",1224,"Proteobacteria",2,"Bacteria","","","agaaggcgat_gccgtaccac_2",64,156,89245,89153,0.13,42.8,69.892,25,25
"NZ_AP023206.1","complete",562,"plasmid",404189,"SAMD00172788","","Homo sapiens","Escherichia coli","species","cellular organisms; Bacteria; Proteobacteria; Gammaproteobacteria; Enterobacterales; Enterobacteriaceae; Escherichia",562,"Escherichia coli",561,"Escherichia",543,"Enterobacteriaceae",91347,"Enterobacterales",1236,"Gammaproteobacteria",1224,"Proteobacteria",2,"Bacteria","","","cggcgggcta_cgtagtagtt_2",64,156,89245,89153,0.000249,51.8,72.043,25,25
"NZ_AP023206.1","complete",562,"plasmid",404189,"SAMD00172788","","Homo sapiens","Escherichia coli","species","cellular organisms; Bacteria; Proteobacteria; Gammaproteobacteria; Enterobacterales; Enterobacteriaceae; Escherichia",562,"Escherichia coli",561,"Escherichia",543,"Enterobacteriaceae",91347,"Enterobacterales",1236,"Gammaproteobacteria",1224,"Proteobacteria",2,"Bacteria","","","ccgcttggtc_gatggctaga_2",64,156,89245,89153,0.000258,51.8,72.043,24,24
"NZ_AP023206.1","complete",562,"plasmid",404189,"SAMD00172788","","Homo sapiens","Escherichia coli","species","cellular organisms; Bacteria; Proteobacteria; Gammaproteobacteria; Enterobacterales; Enterobacteriaceae; Escherichia",562,"Escherichia coli",561,"Escherichia",543,"Enterobacteriaceae",91347,"Enterobacterales",1236,"Gammaproteobacteria",1224,"Proteobacteria",2,"Bacteria","","","tccattctta_cattacaact_2",64,156,89245,89153,0.13,42.8,69.892,25,25
"NZ_AP023206.1","complete",562,"plasmid",404189,"SAMD00172788","","Homo sapiens","Escherichia coli","species","cellular organisms; Bacteria; Proteobacteria; Gammaproteobacteria; Enterobacterales; Enterobacteriaceae; Escherichia",562,"Escherichia coli",561,"Escherichia",543,"Enterobacteriaceae",91347,"Enterobacterales",1236,"Gammaproteobacteria",1224,"Proteobacteria",2,"Bacteria","","","ccagttctct_atcgacatat_2",64,156,89245,89153,0.000258,51.8,72.043,24,24
"NZ_AP023206.1","complete",562,"plasmid",404189,"SAMD00172788","","Homo sapiens","Escherichia coli","species","cellular organisms; Bacteria; Proteobacteria; Gammaproteobacteria; Enterobacterales; Enterobacteriaceae; Escherichia",562,"Escherichia coli",561,"Escherichia",543,"Enterobacteriaceae",91347,"Enterobacterales",1236,"Gammaproteobacteria",1224,"Proteobacteria",2,"Bacteria","","","cagttttgta_cacagggcag_2",64,156,89245,89153,0.000258,51.8,72.043,24,24
"NZ_AP023206.1","complete",562,"plasmid",404189,"SAMD00172788","","Homo sapiens","Escherichia coli","species","cellular organisms; Bacteria; Proteobacteria; Gammaproteobacteria; Enterobacterales; Enterobacteriaceae; Escherichia",562,"Escherichia coli",561,"Escherichia",543,"Enterobacteriaceae",91347,"Enterobacterales",1236,"Gammaproteobacteria",1224,"Proteobacteria",2,"Bacteria","","","agccgcttga_gagtcgtctc_2",64,156,89245,89153,0.000258,51.8,72.043,24,24
"NZ_AP023206.1","complete",562,"plasmid",404189,"SAMD00172788","","Homo sapiens","Escherichia coli","species","cellular organisms; Bacteria; Proteobacteria; Gammaproteobacteria; Enterobacterales; Enterobacteriaceae; Escherichia",562,"Escherichia coli",561,"Escherichia",543,"Enterobacteriaceae",91347,"Enterobacterales",1236,"Gammaproteobacteria",1224,"Proteobacteria",2,"Bacteria","","","tgtttcatac_ccacctggac_2",64,156,89245,89153,0.073,42.8,69.892,42,42
"NZ_AP023206.1","complete",562,"plasmid",404189,"SAMD00172788","","Homo sapiens","Escherichia coli","species","cellular organisms; Bacteria; Proteobacteria; Gammaproteobacteria; Enterobacterales; Enterobacteriaceae; Escherichia",562,"Escherichia coli",561,"Escherichia",543,"Enterobacteriaceae",91347,"Enterobacterales",1236,"Gammaproteobacteria",1224,"Proteobacteria",2,"Bacteria","","","gtccattaaa_agtgtgatag_2",64,156,89245,89153,0.13,42.8,69.892,25,25
"NZ_AP023206.1","complete",562,"plasmid",404189,"SAMD00172788","","Homo sapiens","Escherichia coli","species","cellular organisms; Bacteria; Proteobacteria; Gammaproteobacteria; Enterobacterales; Enterobacteriaceae; Escherichia",562,"Escherichia coli",561,"Escherichia",543,"Enterobacteriaceae",91347,"Enterobacterales",1236,"Gammaproteobacteria",1224,"Proteobacteria",2,"Bacteria","","","tataatcgtc_ccatgtccga_1",1,939,25579,24639,0,1605,97.981,100,100
"NZ_AP023206.1","complete",562,"plasmid",404189,"SAMD00172788","","Homo sapiens","Escherichia coli","species","cellular organisms; Bacteria; Proteobacteria; Gammaproteobacteria; Enterobacterales; Enterobacteriaceae; Escherichia",562,"Escherichia coli",561,"Escherichia",543,"Enterobacteriaceae",91347,"Enterobacterales",1236,"Gammaproteobacteria",1224,"Proteobacteria",2,"Bacteria","","","ttaaggggct_ttgccaccat_2",64,156,89245,89153,0.000258,51.8,72.043,24,24
"NZ_AP023206.1","complete",562,"plasmid",404189,"SAMD00172788","","Homo sapiens","Escherichia coli","species","cellular organisms; Bacteria; Proteobacteria; Gammaproteobacteria; Enterobacterales; Enterobacteriaceae; Escherichia",562,"Escherichia coli",561,"Escherichia",543,"Enterobacteriaceae",91347,"Enterobacterales",1236,"Gammaproteobacteria",1224,"Proteobacteria",2,"Bacteria","","","agttccccta_attaataaca_2",64,156,89245,89153,0.000258,51.8,72.043,24,24
"NZ_AP023206.1","complete",562,"plasmid",404189,"SAMD00172788","","Homo sapiens","Escherichia coli","species","cellular organisms; Bacteria; Proteobacteria; Gammaproteobacteria; Enterobacterales; Enterobacteriaceae; Escherichia",562,"Escherichia coli",561,"Escherichia",543,"Enterobacteriaceae",91347,"Enterobacterales",1236,"Gammaproteobacteria",1224,"Proteobacteria",2,"Bacteria","","","tcgttactgg_ttaaaggtcc_2",64,156,89245,89153,0.000258,51.8,72.043,24,24
"NZ_AP023206.1","complete",562,"plasmid",404189,"SAMD00172788","","Homo sapiens","Escherichia coli","species","cellular organisms; Bacteria; Proteobacteria; Gammaproteobacteria; Enterobacterales; Enterobacteriaceae; Escherichia",562,"Escherichia coli",561,"Escherichia",543,"Enterobacteriaceae",91347,"Enterobacterales",1236,"Gammaproteobacteria",1224,"Proteobacteria",2,"Bacteria","","","agaggcagga_tagagtaaac_2",64,156,89245,89153,0.13,42.8,69.892,25,25
"NZ_AP023206.1","complete",562,"plasmid",404189,"SAMD00172788","","Homo sapiens","Escherichia coli","species","cellular organisms; Bacteria; Proteobacteria; Gammaproteobacteria; Enterobacterales; Enterobacteriaceae; Escherichia",562,"Escherichia coli",561,"Escherichia",543,"Enterobacteriaceae",91347,"Enterobacterales",1236,"Gammaproteobacteria",1224,"Proteobacteria",2,"Bacteria","","","ggcacgacag_tcattcacaa_2",64,156,89245,89153,0.13,42.8,69.892,25,25
"NZ_AP023206.1","complete",562,"plasmid",404189,"SAMD00172788","","Homo sapiens","Escherichia coli","species","cellular organisms; Bacteria; Proteobacteria; Gammaproteobacteria; Enterobacterales; Enterobacteriaceae; Escherichia",562,"Escherichia coli",561,"Escherichia",543,"Enterobacteriaceae",91347,"Enterobacterales",1236,"Gammaproteobacteria",1224,"Proteobacteria",2,"Bacteria","","","gccttcgtac_acttcgctga_2",64,156,89245,89153,0.13,42.8,69.892,25,25
"NZ_AP023206.1","complete",562,"plasmid",404189,"SAMD00172788","","Homo sapiens","Escherichia coli","species","cellular organisms; Bacteria; Proteobacteria; Gammaproteobacteria; Enterobacterales; Enterobacteriaceae; Escherichia",562,"Escherichia coli",561,"Escherichia",543,"Enterobacteriaceae",91347,"Enterobacterales",1236,"Gammaproteobacteria",1224,"Proteobacteria",2,"Bacteria","","","tttgagtacc_aaagcattag_2",64,156,89245,89153,0.13,42.8,69.892,25,25
"NZ_AP023206.1","complete",562,"plasmid",404189,"SAMD00172788","","Homo sapiens","Escherichia coli","species","cellular organisms; Bacteria; Proteobacteria; Gammaproteobacteria; Enterobacterales; Enterobacteriaceae; Escherichia",562,"Escherichia coli",561,"Escherichia",543,"Enterobacteriaceae",91347,"Enterobacterales",1236,"Gammaproteobacteria",1224,"Proteobacteria",2,"Bacteria","","","tgtttaactg_ctgagaccag_2",64,156,89245,89153,0.000258,51.8,72.043,24,24
"NZ_AP023206.1","complete",562,"plasmid",404189,"SAMD00172788","","Homo sapiens","Escherichia coli","species","cellular organisms; Bacteria; Proteobacteria; Gammaproteobacteria; Enterobacterales; Enterobacteriaceae; Escherichia",562,"Escherichia coli",561,"Escherichia",543,"Enterobacteriaceae",91347,"Enterobacterales",1236,"Gammaproteobacteria",1224,"Proteobacteria",2,"Bacteria","","","tacaagctct_gaacggctac_2",64,156,89245,89153,0.000258,51.8,72.043,24,24
"NZ_AP023206.1","complete",562,"plasmid",404189,"SAMD00172788","","Homo sapiens","Escherichia coli","species","cellular organisms; Bacteria; Proteobacteria; Gammaproteobacteria; Enterobacterales; Enterobacteriaceae; Escherichia",562,"Escherichia coli",561,"Escherichia",543,"Enterobacteriaceae",91347,"Enterobacterales",1236,"Gammaproteobacteria",1224,"Proteobacteria",2,"Bacteria","","","ggttttccgc_gtaatcacca_2",64,156,89245,89153,0.073,42.8,69.892,42,42
"NZ_AP023206.1","complete",562,"plasmid",404189,"SAMD00172788","","Homo sapiens","Escherichia coli","species","cellular organisms; Bacteria; Proteobacteria; Gammaproteobacteria; Enterobacterales; Enterobacteriaceae; Escherichia",562,"Escherichia coli",561,"Escherichia",543,"Enterobacteriaceae",91347,"Enterobacterales",1236,"Gammaproteobacteria",1224,"Proteobacteria",2,"Bacteria","","","tctattcaga_taacgagtgg_2",64,156,89245,89153,0.13,42.8,69.892,25,25
"NZ_AP023206.1","complete",562,"plasmid",404189,"SAMD00172788","","Homo sapiens","Escherichia coli","species","cellular organisms; Bacteria; Proteobacteria; Gammaproteobacteria; Enterobacterales; Enterobacteriaceae; Escherichia",562,"Escherichia coli",561,"Escherichia",543,"Enterobacteriaceae",91347,"Enterobacterales",1236,"Gammaproteobacteria",1224,"Proteobacteria",2,"Bacteria","","","tacattagta_agtagcctaa_2",64,156,89245,89153,0.13,42.8,69.892,25,25
"NZ_AP023206.1","complete",562,"plasmid",404189,"SAMD00172788","","Homo sapiens","Escherichia coli","species","cellular organisms; Bacteria; Proteobacteria; Gammaproteobacteria; Enterobacterales; Enterobacteriaceae; Escherichia",562,"Escherichia coli",561,"Escherichia",543,"Enterobacteriaceae",91347,"Enterobacterales",1236,"Gammaproteobacteria",1224,"Proteobacteria",2,"Bacteria","","","actttggatt_gctggggcgg_1",28,1229,25515,24314,0,1059,79.534,97,97
"NZ_AP023206.1","complete",562,"plasmid",404189,"SAMD00172788","","Homo sapiens","Escherichia coli","species","cellular organisms; Bacteria; Proteobacteria; Gammaproteobacteria; Enterobacterales; Enterobacteriaceae; Escherichia",562,"Escherichia coli",561,"Escherichia",543,"Enterobacteriaceae",91347,"Enterobacterales",1236,"Gammaproteobacteria",1224,"Proteobacteria",2,"Bacteria","","","gcattcagta_acgagactct_2",64,156,89245,89153,0.13,42.8,69.892,25,25
"NZ_AP023206.1","complete",562,"plasmid",404189,"SAMD00172788","","Homo sapiens","Escherichia coli","species","cellular organisms; Bacteria; Proteobacteria; Gammaproteobacteria; Enterobacterales; Enterobacteriaceae; Escherichia",562,"Escherichia coli",561,"Escherichia",543,"Enterobacteriaceae",91347,"Enterobacterales",1236,"Gammaproteobacteria",1224,"Proteobacteria",2,"Bacteria","","","tctcgtcttt_gtcattcgcc_2",64,156,89245,89153,0.13,42.8,69.892,25,25
"NZ_AP023206.1","complete",562,"plasmid",404189,"SAMD00172788","","Homo sapiens","Escherichia coli","species","cellular organisms; Bacteria; Proteobacteria; Gammaproteobacteria; Enterobacterales; Enterobacteriaceae; Escherichia",562,"Escherichia coli",561,"Escherichia",543,"Enterobacteriaceae",91347,"Enterobacterales",1236,"Gammaproteobacteria",1224,"Proteobacteria",2,"Bacteria","","","tctctttgat_gaaccgataa_2",64,156,89245,89153,0.13,42.8,69.892,25,25
"NZ_AP023206.1","complete",562,"plasmid",404189,"SAMD00172788","","Homo sapiens","Escherichia coli","species","cellular organisms; Bacteria; Proteobacteria; Gammaproteobacteria; Enterobacterales; Enterobacteriaceae; Escherichia",562,"Escherichia coli",561,"Escherichia",543,"Enterobacteriaceae",91347,"Enterobacterales",1236,"Gammaproteobacteria",1224,"Proteobacteria",2,"Bacteria","","","tagctatact_acttaacacg_2",64,156,89245,89153,0.13,42.8,69.892,25,25
"NZ_AP023206.1","complete",562,"plasmid",404189,"SAMD00172788","","Homo sapiens","Escherichia coli","species","cellular organisms; Bacteria; Proteobacteria; Gammaproteobacteria; Enterobacterales; Enterobacteriaceae; Escherichia",562,"Escherichia coli",561,"Escherichia",543,"Enterobacteriaceae",91347,"Enterobacterales",1236,"Gammaproteobacteria",1224,"Proteobacteria",2,"Bacteria","","","cttcagcatc_acaatcacca_2",64,156,89245,89153,0.13,42.8,69.892,25,25
"NZ_AP023206.1","complete",562,"plasmid",404189,"SAMD00172788","","Homo sapiens","Escherichia coli","species","cellular organisms; Bacteria; Proteobacteria; Gammaproteobacteria; Enterobacterales; Enterobacteriaceae; Escherichia",562,"Escherichia coli",561,"Escherichia",543,"Enterobacteriaceae",91347,"Enterobacterales",1236,"Gammaproteobacteria",1224,"Proteobacteria",2,"Bacteria","","","gagagtaaat_atacatgctc_2",1,370,89296,88928,1.15e-116,425,85.676,93,93
"NZ_AP023206.1","complete",562,"plasmid",404189,"SAMD00172788","","Homo sapiens","Escherichia coli","species","cellular organisms; Bacteria; Proteobacteria; Gammaproteobacteria; Enterobacterales; Enterobacteriaceae; Escherichia",562,"Escherichia coli",561,"Escherichia",543,"Enterobacteriaceae",91347,"Enterobacterales",1236,"Gammaproteobacteria",1224,"Proteobacteria",2,"Bacteria","","","aactcattct_atcgtcgagt_2",64,156,89245,89153,0.13,42.8,69.892,25,25
"NZ_AP023206.1","complete",562,"plasmid",404189,"SAMD00172788","","Homo sapiens","Escherichia coli","species","cellular organisms; Bacteria; Proteobacteria; Gammaproteobacteria; Enterobacterales; Enterobacteriaceae; Escherichia",562,"Escherichia coli",561,"Escherichia",543,"Enterobacteriaceae",91347,"Enterobacterales",1236,"Gammaproteobacteria",1224,"Proteobacteria",2,"Bacteria","","","tcttaggttg_acttgtgcgg_2",64,156,89245,89153,0.000258,51.8,72.043,24,24
"NZ_AP023206.1","complete",562,"plasmid",404189,"SAMD00172788","","Homo sapiens","Escherichia coli","species","cellular organisms; Bacteria; Proteobacteria; Gammaproteobacteria; Enterobacterales; Enterobacteriaceae; Escherichia",562,"Escherichia coli",561,"Escherichia",543,"Enterobacteriaceae",91347,"Enterobacterales",1236,"Gammaproteobacteria",1224,"Proteobacteria",2,"Bacteria","","","gtataagtca_aaaagaaacg_2",64,156,89245,89153,0.13,42.8,69.892,25,25
"NZ_AP023206.1","complete",562,"plasmid",404189,"SAMD00172788","","Homo sapiens","Escherichia coli","species","cellular organisms; Bacteria; Proteobacteria; Gammaproteobacteria; Enterobacterales; Enterobacteriaceae; Escherichia",562,"Escherichia coli",561,"Escherichia",543,"Enterobacteriaceae",91347,"Enterobacterales",1236,"Gammaproteobacteria",1224,"Proteobacteria",2,"Bacteria","","","ctttcaggtc_gtccgggcgt_2",64,156,89245,89153,0.000258,51.8,72.043,24,24
"NZ_AP023206.1","complete",562,"plasmid",404189,"SAMD00172788","","Homo sapiens","Escherichia coli","species","cellular organisms; Bacteria; Proteobacteria; Gammaproteobacteria; Enterobacterales; Enterobacteriaceae; Escherichia",562,"Escherichia coli",561,"Escherichia",543,"Enterobacteriaceae",91347,"Enterobacterales",1236,"Gammaproteobacteria",1224,"Proteobacteria",2,"Bacteria","","","gcgacgtgct_gaacccgtgt_2",64,156,89245,89153,0.000258,51.8,72.043,24,24
"NZ_AP023206.1","complete",562,"plasmid",404189,"SAMD00172788","","Homo sapiens","Escherichia coli","species","cellular organisms; Bacteria; Proteobacteria; Gammaproteobacteria; Enterobacterales; Enterobacteriaceae; Escherichia",562,"Escherichia coli",561,"Escherichia",543,"Enterobacteriaceae",91347,"Enterobacterales",1236,"Gammaproteobacteria",1224,"Proteobacteria",2,"Bacteria","","","tttggacctc_acaaacgcca_2",64,156,89245,89153,0.13,42.8,69.892,25,25
"NZ_AP023206.1","complete",562,"plasmid",404189,"SAMD00172788","","Homo sapiens","Escherichia coli","species","cellular organisms; Bacteria; Proteobacteria; Gammaproteobacteria; Enterobacterales; Enterobacteriaceae; Escherichia",562,"Escherichia coli",561,"Escherichia",543,"Enterobacteriaceae",91347,"Enterobacterales",1236,"Gammaproteobacteria",1224,"Proteobacteria",2,"Bacteria","","","cggatatact_gactgatcag_3",64,156,89245,89153,0.000258,51.8,72.043,24,24
"NZ_AP023206.1","complete",562,"plasmid",404189,"SAMD00172788","","Homo sapiens","Escherichia coli","species","cellular organisms; Bacteria; Proteobacteria; Gammaproteobacteria; Enterobacterales; Enterobacteriaceae; Escherichia",562,"Escherichia coli",561,"Escherichia",543,"Enterobacteriaceae",91347,"Enterobacterales",1236,"Gammaproteobacteria",1224,"Proteobacteria",2,"Bacteria","","","aagtaccgac_aagcaactgt_2",64,156,89245,89153,0.13,42.8,69.892,25,25
"NZ_AP023206.1","complete",562,"plasmid",404189,"SAMD00172788","","Homo sapiens","Escherichia coli","species","cellular organisms; Bacteria; Proteobacteria; Gammaproteobacteria; Enterobacterales; Enterobacteriaceae; Escherichia",562,"Escherichia coli",561,"Escherichia",543,"Enterobacteriaceae",91347,"Enterobacterales",1236,"Gammaproteobacteria",1224,"Proteobacteria",2,"Bacteria","","","gactggtaag_cagacacaac_2",64,156,89245,89153,0.13,42.8,69.892,25,25
"NZ_AP023206.1","complete",562,"plasmid",404189,"SAMD00172788","","Homo sapiens","Escherichia coli","species","cellular organisms; Bacteria; Proteobacteria; Gammaproteobacteria; Enterobacterales; Enterobacteriaceae; Escherichia",562,"Escherichia coli",561,"Escherichia",543,"Enterobacteriaceae",91347,"Enterobacterales",1236,"Gammaproteobacteria",1224,"Proteobacteria",2,"Bacteria","","","gctcattcta_acgacttacg_2",64,156,89245,89153,0.000258,51.8,72.043,24,24
"NZ_AP023206.1","complete",562,"plasmid",404189,"SAMD00172788","","Homo sapiens","Escherichia coli","species","cellular organisms; Bacteria; Proteobacteria; Gammaproteobacteria; Enterobacterales; Enterobacteriaceae; Escherichia",562,"Escherichia coli",561,"Escherichia",543,"Enterobacteriaceae",91347,"Enterobacterales",1236,"Gammaproteobacteria",1224,"Proteobacteria",2,"Bacteria","","","actcacaagt_aatgactggt_3",64,156,89245,89153,0.000258,51.8,72.043,24,24
"NZ_AP023206.1","complete",562,"plasmid",404189,"SAMD00172788","","Homo sapiens","Escherichia coli","species","cellular organisms; Bacteria; Proteobacteria; Gammaproteobacteria; Enterobacterales; Enterobacteriaceae; Escherichia",562,"Escherichia coli",561,"Escherichia",543,"Enterobacteriaceae",91347,"Enterobacterales",1236,"Gammaproteobacteria",1224,"Proteobacteria",2,"Bacteria","","","accttcatta_ttaaaagcat_2",64,156,89245,89153,0.13,42.8,69.892,25,25
"NZ_AP023206.1","complete",562,"plasmid",404189,"SAMD00172788","","Homo sapiens","Escherichia coli","species","cellular organisms; Bacteria; Proteobacteria; Gammaproteobacteria; Enterobacterales; Enterobacteriaceae; Escherichia",562,"Escherichia coli",561,"Escherichia",543,"Enterobacteriaceae",91347,"Enterobacterales",1236,"Gammaproteobacteria",1224,"Proteobacteria",2,"Bacteria","","","tgctcttaaa_gtaaccatgc_2",64,156,89245,89153,0.000258,51.8,72.043,24,24
"NZ_AP023206.1","complete",562,"plasmid",404189,"SAMD00172788","","Homo sapiens","Escherichia coli","species","cellular organisms; Bacteria; Proteobacteria; Gammaproteobacteria; Enterobacterales; Enterobacteriaceae; Escherichia",562,"Escherichia coli",561,"Escherichia",543,"Enterobacteriaceae",91347,"Enterobacterales",1236,"Gammaproteobacteria",1224,"Proteobacteria",2,"Bacteria","","","ctccggtgga_aaccccgacc_2",64,156,89245,89153,0.000258,51.8,72.043,24,24
"NZ_AP023206.1","complete",562,"plasmid",404189,"SAMD00172788","","Homo sapiens","Escherichia coli","species","cellular organisms; Bacteria; Proteobacteria; Gammaproteobacteria; Enterobacterales; Enterobacteriaceae; Escherichia",562,"Escherichia coli",561,"Escherichia",543,"Enterobacteriaceae",91347,"Enterobacterales",1236,"Gammaproteobacteria",1224,"Proteobacteria",2,"Bacteria","","","cattgacggg_gcggctctca_2",64,156,89245,89153,0.13,42.8,69.892,25,25
"NZ_AP023206.1","complete",562,"plasmid",404189,"SAMD00172788","","Homo sapiens","Escherichia coli","species","cellular organisms; Bacteria; Proteobacteria; Gammaproteobacteria; Enterobacterales; Enterobacteriaceae; Escherichia",562,"Escherichia coli",561,"Escherichia",543,"Enterobacteriaceae",91347,"Enterobacterales",1236,"Gammaproteobacteria",1224,"Proteobacteria",2,"Bacteria","","","tgcaaatttg_taggttgaat_2",64,156,89245,89153,0.000258,51.8,72.043,24,24
"NZ_AP023206.1","complete",562,"plasmid",404189,"SAMD00172788","","Homo sapiens","Escherichia coli","species","cellular organisms; Bacteria; Proteobacteria; Gammaproteobacteria; Enterobacterales; Enterobacteriaceae; Escherichia",562,"Escherichia coli",561,"Escherichia",543,"Enterobacteriaceae",91347,"Enterobacterales",1236,"Gammaproteobacteria",1224,"Proteobacteria",2,"Bacteria","","","ttggccattg_gctaagggaa_2",64,156,89245,89153,0.13,42.8,69.892,25,25
"NZ_AP023206.1","complete",562,"plasmid",404189,"SAMD00172788","","Homo sapiens","Escherichia coli","species","cellular organisms; Bacteria; Proteobacteria; Gammaproteobacteria; Enterobacterales; Enterobacteriaceae; Escherichia",562,"Escherichia coli",561,"Escherichia",543,"Enterobacteriaceae",91347,"Enterobacterales",1236,"Gammaproteobacteria",1224,"Proteobacteria",2,"Bacteria","","","tcgacctatc_tttacaccaa_2",64,156,89245,89153,0.000258,51.8,72.043,24,24
"NZ_AP023206.1","complete",562,"plasmid",404189,"SAMD00172788","","Homo sapiens","Escherichia coli","species","cellular organisms; Bacteria; Proteobacteria; Gammaproteobacteria; Enterobacterales; Enterobacteriaceae; Escherichia",562,"Escherichia coli",561,"Escherichia",543,"Enterobacteriaceae",91347,"Enterobacterales",1236,"Gammaproteobacteria",1224,"Proteobacteria",2,"Bacteria","","","cgtctgctgt_tagcgtttga_2",64,156,89245,89153,0.000258,51.8,72.043,24,24
"NZ_AP023206.1","complete",562,"plasmid",404189,"SAMD00172788","","Homo sapiens","Escherichia coli","species","cellular organisms; Bacteria; Proteobacteria; Gammaproteobacteria; Enterobacterales; Enterobacteriaceae; Escherichia",562,"Escherichia coli",561,"Escherichia",543,"Enterobacteriaceae",91347,"Enterobacterales",1236,"Gammaproteobacteria",1224,"Proteobacteria",2,"Bacteria","","","ctggattcct_ggtcccatgc_2",64,156,89245,89153,0.13,42.8,69.892,25,25
"NZ_AP023206.1","complete",562,"plasmid",404189,"SAMD00172788","","Homo sapiens","Escherichia coli","species","cellular organisms; Bacteria; Proteobacteria; Gammaproteobacteria; Enterobacterales; Enterobacteriaceae; Escherichia",562,"Escherichia coli",561,"Escherichia",543,"Enterobacteriaceae",91347,"Enterobacterales",1236,"Gammaproteobacteria",1224,"Proteobacteria",2,"Bacteria","","","tcatctctga_gagtccacac_2",1,290,89296,89009,1.02e-77,296,82.759,98,98
"NZ_AP023206.1","complete",562,"plasmid",404189,"SAMD00172788","","Homo sapiens","Escherichia coli","species","cellular organisms; Bacteria; Proteobacteria; Gammaproteobacteria; Enterobacterales; Enterobacteriaceae; Escherichia",562,"Escherichia coli",561,"Escherichia",543,"Enterobacteriaceae",91347,"Enterobacterales",1236,"Gammaproteobacteria",1224,"Proteobacteria",2,"Bacteria","","","tcaaacttct_gtcgtggacc_2",64,156,89245,89153,0.000258,51.8,72.043,24,24
"NZ_AP023206.1","complete",562,"plasmid",404189,"SAMD00172788","","Homo sapiens","Escherichia coli","species","cellular organisms; Bacteria; Proteobacteria; Gammaproteobacteria; Enterobacterales; Enterobacteriaceae; Escherichia",562,"Escherichia coli",561,"Escherichia",543,"Enterobacteriaceae",91347,"Enterobacterales",1236,"Gammaproteobacteria",1224,"Proteobacteria",2,"Bacteria","","","cctttttgaa_catgaaccca_2",64,156,89245,89153,0.13,42.8,69.892,25,25
"NZ_AP023206.1","complete",562,"plasmid",404189,"SAMD00172788","","Homo sapiens","Escherichia coli","species","cellular organisms; Bacteria; Proteobacteria; Gammaproteobacteria; Enterobacterales; Enterobacteriaceae; Escherichia",562,"Escherichia coli",561,"Escherichia",543,"Enterobacteriaceae",91347,"Enterobacterales",1236,"Gammaproteobacteria",1224,"Proteobacteria",2,"Bacteria","","","ctgtgattat_cagctgcacc_2",64,156,89245,89153,0.13,42.8,69.892,25,25
"NZ_AP023206.1","complete",562,"plasmid",404189,"SAMD00172788","","Homo sapiens","Escherichia coli","species","cellular organisms; Bacteria; Proteobacteria; Gammaproteobacteria; Enterobacterales; Enterobacteriaceae; Escherichia",562,"Escherichia coli",561,"Escherichia",543,"Enterobacteriaceae",91347,"Enterobacterales",1236,"Gammaproteobacteria",1224,"Proteobacteria",2,"Bacteria","","","gtggatcgcg_agcaaaatca_2",64,156,89245,89153,0.13,42.8,69.892,25,25
"NZ_AP023206.1","complete",562,"plasmid",404189,"SAMD00172788","","Homo sapiens","Escherichia coli","species","cellular organisms; Bacteria; Proteobacteria; Gammaproteobacteria; Enterobacterales; Enterobacteriaceae; Escherichia",562,"Escherichia coli",561,"Escherichia",543,"Enterobacteriaceae",91347,"Enterobacterales",1236,"Gammaproteobacteria",1224,"Proteobacteria",2,"Bacteria","","","ttgacgtgga_ccaacagatg_2",64,156,89245,89153,0.13,42.8,69.892,25,25
"NZ_AP023206.1","complete",562,"plasmid",404189,"SAMD00172788","","Homo sapiens","Escherichia coli","species","cellular organisms; Bacteria; Proteobacteria; Gammaproteobacteria; Enterobacterales; Enterobacteriaceae; Escherichia",562,"Escherichia coli",561,"Escherichia",543,"Enterobacteriaceae",91347,"Enterobacterales",1236,"Gammaproteobacteria",1224,"Proteobacteria",2,"Bacteria","","","aacctcctat_tccactaatg_2",64,155,89245,89153,0.000117,52.7,73.118,49,49
"NZ_AP023206.1","complete",562,"plasmid",404189,"SAMD00172788","","Homo sapiens","Escherichia coli","species","cellular organisms; Bacteria; Proteobacteria; Gammaproteobacteria; Enterobacterales; Enterobacteriaceae; Escherichia",562,"Escherichia coli",561,"Escherichia",543,"Enterobacteriaceae",91347,"Enterobacterales",1236,"Gammaproteobacteria",1224,"Proteobacteria",2,"Bacteria","","","cttggcggga_agagtattgc_2",64,156,89245,89153,0.13,42.8,69.892,25,25
"NZ_AP023206.1","complete",562,"plasmid",404189,"SAMD00172788","","Homo sapiens","Escherichia coli","species","cellular organisms; Bacteria; Proteobacteria; Gammaproteobacteria; Enterobacterales; Enterobacteriaceae; Escherichia",562,"Escherichia coli",561,"Escherichia",543,"Enterobacteriaceae",91347,"Enterobacterales",1236,"Gammaproteobacteria",1224,"Proteobacteria",2,"Bacteria","","","taacgtatac_aaccaagagc_2",64,156,89245,89153,0.000258,51.8,72.043,24,24
"NZ_AP023206.1","complete",562,"plasmid",404189,"SAMD00172788","","Homo sapiens","Escherichia coli","species","cellular organisms; Bacteria; Proteobacteria; Gammaproteobacteria; Enterobacterales; Enterobacteriaceae; Escherichia",562,"Escherichia coli",561,"Escherichia",543,"Enterobacteriaceae",91347,"Enterobacterales",1236,"Gammaproteobacteria",1224,"Proteobacteria",2,"Bacteria","","","tgccagttcg_ggatatagta_2",64,156,89245,89153,0.000258,51.8,72.043,24,24
"NZ_AP023206.1","complete",562,"plasmid",404189,"SAMD00172788","","Homo sapiens","Escherichia coli","species","cellular organisms; Bacteria; Proteobacteria; Gammaproteobacteria; Enterobacterales; Enterobacteriaceae; Escherichia",562,"Escherichia coli",561,"Escherichia",543,"Enterobacteriaceae",91347,"Enterobacterales",1236,"Gammaproteobacteria",1224,"Proteobacteria",2,"Bacteria","","","cacaaagtcc_tagtggataa_2",64,156,89245,89153,0.13,42.8,69.892,25,25
"NZ_AP023206.1","complete",562,"plasmid",404189,"SAMD00172788","","Homo sapiens","Escherichia coli","species","cellular organisms; Bacteria; Proteobacteria; Gammaproteobacteria; Enterobacterales; Enterobacteriaceae; Escherichia",562,"Escherichia coli",561,"Escherichia",543,"Enterobacteriaceae",91347,"Enterobacterales",1236,"Gammaproteobacteria",1224,"Proteobacteria",2,"Bacteria","","","ttcggcgtgt_tgggctatcg_2",64,156,89245,89153,0.000258,51.8,72.043,24,24
"NZ_AP023206.1","complete",562,"plasmid",404189,"SAMD00172788","","Homo sapiens","Escherichia coli","species","cellular organisms; Bacteria; Proteobacteria; Gammaproteobacteria; Enterobacterales; Enterobacteriaceae; Escherichia",562,"Escherichia coli",561,"Escherichia",543,"Enterobacteriaceae",91347,"Enterobacterales",1236,"Gammaproteobacteria",1224,"Proteobacteria",2,"Bacteria","","","ctaggtgtcg_cactgtgatg_2",64,156,89245,89153,0.13,42.8,69.892,25,25
"NZ_AP023206.1","complete",562,"plasmid",404189,"SAMD00172788","","Homo sapiens","Escherichia coli","species","cellular organisms; Bacteria; Proteobacteria; Gammaproteobacteria; Enterobacterales; Enterobacteriaceae; Escherichia",562,"Escherichia coli",561,"Escherichia",543,"Enterobacteriaceae",91347,"Enterobacterales",1236,"Gammaproteobacteria",1224,"Proteobacteria",2,"Bacteria","","","gggtcgggtg_ataagttcgg_2",64,156,89245,89153,0.13,42.8,69.892,25,25
"NZ_AP023206.1","complete",562,"plasmid",404189,"SAMD00172788","","Homo sapiens","Escherichia coli","species","cellular organisms; Bacteria; Proteobacteria; Gammaproteobacteria; Enterobacterales; Enterobacteriaceae; Escherichia",562,"Escherichia coli",561,"Escherichia",543,"Enterobacteriaceae",91347,"Enterobacterales",1236,"Gammaproteobacteria",1224,"Proteobacteria",2,"Bacteria","","","cgatgaacac_cccagatctt_2",64,156,89245,89153,0.13,42.8,69.892,25,25
"NZ_AP023206.1","complete",562,"plasmid",404189,"SAMD00172788","","Homo sapiens","Escherichia coli","species","cellular organisms; Bacteria; Proteobacteria; Gammaproteobacteria; Enterobacterales; Enterobacteriaceae; Escherichia",562,"Escherichia coli",561,"Escherichia",543,"Enterobacteriaceae",91347,"Enterobacterales",1236,"Gammaproteobacteria",1224,"Proteobacteria",2,"Bacteria","","","ttctggtcaa_gcgcccatac_2",64,156,89245,89153,0.13,42.8,69.892,25,25
"NZ_AP023206.1","complete",562,"plasmid",404189,"SAMD00172788","","Homo sapiens","Escherichia coli","species","cellular organisms; Bacteria; Proteobacteria; Gammaproteobacteria; Enterobacterales; Enterobacteriaceae; Escherichia",562,"Escherichia coli",561,"Escherichia",543,"Enterobacteriaceae",91347,"Enterobacterales",1236,"Gammaproteobacteria",1224,"Proteobacteria",2,"Bacteria","","","cactgtcctt_catcctttta_2",64,156,89245,89153,0.13,42.8,69.892,25,25
"NZ_AP023206.1","complete",562,"plasmid",404189,"SAMD00172788","","Homo sapiens","Escherichia coli","species","cellular organisms; Bacteria; Proteobacteria; Gammaproteobacteria; Enterobacterales; Enterobacteriaceae; Escherichia",562,"Escherichia coli",561,"Escherichia",543,"Enterobacteriaceae",91347,"Enterobacterales",1236,"Gammaproteobacteria",1224,"Proteobacteria",2,"Bacteria","","","aagtggacgg_caaccgtgct_2",64,156,89245,89153,0.13,42.8,69.892,25,25
"NZ_AP023206.1","complete",562,"plasmid",404189,"SAMD00172788","","Homo sapiens","Escherichia coli","species","cellular organisms; Bacteria; Proteobacteria; Gammaproteobacteria; Enterobacterales; Enterobacteriaceae; Escherichia",562,"Escherichia coli",561,"Escherichia",543,"Enterobacteriaceae",91347,"Enterobacterales",1236,"Gammaproteobacteria",1224,"Proteobacteria",2,"Bacteria","","","catggatgcc_taccagtgat_2",64,156,89245,89153,0.000258,51.8,72.043,24,24
"NZ_AP023206.1","complete",562,"plasmid",404189,"SAMD00172788","","Homo sapiens","Escherichia coli","species","cellular organisms; Bacteria; Proteobacteria; Gammaproteobacteria; Enterobacterales; Enterobacteriaceae; Escherichia",562,"Escherichia coli",561,"Escherichia",543,"Enterobacteriaceae",91347,"Enterobacterales",1236,"Gammaproteobacteria",1224,"Proteobacteria",2,"Bacteria","","","cggtatggtc_acactgcccc_2",64,156,89245,89153,0.13,42.8,69.892,25,25
"NZ_AP023206.1","complete",562,"plasmid",404189,"SAMD00172788","","Homo sapiens","Escherichia coli","species","cellular organisms; Bacteria; Proteobacteria; Gammaproteobacteria; Enterobacterales; Enterobacteriaceae; Escherichia",562,"Escherichia coli",561,"Escherichia",543,"Enterobacteriaceae",91347,"Enterobacterales",1236,"Gammaproteobacteria",1224,"Proteobacteria",2,"Bacteria","","","gacatgcacg_gcctctaatg_2",64,156,89245,89153,0.13,42.8,69.892,25,25
"NZ_AP023206.1","complete",562,"plasmid",404189,"SAMD00172788","","Homo sapiens","Escherichia coli","species","cellular organisms; Bacteria; Proteobacteria; Gammaproteobacteria; Enterobacterales; Enterobacteriaceae; Escherichia",562,"Escherichia coli",561,"Escherichia",543,"Enterobacteriaceae",91347,"Enterobacterales",1236,"Gammaproteobacteria",1224,"Proteobacteria",2,"Bacteria","","","tcttaatgat_tcaaaataat_2",64,156,89245,89153,0.13,42.8,69.892,25,25
"NZ_AP023206.1","complete",562,"plasmid",404189,"SAMD00172788","","Homo sapiens","Escherichia coli","species","cellular organisms; Bacteria; Proteobacteria; Gammaproteobacteria; Enterobacterales; Enterobacteriaceae; Escherichia",562,"Escherichia coli",561,"Escherichia",543,"Enterobacteriaceae",91347,"Enterobacterales",1236,"Gammaproteobacteria",1224,"Proteobacteria",2,"Bacteria","","","atctgacact_cctgcaccat_2",64,156,89245,89153,0.000258,51.8,72.043,24,24
"NZ_AP023206.1","complete",562,"plasmid",404189,"SAMD00172788","","Homo sapiens","Escherichia coli","species","cellular organisms; Bacteria; Proteobacteria; Gammaproteobacteria; Enterobacterales; Enterobacteriaceae; Escherichia",562,"Escherichia coli",561,"Escherichia",543,"Enterobacteriaceae",91347,"Enterobacterales",1236,"Gammaproteobacteria",1224,"Proteobacteria",2,"Bacteria","","","ctctgcctgg_ccctagtcgg_2",64,156,89245,89153,0.13,42.8,69.892,25,25
"NZ_AP023206.1","complete",562,"plasmid",404189,"SAMD00172788","","Homo sapiens","Escherichia coli","species","cellular organisms; Bacteria; Proteobacteria; Gammaproteobacteria; Enterobacterales; Enterobacteriaceae; Escherichia",562,"Escherichia coli",561,"Escherichia",543,"Enterobacteriaceae",91347,"Enterobacterales",1236,"Gammaproteobacteria",1224,"Proteobacteria",2,"Bacteria","","","tcaggttgcc_atatgctatg_2",64,156,89245,89153,0.13,42.8,69.892,25,25
"NZ_AP023206.1","complete",562,"plasmid",404189,"SAMD00172788","","Homo sapiens","Escherichia coli","species","cellular organisms; Bacteria; Proteobacteria; Gammaproteobacteria; Enterobacterales; Enterobacteriaceae; Escherichia",562,"Escherichia coli",561,"Escherichia",543,"Enterobacteriaceae",91347,"Enterobacterales",1236,"Gammaproteobacteria",1224,"Proteobacteria",2,"Bacteria","","","aagagcttaa_ataaatgtac_2",64,156,89245,89153,0.13,42.8,69.892,25,25
"NZ_AP023206.1","complete",562,"plasmid",404189,"SAMD00172788","","Homo sapiens","Escherichia coli","species","cellular organisms; Bacteria; Proteobacteria; Gammaproteobacteria; Enterobacterales; Enterobacteriaceae; Escherichia",562,"Escherichia coli",561,"Escherichia",543,"Enterobacteriaceae",91347,"Enterobacterales",1236,"Gammaproteobacteria",1224,"Proteobacteria",2,"Bacteria","","","tcttggactg_ataacgctct_2",64,156,89245,89153,0.000258,51.8,72.043,24,24
"NZ_AP023206.1","complete",562,"plasmid",404189,"SAMD00172788","","Homo sapiens","Escherichia coli","species","cellular organisms; Bacteria; Proteobacteria; Gammaproteobacteria; Enterobacterales; Enterobacteriaceae; Escherichia",562,"Escherichia coli",561,"Escherichia",543,"Enterobacteriaceae",91347,"Enterobacterales",1236,"Gammaproteobacteria",1224,"Proteobacteria",2,"Bacteria","","","tgaagtcact_ttagggtgat_2",64,156,89245,89153,0.000258,51.8,72.043,24,24
"NZ_AP023206.1","complete",562,"plasmid",404189,"SAMD00172788","","Homo sapiens","Escherichia coli","species","cellular organisms; Bacteria; Proteobacteria; Gammaproteobacteria; Enterobacterales; Enterobacteriaceae; Escherichia",562,"Escherichia coli",561,"Escherichia",543,"Enterobacteriaceae",91347,"Enterobacterales",1236,"Gammaproteobacteria",1224,"Proteobacteria",2,"Bacteria","","","gtttggatta_ttaatcgacc_2",64,156,89245,89153,0.13,42.8,69.892,25,25
"NZ_AP023206.1","complete",562,"plasmid",404189,"SAMD00172788","","Homo sapiens","Escherichia coli","species","cellular organisms; Bacteria; Proteobacteria; Gammaproteobacteria; Enterobacterales; Enterobacteriaceae; Escherichia",562,"Escherichia coli",561,"Escherichia",543,"Enterobacteriaceae",91347,"Enterobacterales",1236,"Gammaproteobacteria",1224,"Proteobacteria",2,"Bacteria","","","tttacttggt_agattagcct_3",64,156,89245,89153,0.13,42.8,69.892,25,25
"NZ_AP023206.1","complete",562,"plasmid",404189,"SAMD00172788","","Homo sapiens","Escherichia coli","species","cellular organisms; Bacteria; Proteobacteria; Gammaproteobacteria; Enterobacterales; Enterobacteriaceae; Escherichia",562,"Escherichia coli",561,"Escherichia",543,"Enterobacteriaceae",91347,"Enterobacterales",1236,"Gammaproteobacteria",1224,"Proteobacteria",2,"Bacteria","","","tgcgtattcc_tttgcctgcg_2",64,156,89245,89153,0.000258,51.8,72.043,24,24
"NZ_AP023206.1","complete",562,"plasmid",404189,"SAMD00172788","","Homo sapiens","Escherichia coli","species","cellular organisms; Bacteria; Proteobacteria; Gammaproteobacteria; Enterobacterales; Enterobacteriaceae; Escherichia",562,"Escherichia coli",561,"Escherichia",543,"Enterobacteriaceae",91347,"Enterobacterales",1236,"Gammaproteobacteria",1224,"Proteobacteria",2,"Bacteria","","","tgtgtcagga_ttaagttcga_2",64,156,89245,89153,0.13,42.8,69.892,25,25
"NZ_AP023206.1","complete",562,"plasmid",404189,"SAMD00172788","","Homo sapiens","Escherichia coli","species","cellular organisms; Bacteria; Proteobacteria; Gammaproteobacteria; Enterobacterales; Enterobacteriaceae; Escherichia",562,"Escherichia coli",561,"Escherichia",543,"Enterobacteriaceae",91347,"Enterobacterales",1236,"Gammaproteobacteria",1224,"Proteobacteria",2,"Bacteria","","","gtacacttag_aaggactcta_1",28,1229,25515,24314,0,1059,79.534,97,97
"NZ_AP023206.1","complete",562,"plasmid",404189,"SAMD00172788","","Homo sapiens","Escherichia coli","species","cellular organisms; Bacteria; Proteobacteria; Gammaproteobacteria; Enterobacterales; Enterobacteriaceae; Escherichia",562,"Escherichia coli",561,"Escherichia",543,"Enterobacteriaceae",91347,"Enterobacterales",1236,"Gammaproteobacteria",1224,"Proteobacteria",2,"Bacteria","","","tttccagttt_gattaacgga_2",64,156,89245,89153,0.13,42.8,69.892,25,25
"NZ_AP023206.1","complete",562,"plasmid",404189,"SAMD00172788","","Homo sapiens","Escherichia coli","species","cellular organisms; Bacteria; Proteobacteria; Gammaproteobacteria; Enterobacterales; Enterobacteriaceae; Escherichia",562,"Escherichia coli",561,"Escherichia",543,"Enterobacteriaceae",91347,"Enterobacterales",1236,"Gammaproteobacteria",1224,"Proteobacteria",2,"Bacteria","","","tgatctacgg_ccaaggacac_2",64,156,89245,89153,0.13,42.8,69.892,25,25
"NZ_AP023206.1","complete",562,"plasmid",404189,"SAMD00172788","","Homo sapiens","Escherichia coli","species","cellular organisms; Bacteria; Proteobacteria; Gammaproteobacteria; Enterobacterales; Enterobacteriaceae; Escherichia",562,"Escherichia coli",561,"Escherichia",543,"Enterobacteriaceae",91347,"Enterobacterales",1236,"Gammaproteobacteria",1224,"Proteobacteria",2,"Bacteria","","","tgaactgagt_tccaacacag_2",64,156,89245,89153,0.000258,51.8,72.043,24,24
"NZ_AP023206.1","complete",562,"plasmid",404189,"SAMD00172788","","Homo sapiens","Escherichia coli","species","cellular organisms; Bacteria; Proteobacteria; Gammaproteobacteria; Enterobacterales; Enterobacteriaceae; Escherichia",562,"Escherichia coli",561,"Escherichia",543,"Enterobacteriaceae",91347,"Enterobacterales",1236,"Gammaproteobacteria",1224,"Proteobacteria",2,"Bacteria","","","cgataatagt_acctaatgcc_1",1,846,89296,88451,0,868,82.742,95,95
"NZ_AP023206.1","complete",562,"plasmid",404189,"SAMD00172788","","Homo sapiens","Escherichia coli","species","cellular organisms; Bacteria; Proteobacteria; Gammaproteobacteria; Enterobacterales; Enterobacteriaceae; Escherichia",562,"Escherichia coli",561,"Escherichia",543,"Enterobacteriaceae",91347,"Enterobacterales",1236,"Gammaproteobacteria",1224,"Proteobacteria",2,"Bacteria","","","gtttcaaacg_ccgagcacta_2",64,156,89245,89153,0.13,42.8,69.892,25,25
"NZ_AP023206.1","complete",562,"plasmid",404189,"SAMD00172788","","Homo sapiens","Escherichia coli","species","cellular organisms; Bacteria; Proteobacteria; Gammaproteobacteria; Enterobacterales; Enterobacteriaceae; Escherichia",562,"Escherichia coli",561,"Escherichia",543,"Enterobacteriaceae",91347,"Enterobacterales",1236,"Gammaproteobacteria",1224,"Proteobacteria",2,"Bacteria","","","caattttcat_gcactaaaac_2",64,156,89245,89153,0.000258,51.8,72.043,24,24
"NZ_AP023206.1","complete",562,"plasmid",404189,"SAMD00172788","","Homo sapiens","Escherichia coli","species","cellular organisms; Bacteria; Proteobacteria; Gammaproteobacteria; Enterobacterales; Enterobacteriaceae; Escherichia",562,"Escherichia coli",561,"Escherichia",543,"Enterobacteriaceae",91347,"Enterobacterales",1236,"Gammaproteobacteria",1224,"Proteobacteria",2,"Bacteria","","","cgcacattcc_gcaagacaag_2",64,156,89245,89153,0.000258,51.8,72.043,24,24
"NZ_AP023206.1","complete",562,"plasmid",404189,"SAMD00172788","","Homo sapiens","Escherichia coli","species","cellular organisms; Bacteria; Proteobacteria; Gammaproteobacteria; Enterobacterales; Enterobacteriaceae; Escherichia",562,"Escherichia coli",561,"Escherichia",543,"Enterobacteriaceae",91347,"Enterobacterales",1236,"Gammaproteobacteria",1224,"Proteobacteria",2,"Bacteria","","","tccacttcgt_tagcaagcaa_2",64,156,89245,89153,0.000258,51.8,72.043,24,24
"NZ_AP023206.1","complete",562,"plasmid",404189,"SAMD00172788","","Homo sapiens","Escherichia coli","species","cellular organisms; Bacteria; Proteobacteria; Gammaproteobacteria; Enterobacterales; Enterobacteriaceae; Escherichia",562,"Escherichia coli",561,"Escherichia",543,"Enterobacteriaceae",91347,"Enterobacterales",1236,"Gammaproteobacteria",1224,"Proteobacteria",2,"Bacteria","","","atggttggct_tccggctaca_2",64,156,89245,89153,0.000258,51.8,72.043,24,24
"NZ_AP023206.1","complete",562,"plasmid",404189,"SAMD00172788","","Homo sapiens","Escherichia coli","species","cellular organisms; Bacteria; Proteobacteria; Gammaproteobacteria; Enterobacterales; Enterobacteriaceae; Escherichia",562,"Escherichia coli",561,"Escherichia",543,"Enterobacteriaceae",91347,"Enterobacterales",1236,"Gammaproteobacteria",1224,"Proteobacteria",2,"Bacteria","","","ttaaccatca_atcttaaaga_2",64,156,89245,89153,0.000258,51.8,72.043,24,24
"NZ_AP023206.1","complete",562,"plasmid",404189,"SAMD00172788","","Homo sapiens","Escherichia coli","species","cellular organisms; Bacteria; Proteobacteria; Gammaproteobacteria; Enterobacterales; Enterobacteriaceae; Escherichia",562,"Escherichia coli",561,"Escherichia",543,"Enterobacteriaceae",91347,"Enterobacterales",1236,"Gammaproteobacteria",1224,"Proteobacteria",2,"Bacteria","","","acatgtacag_actagcacaa_2",64,156,89245,89153,0.13,42.8,69.892,25,25
"NZ_AP023206.1","complete",562,"plasmid",404189,"SAMD00172788","","Homo sapiens","Escherichia coli","species","cellular organisms; Bacteria; Proteobacteria; Gammaproteobacteria; Enterobacterales; Enterobacteriaceae; Escherichia",562,"Escherichia coli",561,"Escherichia",543,"Enterobacteriaceae",91347,"Enterobacterales",1236,"Gammaproteobacteria",1224,"Proteobacteria",2,"Bacteria","","","taaaacttct_ttcaaccgat_2",64,156,89245,89153,0.13,42.8,69.892,25,25
"NZ_AP023206.1","complete",562,"plasmid",404189,"SAMD00172788","","Homo sapiens","Escherichia coli","species","cellular organisms; Bacteria; Proteobacteria; Gammaproteobacteria; Enterobacterales; Enterobacteriaceae; Escherichia",562,"Escherichia coli",561,"Escherichia",543,"Enterobacteriaceae",91347,"Enterobacterales",1236,"Gammaproteobacteria",1224,"Proteobacteria",2,"Bacteria","","","gacgatttca_tgagactgtt_2",64,156,89245,89153,0.073,42.8,69.892,42,42
"NZ_AP023206.1","complete",562,"plasmid",404189,"SAMD00172788","","Homo sapiens","Escherichia coli","species","cellular organisms; Bacteria; Proteobacteria; Gammaproteobacteria; Enterobacterales; Enterobacteriaceae; Escherichia",562,"Escherichia coli",561,"Escherichia",543,"Enterobacteriaceae",91347,"Enterobacterales",1236,"Gammaproteobacteria",1224,"Proteobacteria",2,"Bacteria","","","aggctgtgga_tagcgcgtag_2",64,156,89245,89153,0.000258,51.8,72.043,24,24
"NZ_AP023206.1","complete",562,"plasmid",404189,"SAMD00172788","","Homo sapiens","Escherichia coli","species","cellular organisms; Bacteria; Proteobacteria; Gammaproteobacteria; Enterobacterales; Enterobacteriaceae; Escherichia",562,"Escherichia coli",561,"Escherichia",543,"Enterobacteriaceae",91347,"Enterobacterales",1236,"Gammaproteobacteria",1224,"Proteobacteria",2,"Bacteria","","","tctcggtaga_tgactcatgg_1",415,507,89245,89153,0.000517,51.8,72.043,13,13
"NZ_AP023206.1","complete",562,"plasmid",404189,"SAMD00172788","","Homo sapiens","Escherichia coli","species","cellular organisms; Bacteria; Proteobacteria; Gammaproteobacteria; Enterobacterales; Enterobacteriaceae; Escherichia",562,"Escherichia coli",561,"Escherichia",543,"Enterobacteriaceae",91347,"Enterobacterales",1236,"Gammaproteobacteria",1224,"Proteobacteria",2,"Bacteria","","","tggttagttc_aaattccaaa_2",64,156,89245,89153,0.13,42.8,69.892,25,25
"NZ_AP023206.1","complete",562,"plasmid",404189,"SAMD00172788","","Homo sapiens","Escherichia coli","species","cellular organisms; Bacteria; Proteobacteria; Gammaproteobacteria; Enterobacterales; Enterobacteriaceae; Escherichia",562,"Escherichia coli",561,"Escherichia",543,"Enterobacteriaceae",91347,"Enterobacterales",1236,"Gammaproteobacteria",1224,"Proteobacteria",2,"Bacteria","","","tagatgtggt_cagacactag_2",64,156,89245,89153,0.13,42.8,69.892,25,25
"NZ_AP023206.1","complete",562,"plasmid",404189,"SAMD00172788","","Homo sapiens","Escherichia coli","species","cellular organisms; Bacteria; Proteobacteria; Gammaproteobacteria; Enterobacterales; Enterobacteriaceae; Escherichia",562,"Escherichia coli",561,"Escherichia",543,"Enterobacteriaceae",91347,"Enterobacterales",1236,"Gammaproteobacteria",1224,"Proteobacteria",2,"Bacteria","","","tcctcccgaa_tttcacccga_2",64,156,89245,89153,0.000258,51.8,72.043,24,24
"NZ_AP023397.1","complete",480035,"plasmid",60434,"SAMD00238642","","Homo sapiens","Nocardia wallacei","species","cellular organisms; Bacteria; Terrabacteria group; Actinobacteria; Actinobacteria; Corynebacteriales; Nocardiaceae; Nocardia",480035,"Nocardia wallacei",1817,"Nocardia",85025,"Nocardiaceae",85007,"Corynebacteriales",1760,"Actinobacteria",201174,"Actinobacteria",2,"Bacteria","","","tcggtctgac_tacagttaaa_2",1100,1158,1637,1579,5.1e-08,67.1,84.746,4,4
"NZ_CP006665.1","complete",667120,"plasmid",127046,"SAMN02469761","","Anguilla japonica","Edwardsiella anguillarum ET080813","strain","cellular organisms; Bacteria; Proteobacteria; Gammaproteobacteria; Enterobacterales; Hafniaceae; Edwardsiella; Edwardsiella anguillarum",1821960,"Edwardsiella anguillarum",635,"Edwardsiella",1903412,"Hafniaceae",91347,"Enterobacterales",1236,"Gammaproteobacteria",1224,"Proteobacteria",2,"Bacteria","","","gtccgctcca_gattgatatg_2",987,1034,119644,119692,0.18,45.5,81.633,3,3
"NZ_CP007129.1","complete",861299,"plasmid",1106233,"SAMN02641636","","missing","Gemmatirosa kalamazoonesis","species","cellular organisms; Bacteria; FCB group; Gemmatimonadetes; Gemmatimonadetes; Gemmatimonadales; Gemmatimonadaceae; Gemmatirosa",861299,"Gemmatirosa kalamazoonesis",1706036,"Gemmatirosa",219687,"Gemmatimonadaceae",219686,"Gemmatimonadales",219685,"Gemmatimonadetes",142182,"Gemmatimonadetes",2,"Bacteria","","","tttgtatgag_gccgacgacg_1",33,214,636887,636706,3.05e-38,167,80.22,8,8
"NZ_CP007129.1","complete",861299,"plasmid",1106233,"SAMN02641636","","missing","Gemmatirosa kalamazoonesis","species","cellular organisms; Bacteria; FCB group; Gemmatimonadetes; Gemmatimonadetes; Gemmatimonadales; Gemmatimonadaceae; Gemmatirosa",861299,"Gemmatirosa kalamazoonesis",1706036,"Gemmatirosa",219687,"Gemmatimonadaceae",219686,"Gemmatimonadales",219685,"Gemmatimonadetes",142182,"Gemmatimonadetes",2,"Bacteria","","","tagtcttgtg_cgcacatcaa_2",176,402,138856,139082,4.98e-26,125,72.807,20,18
"NZ_CP007130.1","complete",861299,"plasmid",1040503,"SAMN02641636","","missing","Gemmatirosa kalamazoonesis","species","cellular organisms; Bacteria; FCB group; Gemmatimonadetes; Gemmatimonadetes; Gemmatimonadales; Gemmatimonadaceae; Gemmatirosa",861299,"Gemmatirosa kalamazoonesis",1706036,"Gemmatirosa",219687,"Gemmatimonadaceae",219686,"Gemmatimonadales",219685,"Gemmatimonadetes",142182,"Gemmatimonadetes",2,"Bacteria","","","cgcctggtta_gttggcctta_1",821,867,938477,938522,2.1,41.9,80.851,3,3
"NZ_CP007642.1","complete",1432049,"plasmid",445194,"SAMN02423217","nodule","","Rhizobium etli bv. phaseoli str. IE4803","strain","cellular organisms; Bacteria; Proteobacteria; Alphaproteobacteria; Rhizobiales; Rhizobiaceae; Rhizobium/Agrobacterium group; Rhizobium; Rhizobium etli; Rhizobium etli bv. phaseoli",29449,"Rhizobium etli",379,"Rhizobium",82115,"Rhizobiaceae",356,"Rhizobiales",28211,"Alphaproteobacteria",1224,"Proteobacteria",2,"Bacteria","","","attagtagca_aataatcccc_1",814,837,111280,111303,4,40.1,95.833,3,3
"NZ_CP007677.1","complete",1280,"plasmid",20185,"SAMN02767311","blood","Homo sapiens","Staphylococcus aureus","species","cellular organisms; Bacteria; Terrabacteria group; Firmicutes; Bacilli; Bacillales; Staphylococcaceae; Staphylococcus",1280,"Staphylococcus aureus",1279,"Staphylococcus",90964,"Staphylococcaceae",1385,"Bacillales",91061,"Bacilli",1239,"Firmicutes",2,"Bacteria","rep20_3_rep(pTW20), FN433597, ","","gtcgttttgt_atcgctacgc_2",631,654,13266,13243,2.9,40.1,95.833,4,4
"NZ_CP007677.1","complete",1280,"plasmid",20185,"SAMN02767311","blood","Homo sapiens","Staphylococcus aureus","species","cellular organisms; Bacteria; Terrabacteria group; Firmicutes; Bacilli; Bacillales; Staphylococcaceae; Staphylococcus",1280,"Staphylococcus aureus",1279,"Staphylococcus",90964,"Staphylococcaceae",1385,"Bacillales",91061,"Bacilli",1239,"Firmicutes",2,"Bacteria","rep20_3_rep(pTW20), FN433597, ","","attccccagt_caagtgaaag_2",577,600,13266,13243,2.7,40.1,95.833,4,4
"NZ_CP007677.1","complete",1280,"plasmid",20185,"SAMN02767311","blood","Homo sapiens","Staphylococcus aureus","species","cellular organisms; Bacteria; Terrabacteria group; Firmicutes; Bacilli; Bacillales; Staphylococcaceae; Staphylococcus",1280,"Staphylococcus aureus",1279,"Staphylococcus",90964,"Staphylococcaceae",1385,"Bacillales",91061,"Bacilli",1239,"Firmicutes",2,"Bacteria","rep20_3_rep(pTW20), FN433597, ","","gttctttctg_agtaatcgta_2",577,600,13266,13243,2.7,40.1,95.833,4,4
"NZ_CP009154.1","complete",28450,"plasmid",47098,"SAMN02951647","environmental sample","","Burkholderia pseudomallei","species","cellular organisms; Bacteria; Proteobacteria; Betaproteobacteria; Burkholderiales; Burkholderiaceae; Burkholderia; pseudomallei group",28450,"Burkholderia pseudomallei",32008,"Burkholderia",119060,"Burkholderiaceae",80840,"Burkholderiales",28216,"Betaproteobacteria",1224,"Proteobacteria",2,"Bacteria","","","cgatggtcga_gaacagatgc_2",502,534,8550,8515,0.033,46.4,88.889,3,3
"NZ_CP009155.1","complete",28450,"plasmid",271168,"SAMN02951647","environmental sample","","Burkholderia pseudomallei","species","cellular organisms; Bacteria; Proteobacteria; Betaproteobacteria; Burkholderiales; Burkholderiaceae; Burkholderia; pseudomallei group",28450,"Burkholderia pseudomallei",32008,"Burkholderia",119060,"Burkholderiaceae",80840,"Burkholderiales",28216,"Betaproteobacteria",1224,"Proteobacteria",2,"Bacteria","","","tcttgtgcat_cacagcaggc_2",355,378,194903,194880,0.051,44.6,100,5,5
"NZ_CP010410.1","complete",56458,"plasmid",508653,"SAMN03273272","rice seeds","","Xanthomonas sacchari","species","cellular organisms; Bacteria; Proteobacteria; Gammaproteobacteria; Xanthomonadales; Xanthomonadaceae; Xanthomonas",56458,"Xanthomonas sacchari",338,"Xanthomonas",32033,"Xanthomonadaceae",135614,"Xanthomonadales",1236,"Gammaproteobacteria",1224,"Proteobacteria",2,"Bacteria","","","ctaacattct_tacaccacac_1",578,982,366683,367087,5.03e-21,109,66.341,28,25
"NZ_CP010420.1","complete",1328314,"plasmid",132372,"SAMN03278357","soil","","Azotobacter chroococcum NCIMB 8003","strain","cellular organisms; Bacteria; Proteobacteria; Gammaproteobacteria; Pseudomonadales; Pseudomonadaceae; Azotobacter group; Azotobacter; Azotobacter chroococcum",353,"Azotobacter chroococcum",352,"Azotobacter",135621,"Pseudomonadaceae",72274,"Pseudomonadales",1236,"Gammaproteobacteria",1224,"Proteobacteria",2,"Bacteria","","","cggcccgatt_ttaaaactgt_2",1,87,51125,51211,0.001,50,72.414,55,18
"NZ_CP010616.1","complete",221822,"plasmid",57789,"SAMN03294496","clam larvae aquaculture","","Phaeobacter inhibens","species","cellular organisms; Bacteria; Proteobacteria; Alphaproteobacteria; Rhodobacterales; Rhodobacteraceae; Phaeobacter",221822,"Phaeobacter inhibens",302485,"Phaeobacter",31989,"Rhodobacteraceae",204455,"Rhodobacterales",28211,"Alphaproteobacteria",1224,"Proteobacteria",2,"Bacteria","","","gggctcaaag_agatatcgcc_6",21,225,46923,47127,1.17e-100,370,100,91,91
"NZ_CP010859.1","complete",988812,"plasmid",187673,"SAMN03840244","","","Marinovum algicola DG 898","strain","cellular organisms; Bacteria; Proteobacteria; Alphaproteobacteria; Rhodobacterales; Rhodobacteraceae; Marinovum; Marinovum algicola",42444,"Marinovum algicola",367771,"Marinovum",31989,"Rhodobacteraceae",204455,"Rhodobacterales",28211,"Alphaproteobacteria",1224,"Proteobacteria",2,"Bacteria","","","gttatactga_acccagacag_2",401,565,103889,103725,0.001,52.7,68.452,14,11
"NZ_CP011053.1","complete",1504981,"plasmid",313995,"SAMN02821277","Nile Delta Mediterranean Sea surface water","","Halomonas sp. KO116","species","cellular organisms; Bacteria; Proteobacteria; Gammaproteobacteria; Oceanospirillales; Halomonadaceae; Halomonas; unclassified Halomonas",1504981,"Halomonas sp. KO116",2745,"Halomonas",28256,"Halomonadaceae",135619,"Oceanospirillales",1236,"Gammaproteobacteria",1224,"Proteobacteria",2,"Bacteria","","","ggtctccgac_taacgaaatt_1",1064,1158,21493,21587,0.011,49.1,72.165,7,7
"NZ_CP011515.1","complete",1658665,"plasmid",262673,"SAMN03704891","forest soil","","Mitsuaria sp. 7","species","cellular organisms; Bacteria; Proteobacteria; Betaproteobacteria; Burkholderiales; Burkholderiales genera incertae sedis; Mitsuaria; unclassified Mitsuaria",1658665,"Mitsuaria sp. 7",65047,"Mitsuaria",NA,"",80840,"Burkholderiales",28216,"Betaproteobacteria",1224,"Proteobacteria",2,"Bacteria","","","catgtcatag_ggacactaaa_1",978,1360,95024,94645,1.48e-47,198,71.802,33,20
"NZ_CP011515.1","complete",1658665,"plasmid",262673,"SAMN03704891","forest soil","","Mitsuaria sp. 7","species","cellular organisms; Bacteria; Proteobacteria; Betaproteobacteria; Burkholderiales; Burkholderiales genera incertae sedis; Mitsuaria; unclassified Mitsuaria",1658665,"Mitsuaria sp. 7",65047,"Mitsuaria",NA,"",80840,"Burkholderiales",28216,"Betaproteobacteria",1224,"Proteobacteria",2,"Bacteria","","","ttcattgcat_ggcgtcaaca_1",29,244,104513,104298,2.19e-34,152,76.818,28,28
"NZ_CP012267.1","complete",1159554,"plasmid",197338,"SAMN03938717","milk powder production facility","","Cronobacter dublinensis subsp. dublinensis LMG 23823","strain","cellular organisms; Bacteria; Proteobacteria; Gammaproteobacteria; Enterobacterales; Enterobacteriaceae; Cronobacter; Cronobacter dublinensis; Cronobacter dublinensis subsp. dublinensis",413497,"Cronobacter dublinensis",413496,"Cronobacter",543,"Enterobacteriaceae",91347,"Enterobacterales",1236,"Gammaproteobacteria",1224,"Proteobacteria",2,"Bacteria","IncFIB(pCTU1)_1, FN543094, ","IncF RST(F-:A-:B-):FIA(-);FIB(-);FIC(-);FII(-);FIIK(-);FIIS(-);FIIY(-)","gcgtgttcaa_cagcctccgt_4",170,329,65801,65641,3.65e-11,76.1,70.807,27,27
"NZ_CP012688.1","complete",305,"plasmid",1999545,"SAMN03402637","","Solanum commersonii","Ralstonia solanacearum","species","cellular organisms; Bacteria; Proteobacteria; Betaproteobacteria; Burkholderiales; Burkholderiaceae; Ralstonia",305,"Ralstonia solanacearum",48736,"Ralstonia",119060,"Burkholderiaceae",80840,"Burkholderiales",28216,"Betaproteobacteria",1224,"Proteobacteria",2,"Bacteria","","","ggaataccat_accagattag_1",586,637,1422268,1422217,0.002,50,80.769,6,6
"NZ_CP012688.1","complete",305,"plasmid",1999545,"SAMN03402637","","Solanum commersonii","Ralstonia solanacearum","species","cellular organisms; Bacteria; Proteobacteria; Betaproteobacteria; Burkholderiales; Burkholderiaceae; Ralstonia",305,"Ralstonia solanacearum",48736,"Ralstonia",119060,"Burkholderiaceae",80840,"Burkholderiales",28216,"Betaproteobacteria",1224,"Proteobacteria",2,"Bacteria","","","atgagctttg_ataaacaaga_2",222,261,61627,61666,0.61,41.9,82.5,8,8
"NZ_CP012940.1","complete",305,"plasmid",1932001,"SAMN04123295","","plantain","Ralstonia solanacearum","species","cellular organisms; Bacteria; Proteobacteria; Betaproteobacteria; Burkholderiales; Burkholderiaceae; Ralstonia",305,"Ralstonia solanacearum",48736,"Ralstonia",119060,"Burkholderiaceae",80840,"Burkholderiales",28216,"Betaproteobacteria",1224,"Proteobacteria",2,"Bacteria","","","tttttttaaa_aaaccgggct_1",862,1543,1533785,1533103,1.07e-73,285,69.781,43,43
"NZ_CP012940.1","complete",305,"plasmid",1932001,"SAMN04123295","","plantain","Ralstonia solanacearum","species","cellular organisms; Bacteria; Proteobacteria; Betaproteobacteria; Burkholderiales; Burkholderiaceae; Ralstonia",305,"Ralstonia solanacearum",48736,"Ralstonia",119060,"Burkholderiaceae",80840,"Burkholderiales",28216,"Betaproteobacteria",1224,"Proteobacteria",2,"Bacteria","","","atcacaacgg_cgaagggcca_2",1657,1704,1267208,1267256,0.006,50,83.673,2,2
"NZ_CP013110.1","complete",194963,"plasmid",2177502,"SAMN04160749","","Vachellia farnesiana","Sinorhizobium americanum","species","cellular organisms; Bacteria; Proteobacteria; Alphaproteobacteria; Rhizobiales; Rhizobiaceae; Sinorhizobium/Ensifer group; Sinorhizobium",194963,"Sinorhizobium americanum",28105,"Sinorhizobium",82115,"Rhizobiaceae",356,"Rhizobiales",28211,"Alphaproteobacteria",1224,"Proteobacteria",2,"Bacteria","","","gtctaagaag_attccacagg_2",197,243,1880125,1880171,0.002,50,82.979,5,5
"NZ_CP013110.1","complete",194963,"plasmid",2177502,"SAMN04160749","","Vachellia farnesiana","Sinorhizobium americanum","species","cellular organisms; Bacteria; Proteobacteria; Alphaproteobacteria; Rhizobiales; Rhizobiaceae; Sinorhizobium/Ensifer group; Sinorhizobium",194963,"Sinorhizobium americanum",28105,"Sinorhizobium",82115,"Rhizobiaceae",356,"Rhizobiales",28211,"Alphaproteobacteria",1224,"Proteobacteria",2,"Bacteria","","","actctgcacc_gcccttaagg_2",197,243,1880125,1880171,0.002,50,82.979,5,5
"NZ_CP014942.1","",1807790,"plasmid",704258,"SAMN04538165","sludge of membrane bioreactor in a waste-water treatment plant","","Rhodococcus sp. BH4","species","cellular organisms; Bacteria; Terrabacteria group; Actinobacteria; Actinobacteria; Corynebacteriales; Nocardiaceae; Rhodococcus; unclassified Rhodococcus",1807790,"Rhodococcus sp. BH4",1827,"Rhodococcus",85025,"Nocardiaceae",85007,"Corynebacteriales",1760,"Actinobacteria",201174,"Actinobacteria",2,"Bacteria","","","ccacggcgtc_atgaaaaact_1",77,109,519773,519805,0.11,42.8,87.879,10,10
"NZ_CP015040.1","complete",1564506,"plasmid",151483,"SAMN04579687","shallow-sea hydrothermal system","","Rhodovulum sp. P5","species","cellular organisms; Bacteria; Proteobacteria; Alphaproteobacteria; Rhodobacterales; Rhodobacteraceae; Rhodovulum; unclassified Rhodovulum",1564506,"Rhodovulum sp. P5",34008,"Rhodovulum",31989,"Rhodobacteraceae",204455,"Rhodobacterales",28211,"Alphaproteobacteria",1224,"Proteobacteria",2,"Bacteria","","","cctaccttta_atccacgaac_1",575,613,12663,12701,0.014,49.1,87.179,2,2
"NZ_CP015090.1","complete",1250539,"plasmid",188936,"SAMN04562614","marine seawater","","Pelagibaca abyssi","species","cellular organisms; Bacteria; Proteobacteria; Alphaproteobacteria; Rhodobacterales; Rhodobacteraceae; Pelagibaca",1250539,"Pelagibaca abyssi",360528,"Pelagibaca",31989,"Rhodobacteraceae",204455,"Rhodobacterales",28211,"Alphaproteobacteria",1224,"Proteobacteria",2,"Bacteria","","","tgcgtagcta_aatgtcaaaa_3",294,343,127365,127413,0.004,50.9,86.275,3,3
"NZ_CP015094.1","complete",1250539,"plasmid",64192,"SAMN04562614","marine seawater","","Pelagibaca abyssi","species","cellular organisms; Bacteria; Proteobacteria; Alphaproteobacteria; Rhodobacterales; Rhodobacteraceae; Pelagibaca",1250539,"Pelagibaca abyssi",360528,"Pelagibaca",31989,"Rhodobacteraceae",204455,"Rhodobacterales",28211,"Alphaproteobacteria",1224,"Proteobacteria",2,"Bacteria","","","tctaccgagt_attttccgac_1",755,778,31033,31056,7.1,40.1,95.833,2,2
"NZ_CP015960.1","complete",75105,"plasmid",1913088,"SAMN05188412","","Mimosa","Paraburkholderia caribensis","species","cellular organisms; Bacteria; Proteobacteria; Betaproteobacteria; Burkholderiales; Burkholderiaceae; Paraburkholderia",75105,"Paraburkholderia caribensis",1822464,"Paraburkholderia",119060,"Burkholderiaceae",80840,"Burkholderiales",28216,"Betaproteobacteria",1224,"Proteobacteria",2,"Bacteria","","","tgtctcctcg_taaattactc_6",136,729,1667472,1668072,3.95e-75,288,71.782,81,81
"NZ_CP016083.1","complete",1849967,"plasmid",840523,"SAMN05161780","","Adenophora trachelioides Maxim.","Streptomyces sp. SAT1","species","cellular organisms; Bacteria; Terrabacteria group; Actinobacteria; Actinobacteria; Streptomycetales; Streptomycetaceae; Streptomyces; unclassified Streptomyces",1849967,"Streptomyces sp. SAT1",1883,"Streptomyces",2062,"Streptomycetaceae",85011,"Streptomycetales",1760,"Actinobacteria",201174,"Actinobacteria",2,"Bacteria","","","gactgtaagc_aaatccttct_2",965,1061,545661,545757,3.22e-15,90.6,80.412,19,9
"NZ_CP016289.1","complete",384,"plasmid",622622,"SAMN05285389","","Vavilovia formosa","Rhizobium leguminosarum","species","cellular organisms; Bacteria; Proteobacteria; Alphaproteobacteria; Rhizobiales; Rhizobiaceae; Rhizobium/Agrobacterium group; Rhizobium",384,"Rhizobium leguminosarum",379,"Rhizobium",82115,"Rhizobiaceae",356,"Rhizobiales",28211,"Alphaproteobacteria",1224,"Proteobacteria",2,"Bacteria","","","tatcattcag_aggagttggg_1",452,500,233333,233381,0.089,44.6,79.592,6,6
"NZ_CP016452.1","complete",1842534,"plasmid",2220160,"SAMN04909707","Algal phycosphere","","Sinorhizobium sp. RAC02","species","cellular organisms; Bacteria; Proteobacteria; Alphaproteobacteria; Rhizobiales; Rhizobiaceae; Sinorhizobium/Ensifer group; Sinorhizobium; unclassified Sinorhizobium",1842534,"Sinorhizobium sp. RAC02",28105,"Sinorhizobium",82115,"Rhizobiaceae",356,"Rhizobiales",28211,"Alphaproteobacteria",1224,"Proteobacteria",2,"Bacteria","","","tctcaccacg_cattaattat_1",1515,1568,291513,291462,2.3,41,78.182,3,3
"NZ_CP016453.1","complete",1843368,"plasmid",892708,"SAMN04909708","Algal phycosphere","","Sphingobium sp. RAC03","species","cellular organisms; Bacteria; Proteobacteria; Alphaproteobacteria; Sphingomonadales; Sphingomonadaceae; Sphingobium; unclassified Sphingobium",1843368,"Sphingobium sp. RAC03",165695,"Sphingobium",41297,"Sphingomonadaceae",204457,"Sphingomonadales",28211,"Alphaproteobacteria",1224,"Proteobacteria",2,"Bacteria","","","tagggtattt_ctacctacct_2",242,414,22755,22583,2.41e-09,69.8,68.786,19,19
"NZ_CP017076.1","",158500,"plasmid",1756808,"SAMN05507135","soil","","Novosphingobium resinovorum","species","cellular organisms; Bacteria; Proteobacteria; Alphaproteobacteria; Sphingomonadales; Sphingomonadaceae; Novosphingobium",158500,"Novosphingobium resinovorum",165696,"Novosphingobium",41297,"Sphingomonadaceae",204457,"Sphingomonadales",28211,"Alphaproteobacteria",1224,"Proteobacteria",2,"Bacteria","","","ggcaatttaa_ctcaacacaa_1",573,617,1184307,1184262,0.008,49.1,84.783,5,5
"NZ_CP017721.1","complete",70803,"plasmid",280421,"SAMN02800603","mangoes","","Salmonella enterica subsp. enterica serovar Minnesota","","cellular organisms; Bacteria; Proteobacteria; Gammaproteobacteria; Enterobacterales; Enterobacteriaceae; Salmonella; Salmonella enterica; Salmonella enterica subsp. enterica",28901,"Salmonella enterica",590,"Salmonella",543,"Enterobacteriaceae",91347,"Enterobacterales",1236,"Gammaproteobacteria",1224,"Proteobacteria",2,"Bacteria","IncFII(S)_1, CP000858, ","IncF RST(F-:A-:B-):FIA(-);FIB(-);FIC(-);FII(-);FIIK(-);FIIS(1?);FIIY(-)","aggactgtct_tttctagtcc_2",267,318,26309,26361,0.3,43.7,79.245,6,6
"NZ_CP017887.1","complete",104087,"plasmid",371069,"SAMN05947123","glacial stream","","Pseudomonas frederiksbergensis","species","cellular organisms; Bacteria; Proteobacteria; Gammaproteobacteria; Pseudomonadales; Pseudomonadaceae; Pseudomonas",104087,"Pseudomonas frederiksbergensis",286,"Pseudomonas",135621,"Pseudomonadaceae",72274,"Pseudomonadales",1236,"Gammaproteobacteria",1224,"Proteobacteria",2,"Bacteria","","","cataaagaga_gtagatggaa_7",18,231,287934,288147,9.54e-29,133,74.545,57,57
"NZ_CP019063.1","complete",1805933,"plasmid",549463,"SAMN06209637","soil","","Rahnella sp. ERMR1:05","species","cellular organisms; Bacteria; Proteobacteria; Gammaproteobacteria; Enterobacterales; Yersiniaceae; Rahnella; unclassified Rahnella",1805933,"Rahnella sp. ERMR1:05",34037,"Rahnella",1903411,"Yersiniaceae",91347,"Enterobacterales",1236,"Gammaproteobacteria",1224,"Proteobacteria",2,"Bacteria","","","attccccagt_caagtgaaag_4",60,155,401297,401392,8.13e-09,66.2,75,35,35
"NZ_CP019063.1","complete",1805933,"plasmid",549463,"SAMN06209637","soil","","Rahnella sp. ERMR1:05","species","cellular organisms; Bacteria; Proteobacteria; Gammaproteobacteria; Enterobacterales; Yersiniaceae; Rahnella; unclassified Rahnella",1805933,"Rahnella sp. ERMR1:05",34037,"Rahnella",1903411,"Yersiniaceae",91347,"Enterobacterales",1236,"Gammaproteobacteria",1224,"Proteobacteria",2,"Bacteria","","","gcacattcgc_gttctcgcag_1",123,218,401297,401392,1.02e-08,66.2,75,29,29
"NZ_CP019063.1","complete",1805933,"plasmid",549463,"SAMN06209637","soil","","Rahnella sp. ERMR1:05","species","cellular organisms; Bacteria; Proteobacteria; Gammaproteobacteria; Enterobacterales; Yersiniaceae; Rahnella; unclassified Rahnella",1805933,"Rahnella sp. ERMR1:05",34037,"Rahnella",1903411,"Yersiniaceae",91347,"Enterobacterales",1236,"Gammaproteobacteria",1224,"Proteobacteria",2,"Bacteria","","","attagttacc_tcatttgact_1",39,134,401297,401392,7.43e-09,66.2,75,38,38
"NZ_CP019063.1","complete",1805933,"plasmid",549463,"SAMN06209637","soil","","Rahnella sp. ERMR1:05","species","cellular organisms; Bacteria; Proteobacteria; Gammaproteobacteria; Enterobacterales; Yersiniaceae; Rahnella; unclassified Rahnella",1805933,"Rahnella sp. ERMR1:05",34037,"Rahnella",1903411,"Yersiniaceae",91347,"Enterobacterales",1236,"Gammaproteobacteria",1224,"Proteobacteria",2,"Bacteria","","","tcccaaggtt_aaattaaatt_1",39,119,401297,401377,6.1e-10,70.7,79.012,32,32
"NZ_CP019063.1","complete",1805933,"plasmid",549463,"SAMN06209637","soil","","Rahnella sp. ERMR1:05","species","cellular organisms; Bacteria; Proteobacteria; Gammaproteobacteria; Enterobacterales; Yersiniaceae; Rahnella; unclassified Rahnella",1805933,"Rahnella sp. ERMR1:05",34037,"Rahnella",1903411,"Yersiniaceae",91347,"Enterobacterales",1236,"Gammaproteobacteria",1224,"Proteobacteria",2,"Bacteria","","","gctcggctaa_gagtatggca_1",39,119,401297,401377,6.1e-10,70.7,79.012,32,32
"NZ_CP019063.1","complete",1805933,"plasmid",549463,"SAMN06209637","soil","","Rahnella sp. ERMR1:05","species","cellular organisms; Bacteria; Proteobacteria; Gammaproteobacteria; Enterobacterales; Yersiniaceae; Rahnella; unclassified Rahnella",1805933,"Rahnella sp. ERMR1:05",34037,"Rahnella",1903411,"Yersiniaceae",91347,"Enterobacterales",1236,"Gammaproteobacteria",1224,"Proteobacteria",2,"Bacteria","","","tccgttccat_aggtgggaga_3",60,155,401297,401392,3.46e-07,61.7,73.958,35,35
"NZ_CP019063.1","complete",1805933,"plasmid",549463,"SAMN06209637","soil","","Rahnella sp. ERMR1:05","species","cellular organisms; Bacteria; Proteobacteria; Gammaproteobacteria; Enterobacterales; Yersiniaceae; Rahnella; unclassified Rahnella",1805933,"Rahnella sp. ERMR1:05",34037,"Rahnella",1903411,"Yersiniaceae",91347,"Enterobacterales",1236,"Gammaproteobacteria",1224,"Proteobacteria",2,"Bacteria","","","ggccggttcc_ctggttaaga_1",40,134,401297,401392,7.43e-09,67.1,76.042,38,38
"NZ_CP019063.1","complete",1805933,"plasmid",549463,"SAMN06209637","soil","","Rahnella sp. ERMR1:05","species","cellular organisms; Bacteria; Proteobacteria; Gammaproteobacteria; Enterobacterales; Yersiniaceae; Rahnella; unclassified Rahnella",1805933,"Rahnella sp. ERMR1:05",34037,"Rahnella",1903411,"Yersiniaceae",91347,"Enterobacterales",1236,"Gammaproteobacteria",1224,"Proteobacteria",2,"Bacteria","","","tgccctagag_aataatccag_5",150,245,401297,401392,1.11e-08,66.2,75,26,26
"NZ_CP019063.1","complete",1805933,"plasmid",549463,"SAMN06209637","soil","","Rahnella sp. ERMR1:05","species","cellular organisms; Bacteria; Proteobacteria; Gammaproteobacteria; Enterobacterales; Yersiniaceae; Rahnella; unclassified Rahnella",1805933,"Rahnella sp. ERMR1:05",34037,"Rahnella",1903411,"Yersiniaceae",91347,"Enterobacterales",1236,"Gammaproteobacteria",1224,"Proteobacteria",2,"Bacteria","","","ctatcttcga_atttcctaag_1",123,218,401297,401392,1.02e-08,66.2,75,29,29
"NZ_CP019203.1","complete",595,"plasmid",178238,"SAMN03463818","creek water","","Salmonella enterica subsp. enterica serovar Infantis","","cellular organisms; Bacteria; Proteobacteria; Gammaproteobacteria; Enterobacterales; Enterobacteriaceae; Salmonella; Salmonella enterica; Salmonella enterica subsp. enterica",28901,"Salmonella enterica",590,"Salmonella",543,"Enterobacteriaceae",91347,"Enterobacterales",1236,"Gammaproteobacteria",1224,"Proteobacteria",2,"Bacteria","","","ctcaccgctc_gtttctcatt_3",370,768,134872,135270,4.48e-47,196,71.25,24,24
"NZ_CP020899.1","complete",526949,"plasmid",439779,"SAMN02469449","","","Rhizobium phaseoli Brasil 5","strain","cellular organisms; Bacteria; Proteobacteria; Alphaproteobacteria; Rhizobiales; Rhizobiaceae; Rhizobium/Agrobacterium group; Rhizobium; Rhizobium phaseoli",396,"Rhizobium phaseoli",379,"Rhizobium",82115,"Rhizobiaceae",356,"Rhizobiales",28211,"Alphaproteobacteria",1224,"Proteobacteria",2,"Bacteria","","","tgttctcggc_acacagtcct_2",562,603,71672,71715,1.2,41.9,81.818,5,5
"NZ_CP020899.1","complete",526949,"plasmid",439779,"SAMN02469449","","","Rhizobium phaseoli Brasil 5","strain","cellular organisms; Bacteria; Proteobacteria; Alphaproteobacteria; Rhizobiales; Rhizobiaceae; Rhizobium/Agrobacterium group; Rhizobium; Rhizobium phaseoli",396,"Rhizobium phaseoli",379,"Rhizobium",82115,"Rhizobiaceae",356,"Rhizobiales",28211,"Alphaproteobacteria",1224,"Proteobacteria",2,"Bacteria","","","aggggcactc_aatggcccct_2",562,603,71672,71715,1.2,41.9,81.818,5,5
"NZ_CP021033.1","complete",1981173,"plasmid",889015,"SAMN06767451","","Phaseolus vulgaris","Rhizobium sp. NXC14","species","cellular organisms; Bacteria; Proteobacteria; Alphaproteobacteria; Rhizobiales; Rhizobiaceae; Rhizobium/Agrobacterium group; Rhizobium; unclassified Rhizobium",1981173,"Rhizobium sp. NXC14",379,"Rhizobium",82115,"Rhizobiaceae",356,"Rhizobiales",28211,"Alphaproteobacteria",1224,"Proteobacteria",2,"Bacteria","","","ttagtttccc_cgtgcgaatt_1",476,523,450509,450462,0.000677,51.8,83.333,5,5
"NZ_CP021767.1","complete",305,"plasmid",1999547,"SAMN07189980","Tomato with bacterial wilt","Solanum lycopersicum","Ralstonia solanacearum","species","cellular organisms; Bacteria; Proteobacteria; Betaproteobacteria; Burkholderiales; Burkholderiaceae; Ralstonia",305,"Ralstonia solanacearum",48736,"Ralstonia",119060,"Burkholderiaceae",80840,"Burkholderiales",28216,"Betaproteobacteria",1224,"Proteobacteria",2,"Bacteria","","","cccaaggcac_ggtagtaatc_2",1336,1398,936322,936387,7.14e-06,59.9,83.333,4,4
"NZ_CP021802.1","complete",382,"plasmid",2011522,"SAMN07175167","missing","Medicago sativa","Sinorhizobium meliloti","species","cellular organisms; Bacteria; Proteobacteria; Alphaproteobacteria; Rhizobiales; Rhizobiaceae; Sinorhizobium/Ensifer group; Sinorhizobium",382,"Sinorhizobium meliloti",28105,"Sinorhizobium",82115,"Rhizobiaceae",356,"Rhizobiales",28211,"Alphaproteobacteria",1224,"Proteobacteria",2,"Bacteria","","","aattttcaag_catgatacga_1",1211,1249,823506,823544,2.17e-05,58.1,92.308,3,3
"NZ_CP021847.1","complete",562,"plasmid",84091,"SAMN07192704","urine; urinary tract infection","Homo sapiens","Escherichia coli","species","cellular organisms; Bacteria; Proteobacteria; Gammaproteobacteria; Enterobacterales; Enterobacteriaceae; Escherichia",562,"Escherichia coli",561,"Escherichia",543,"Enterobacteriaceae",91347,"Enterobacterales",1236,"Gammaproteobacteria",1224,"Proteobacteria",2,"Bacteria","IncFII_1, AY458016, ","IncF RST(F34:A-:B-):FIA(-);FIB(-);FIC(-);FII(34);FIIK(-);FIIS(-);FIIY(-)","cctagattta_tatcccaaaa_1",30,55,49000,48976,1.6,40.1,96.154,7,7
"NZ_CP022118.1","complete",1242107,"plasmid",416444,"SAMN04160825","Unknown","","Salmonella enterica subsp. enterica serovar Macclesfield str. S-1643","strain","cellular organisms; Bacteria; Proteobacteria; Gammaproteobacteria; Enterobacterales; Enterobacteriaceae; Salmonella; Salmonella enterica; Salmonella enterica subsp. enterica; Salmonella enterica subsp. enterica serovar Macclesfield",28901,"Salmonella enterica",590,"Salmonella",543,"Enterobacteriaceae",91347,"Enterobacterales",1236,"Gammaproteobacteria",1224,"Proteobacteria",2,"Bacteria","IncFIB(pN55391)_1, CP016411, ","IncF RST(F-:A-:B-):FIA(-);FIB(-);FIC(-);FII(-);FIIK(-);FIIS(-);FIIY(-)","tcataacttt_aaacgtaaat_7",1,768,167973,168744,5.4e-156,556,76.357,100,100
"NZ_CP022363.1","complete",664962,"plasmid",836998,"SAMN07274316","paddy soils","","Azospirillum sp. TSH58","species","cellular organisms; Bacteria; Proteobacteria; Alphaproteobacteria; Rhodospirillales; Rhodospirillaceae; Azospirillum; unclassified Azospirillum",664962,"Azospirillum sp. TSH58",191,"Azospirillum",41295,"Rhodospirillaceae",204441,"Rhodospirillales",28211,"Alphaproteobacteria",1224,"Proteobacteria",2,"Bacteria","","","cggacgacga_gggagttcag_1",20,173,8586,8433,5.62e-11,74.3,72.05,75,55
"NZ_CP022366.1","complete",664962,"plasmid",660876,"SAMN07274316","paddy soils","","Azospirillum sp. TSH58","species","cellular organisms; Bacteria; Proteobacteria; Alphaproteobacteria; Rhodospirillales; Rhodospirillaceae; Azospirillum; unclassified Azospirillum",664962,"Azospirillum sp. TSH58",191,"Azospirillum",41295,"Rhodospirillaceae",204441,"Rhodospirillales",28211,"Alphaproteobacteria",1224,"Proteobacteria",2,"Bacteria","","","agtccggtaa_tccgctccaa_4",97,159,25979,26041,4.73e-08,65.3,82.54,14,14
"NZ_CP022367.1","complete",664962,"plasmid",1910929,"SAMN07274316","paddy soils","","Azospirillum sp. TSH58","species","cellular organisms; Bacteria; Proteobacteria; Alphaproteobacteria; Rhodospirillales; Rhodospirillaceae; Azospirillum; unclassified Azospirillum",664962,"Azospirillum sp. TSH58",191,"Azospirillum",41295,"Rhodospirillaceae",204441,"Rhodospirillales",28211,"Alphaproteobacteria",1224,"Proteobacteria",2,"Bacteria","","","atagtatata_gtaacaacac_1",74,1178,121619,122720,1.73e-44,187,64.664,89,89
"NZ_CP022369.1","complete",664962,"plasmid",568757,"SAMN07274316","paddy soils","","Azospirillum sp. TSH58","species","cellular organisms; Bacteria; Proteobacteria; Alphaproteobacteria; Rhodospirillales; Rhodospirillaceae; Azospirillum; unclassified Azospirillum",664962,"Azospirillum sp. TSH58",191,"Azospirillum",41295,"Rhodospirillaceae",204441,"Rhodospirillales",28211,"Alphaproteobacteria",1224,"Proteobacteria",2,"Bacteria","","","tttgcccaac_ggattgaaag_1",1216,1250,391424,391457,0.7,42.8,88.571,2,2
"NZ_CP022369.1","complete",664962,"plasmid",568757,"SAMN07274316","paddy soils","","Azospirillum sp. TSH58","species","cellular organisms; Bacteria; Proteobacteria; Alphaproteobacteria; Rhodospirillales; Rhodospirillaceae; Azospirillum; unclassified Azospirillum",664962,"Azospirillum sp. TSH58",191,"Azospirillum",41295,"Rhodospirillaceae",204441,"Rhodospirillales",28211,"Alphaproteobacteria",1224,"Proteobacteria",2,"Bacteria","","","taggcagtgt_aagtcattaa_1",1216,1250,391424,391457,0.69,42.8,88.571,2,2
"NZ_CP022369.1","complete",664962,"plasmid",568757,"SAMN07274316","paddy soils","","Azospirillum sp. TSH58","species","cellular organisms; Bacteria; Proteobacteria; Alphaproteobacteria; Rhodospirillales; Rhodospirillaceae; Azospirillum; unclassified Azospirillum",664962,"Azospirillum sp. TSH58",191,"Azospirillum",41295,"Rhodospirillaceae",204441,"Rhodospirillales",28211,"Alphaproteobacteria",1224,"Proteobacteria",2,"Bacteria","","","acggtcttac_taggcgacgt_1",1215,1249,391424,391457,0.74,42.8,88.571,2,2
"NZ_CP022369.1","complete",664962,"plasmid",568757,"SAMN07274316","paddy soils","","Azospirillum sp. TSH58","species","cellular organisms; Bacteria; Proteobacteria; Alphaproteobacteria; Rhodospirillales; Rhodospirillaceae; Azospirillum; unclassified Azospirillum",664962,"Azospirillum sp. TSH58",191,"Azospirillum",41295,"Rhodospirillaceae",204441,"Rhodospirillales",28211,"Alphaproteobacteria",1224,"Proteobacteria",2,"Bacteria","","","tcaaacctaa_ttccacttcg_3",1214,1248,391424,391457,0.63,42.8,88.571,2,2
"NZ_CP022369.1","complete",664962,"plasmid",568757,"SAMN07274316","paddy soils","","Azospirillum sp. TSH58","species","cellular organisms; Bacteria; Proteobacteria; Alphaproteobacteria; Rhodospirillales; Rhodospirillaceae; Azospirillum; unclassified Azospirillum",664962,"Azospirillum sp. TSH58",191,"Azospirillum",41295,"Rhodospirillaceae",204441,"Rhodospirillales",28211,"Alphaproteobacteria",1224,"Proteobacteria",2,"Bacteria","","","tgtagttttt_cccagacaag_1",698,732,391457,391424,0.74,42.8,88.571,2,2
"NZ_CP022369.1","complete",664962,"plasmid",568757,"SAMN07274316","paddy soils","","Azospirillum sp. TSH58","species","cellular organisms; Bacteria; Proteobacteria; Alphaproteobacteria; Rhodospirillales; Rhodospirillaceae; Azospirillum; unclassified Azospirillum",664962,"Azospirillum sp. TSH58",191,"Azospirillum",41295,"Rhodospirillaceae",204441,"Rhodospirillales",28211,"Alphaproteobacteria",1224,"Proteobacteria",2,"Bacteria","","","attttcccat_ctcgaaaact_2",568,602,391457,391424,0.69,42.8,88.571,2,2
"NZ_CP022369.1","complete",664962,"plasmid",568757,"SAMN07274316","paddy soils","","Azospirillum sp. TSH58","species","cellular organisms; Bacteria; Proteobacteria; Alphaproteobacteria; Rhodospirillales; Rhodospirillaceae; Azospirillum; unclassified Azospirillum",664962,"Azospirillum sp. TSH58",191,"Azospirillum",41295,"Rhodospirillaceae",204441,"Rhodospirillales",28211,"Alphaproteobacteria",1224,"Proteobacteria",2,"Bacteria","","","agatctcgtt_caacttaaca_2",1216,1250,391424,391457,0.64,42.8,88.571,2,2
"NZ_CP022369.1","complete",664962,"plasmid",568757,"SAMN07274316","paddy soils","","Azospirillum sp. TSH58","species","cellular organisms; Bacteria; Proteobacteria; Alphaproteobacteria; Rhodospirillales; Rhodospirillaceae; Azospirillum; unclassified Azospirillum",664962,"Azospirillum sp. TSH58",191,"Azospirillum",41295,"Rhodospirillaceae",204441,"Rhodospirillales",28211,"Alphaproteobacteria",1224,"Proteobacteria",2,"Bacteria","","","tgtttattgt_gtagatggag_1",1216,1250,391424,391457,0.64,42.8,88.571,2,2
"NZ_CP022369.1","complete",664962,"plasmid",568757,"SAMN07274316","paddy soils","","Azospirillum sp. TSH58","species","cellular organisms; Bacteria; Proteobacteria; Alphaproteobacteria; Rhodospirillales; Rhodospirillaceae; Azospirillum; unclassified Azospirillum",664962,"Azospirillum sp. TSH58",191,"Azospirillum",41295,"Rhodospirillaceae",204441,"Rhodospirillales",28211,"Alphaproteobacteria",1224,"Proteobacteria",2,"Bacteria","","","aagtactaag_cgatcaccaa_1",421,455,391457,391424,0.64,42.8,88.571,2,2
"NZ_CP022417.1","complete",1402135,"plasmid",292917,"SAMN07316509","Top-layer sediments","Skeletonema marinoi strain RO5AC","Sulfitobacter pseudonitzschiae","species","cellular organisms; Bacteria; Proteobacteria; Alphaproteobacteria; Rhodobacterales; Rhodobacteraceae; Sulfitobacter",1402135,"Sulfitobacter pseudonitzschiae",60136,"Sulfitobacter",31989,"Rhodobacteraceae",204455,"Rhodobacterales",28211,"Alphaproteobacteria",1224,"Proteobacteria",2,"Bacteria","","","gtcctataag_aggagtgtcg_2",82,116,223684,223650,0.09,45.5,91.667,4,4
"NZ_CP022523.1","complete",1514074,"plasmid",1244003,"SAMN07357684","sea water","","Pseudoalteromonas sp. NC201","species","cellular organisms; Bacteria; Proteobacteria; Gammaproteobacteria; Alteromonadales; Pseudoalteromonadaceae; Pseudoalteromonas; unclassified Pseudoalteromonas",1514074,"Pseudoalteromonas sp. NC201",53246,"Pseudoalteromonas",267888,"Pseudoalteromonadaceae",135622,"Alteromonadales",1236,"Gammaproteobacteria",1224,"Proteobacteria",2,"Bacteria","","","atcttgttcc_agatataacg_1",434,461,248740,248767,0.19,42.8,92.857,5,5
"NZ_CP022661.1","complete",59201,"plasmid",143770,"SAMN07334225","feces","Canis latrans","Salmonella enterica subsp. enterica","subspecies","cellular organisms; Bacteria; Proteobacteria; Gammaproteobacteria; Enterobacterales; Enterobacteriaceae; Salmonella; Salmonella enterica",28901,"Salmonella enterica",590,"Salmonella",543,"Enterobacteriaceae",91347,"Enterobacterales",1236,"Gammaproteobacteria",1224,"Proteobacteria",2,"Bacteria","","","ctgcctctgc_gatagtaatt_2",1211,1248,97239,97276,1.7,41.9,87.179,3,3
"NZ_CP024940.1","complete",169430,"plasmid",1235162,"SAMN07985401","soil","","Paraburkholderia hospita","species","cellular organisms; Bacteria; Proteobacteria; Betaproteobacteria; Burkholderiales; Burkholderiaceae; Paraburkholderia",169430,"Paraburkholderia hospita",1822464,"Paraburkholderia",119060,"Burkholderiaceae",80840,"Burkholderiales",28216,"Betaproteobacteria",1224,"Proteobacteria",2,"Bacteria","","","gtctagtatg_agacatagca_3",2189,2404,695452,695667,7.88e-09,70.7,69.683,9,7
"NZ_CP025141.1","complete",573,"plasmid",204734,"SAMN08133260","Pancreatic Fluid","Homo sapiens","Klebsiella pneumoniae","species","cellular organisms; Bacteria; Proteobacteria; Gammaproteobacteria; Enterobacterales; Enterobacteriaceae; Klebsiella",573,"Klebsiella pneumoniae",570,"Klebsiella",543,"Enterobacteriaceae",91347,"Enterobacterales",1236,"Gammaproteobacteria",1224,"Proteobacteria",2,"Bacteria","IncC_1, JN157804, ","","agtaagtgtg_caggaacagt_2",413,536,102917,102794,0.000385,52.7,70.4,22,22
"NZ_CP025540.1","complete",669,"plasmid",66874,"SAMN08013468","missing","missing","Vibrio harveyi","species","cellular organisms; Bacteria; Proteobacteria; Gammaproteobacteria; Vibrionales; Vibrionaceae; Vibrio; Vibrio harveyi group",669,"Vibrio harveyi",662,"Vibrio",641,"Vibrionaceae",135623,"Vibrionales",1236,"Gammaproteobacteria",1224,"Proteobacteria",2,"Bacteria","","","ggactacgtc_acgtatctat_3",92,125,37957,37924,0.11,44.6,88.235,3,3
"NZ_CP025805.1","complete",1389005,"plasmid",188664,"SAMN08329231","North Sea (sediment)","","Sulfitobacter sp. SK012","species","cellular organisms; Bacteria; Proteobacteria; Alphaproteobacteria; Rhodobacterales; Rhodobacteraceae; Sulfitobacter; unclassified Sulfitobacter",1389005,"Sulfitobacter sp. SK012",60136,"Sulfitobacter",31989,"Rhodobacteraceae",204455,"Rhodobacterales",28211,"Alphaproteobacteria",1224,"Proteobacteria",2,"Bacteria","","","ggcttggcgt_gtgccagcga_1",783,814,154250,154281,0.095,45.5,90.625,4,4
"NZ_CP025805.1","complete",1389005,"plasmid",188664,"SAMN08329231","North Sea (sediment)","","Sulfitobacter sp. SK012","species","cellular organisms; Bacteria; Proteobacteria; Alphaproteobacteria; Rhodobacterales; Rhodobacteraceae; Sulfitobacter; unclassified Sulfitobacter",1389005,"Sulfitobacter sp. SK012",60136,"Sulfitobacter",31989,"Rhodobacteraceae",204455,"Rhodobacterales",28211,"Alphaproteobacteria",1224,"Proteobacteria",2,"Bacteria","","","tttggttctc_acctcaggaa_1",783,814,154250,154281,0.095,45.5,90.625,4,4
"NZ_CP025805.1","complete",1389005,"plasmid",188664,"SAMN08329231","North Sea (sediment)","","Sulfitobacter sp. SK012","species","cellular organisms; Bacteria; Proteobacteria; Alphaproteobacteria; Rhodobacterales; Rhodobacteraceae; Sulfitobacter; unclassified Sulfitobacter",1389005,"Sulfitobacter sp. SK012",60136,"Sulfitobacter",31989,"Rhodobacteraceae",204455,"Rhodobacterales",28211,"Alphaproteobacteria",1224,"Proteobacteria",2,"Bacteria","","","tcccaaggtt_aaattaaatt_2",774,805,154250,154281,0.094,45.5,90.625,4,4
"NZ_CP025805.1","complete",1389005,"plasmid",188664,"SAMN08329231","North Sea (sediment)","","Sulfitobacter sp. SK012","species","cellular organisms; Bacteria; Proteobacteria; Alphaproteobacteria; Rhodobacterales; Rhodobacteraceae; Sulfitobacter; unclassified Sulfitobacter",1389005,"Sulfitobacter sp. SK012",60136,"Sulfitobacter",31989,"Rhodobacteraceae",204455,"Rhodobacterales",28211,"Alphaproteobacteria",1224,"Proteobacteria",2,"Bacteria","","","gaaaatctgt_agtaagtcgc_2",535,570,154246,154281,2.9,39.2,83.333,6,6
"NZ_CP025805.1","complete",1389005,"plasmid",188664,"SAMN08329231","North Sea (sediment)","","Sulfitobacter sp. SK012","species","cellular organisms; Bacteria; Proteobacteria; Alphaproteobacteria; Rhodobacterales; Rhodobacteraceae; Sulfitobacter; unclassified Sulfitobacter",1389005,"Sulfitobacter sp. SK012",60136,"Sulfitobacter",31989,"Rhodobacteraceae",204455,"Rhodobacterales",28211,"Alphaproteobacteria",1224,"Proteobacteria",2,"Bacteria","","","gctcggctaa_gagtatggca_2",774,805,154250,154281,0.094,45.5,90.625,4,4
"NZ_CP025986.1","complete",305,"plasmid",2212170,"SAMN08180272","","Cucurbita maxima","Ralstonia solanacearum","species","cellular organisms; Bacteria; Proteobacteria; Betaproteobacteria; Burkholderiales; Burkholderiaceae; Ralstonia",305,"Ralstonia solanacearum",48736,"Ralstonia",119060,"Burkholderiaceae",80840,"Burkholderiales",28216,"Betaproteobacteria",1224,"Proteobacteria",2,"Bacteria","","","gtggcggacc_caacaagcta_2",132,1654,1208258,1206748,0,1161,77.323,88,88
"NZ_CP026492.1","complete",562,"plasmid",264344,"SAMN08409128","faecal sample","Homo sapiens","Escherichia coli","species","cellular organisms; Bacteria; Proteobacteria; Gammaproteobacteria; Enterobacterales; Enterobacteriaceae; Escherichia",562,"Escherichia coli",561,"Escherichia",543,"Enterobacteriaceae",91347,"Enterobacterales",1236,"Gammaproteobacteria",1224,"Proteobacteria",2,"Bacteria","IncN_1, AY046276, |IncHI2A_1, BX664015, |IncHI2_1, BX664015, ","IncN MLST(-):repN(1);traJ(-);korA(-)|IncHI2 DLST(3):smr0018(3);smr0199(2)","ttgatcatca_agacactaca_1",1,684,40006,40689,0,1234,100,100,100
"NZ_CP026492.1","complete",562,"plasmid",264344,"SAMN08409128","faecal sample","Homo sapiens","Escherichia coli","species","cellular organisms; Bacteria; Proteobacteria; Gammaproteobacteria; Enterobacterales; Enterobacteriaceae; Escherichia",562,"Escherichia coli",561,"Escherichia",543,"Enterobacteriaceae",91347,"Enterobacterales",1236,"Gammaproteobacteria",1224,"Proteobacteria",2,"Bacteria","IncN_1, AY046276, |IncHI2A_1, BX664015, |IncHI2_1, BX664015, ","IncN MLST(-):repN(1);traJ(-);korA(-)|IncHI2 DLST(3):smr0018(3);smr0199(2)","gagttttgaa_aaaagctgta_1",1,555,12957,12401,6.09e-160,569,82.975,100,100
"NZ_CP026492.1","complete",562,"plasmid",264344,"SAMN08409128","faecal sample","Homo sapiens","Escherichia coli","species","cellular organisms; Bacteria; Proteobacteria; Gammaproteobacteria; Enterobacterales; Enterobacteriaceae; Escherichia",562,"Escherichia coli",561,"Escherichia",543,"Enterobacteriaceae",91347,"Enterobacterales",1236,"Gammaproteobacteria",1224,"Proteobacteria",2,"Bacteria","IncN_1, AY046276, |IncHI2A_1, BX664015, |IncHI2_1, BX664015, ","IncN MLST(-):repN(1);traJ(-);korA(-)|IncHI2 DLST(3):smr0018(3);smr0199(2)","gtttattgac_ttatacaccc_1",1,326,12382,12057,3.71e-166,589,100,99,99
"NZ_CP026492.1","complete",562,"plasmid",264344,"SAMN08409128","faecal sample","Homo sapiens","Escherichia coli","species","cellular organisms; Bacteria; Proteobacteria; Gammaproteobacteria; Enterobacterales; Enterobacteriaceae; Escherichia",562,"Escherichia coli",561,"Escherichia",543,"Enterobacteriaceae",91347,"Enterobacterales",1236,"Gammaproteobacteria",1224,"Proteobacteria",2,"Bacteria","IncN_1, AY046276, |IncHI2A_1, BX664015, |IncHI2_1, BX664015, ","IncN MLST(-):repN(1);traJ(-);korA(-)|IncHI2 DLST(3):smr0018(3);smr0199(2)","ctacctctgg_gtcacggaga_1",1,684,40006,40689,0,1234,100,100,100
"NZ_CP026492.1","complete",562,"plasmid",264344,"SAMN08409128","faecal sample","Homo sapiens","Escherichia coli","species","cellular organisms; Bacteria; Proteobacteria; Gammaproteobacteria; Enterobacterales; Enterobacteriaceae; Escherichia",562,"Escherichia coli",561,"Escherichia",543,"Enterobacteriaceae",91347,"Enterobacterales",1236,"Gammaproteobacteria",1224,"Proteobacteria",2,"Bacteria","IncN_1, AY046276, |IncHI2A_1, BX664015, |IncHI2_1, BX664015, ","IncN MLST(-):repN(1);traJ(-);korA(-)|IncHI2 DLST(3):smr0018(3);smr0199(2)","cagttaccac_acacctttgg_1",1,249,12370,12124,1.08e-120,438,99.197,100,100
"NZ_CP026492.1","complete",562,"plasmid",264344,"SAMN08409128","faecal sample","Homo sapiens","Escherichia coli","species","cellular organisms; Bacteria; Proteobacteria; Gammaproteobacteria; Enterobacterales; Enterobacteriaceae; Escherichia",562,"Escherichia coli",561,"Escherichia",543,"Enterobacteriaceae",91347,"Enterobacterales",1236,"Gammaproteobacteria",1224,"Proteobacteria",2,"Bacteria","IncN_1, AY046276, |IncHI2A_1, BX664015, |IncHI2_1, BX664015, ","IncN MLST(-):repN(1);traJ(-);korA(-)|IncHI2 DLST(3):smr0018(3);smr0199(2)","acaaggttgt_gatttaaagt_1",1,326,12382,12057,3.89e-166,589,100,94,94
"NZ_CP026492.1","complete",562,"plasmid",264344,"SAMN08409128","faecal sample","Homo sapiens","Escherichia coli","species","cellular organisms; Bacteria; Proteobacteria; Gammaproteobacteria; Enterobacterales; Enterobacteriaceae; Escherichia",562,"Escherichia coli",561,"Escherichia",543,"Enterobacteriaceae",91347,"Enterobacterales",1236,"Gammaproteobacteria",1224,"Proteobacteria",2,"Bacteria","IncN_1, AY046276, |IncHI2A_1, BX664015, |IncHI2_1, BX664015, ","IncN MLST(-):repN(1);traJ(-);korA(-)|IncHI2 DLST(3):smr0018(3);smr0199(2)","tgtttcactt_ggggagcatt_1",1,684,40006,40689,0,1234,100,100,100
"NZ_CP026492.1","complete",562,"plasmid",264344,"SAMN08409128","faecal sample","Homo sapiens","Escherichia coli","species","cellular organisms; Bacteria; Proteobacteria; Gammaproteobacteria; Enterobacterales; Enterobacteriaceae; Escherichia",562,"Escherichia coli",561,"Escherichia",543,"Enterobacteriaceae",91347,"Enterobacterales",1236,"Gammaproteobacteria",1224,"Proteobacteria",2,"Bacteria","IncN_1, AY046276, |IncHI2A_1, BX664015, |IncHI2_1, BX664015, ","IncN MLST(-):repN(1);traJ(-);korA(-)|IncHI2 DLST(3):smr0018(3);smr0199(2)","gctcgcaatg_gggcccctat_1",1,684,40006,40689,0,1234,100,100,100
"NZ_CP026492.1","complete",562,"plasmid",264344,"SAMN08409128","faecal sample","Homo sapiens","Escherichia coli","species","cellular organisms; Bacteria; Proteobacteria; Gammaproteobacteria; Enterobacterales; Enterobacteriaceae; Escherichia",562,"Escherichia coli",561,"Escherichia",543,"Enterobacteriaceae",91347,"Enterobacterales",1236,"Gammaproteobacteria",1224,"Proteobacteria",2,"Bacteria","IncN_1, AY046276, |IncHI2A_1, BX664015, |IncHI2_1, BX664015, ","IncN MLST(-):repN(1);traJ(-);korA(-)|IncHI2 DLST(3):smr0018(3);smr0199(2)","gcaaactcgt_acatctaaga_1",1,314,12370,12057,4.91e-158,563,99.682,99,99
"NZ_CP026492.1","complete",562,"plasmid",264344,"SAMN08409128","faecal sample","Homo sapiens","Escherichia coli","species","cellular organisms; Bacteria; Proteobacteria; Gammaproteobacteria; Enterobacterales; Enterobacteriaceae; Escherichia",562,"Escherichia coli",561,"Escherichia",543,"Enterobacteriaceae",91347,"Enterobacterales",1236,"Gammaproteobacteria",1224,"Proteobacteria",2,"Bacteria","IncN_1, AY046276, |IncHI2A_1, BX664015, |IncHI2_1, BX664015, ","IncN MLST(-):repN(1);traJ(-);korA(-)|IncHI2 DLST(3):smr0018(3);smr0199(2)","cgaacgtgct_ttctatgaaa_1",1,314,12370,12057,1.17e-159,567,100,99,99
"NZ_CP026492.1","complete",562,"plasmid",264344,"SAMN08409128","faecal sample","Homo sapiens","Escherichia coli","species","cellular organisms; Bacteria; Proteobacteria; Gammaproteobacteria; Enterobacterales; Enterobacteriaceae; Escherichia",562,"Escherichia coli",561,"Escherichia",543,"Enterobacteriaceae",91347,"Enterobacterales",1236,"Gammaproteobacteria",1224,"Proteobacteria",2,"Bacteria","IncN_1, AY046276, |IncHI2A_1, BX664015, |IncHI2_1, BX664015, ","IncN MLST(-):repN(1);traJ(-);korA(-)|IncHI2 DLST(3):smr0018(3);smr0199(2)","gtcaaaagcg_ccagtctagg_1",1,314,12370,12057,1.15e-159,567,100,99,99
"NZ_CP026492.1","complete",562,"plasmid",264344,"SAMN08409128","faecal sample","Homo sapiens","Escherichia coli","species","cellular organisms; Bacteria; Proteobacteria; Gammaproteobacteria; Enterobacterales; Enterobacteriaceae; Escherichia",562,"Escherichia coli",561,"Escherichia",543,"Enterobacteriaceae",91347,"Enterobacterales",1236,"Gammaproteobacteria",1224,"Proteobacteria",2,"Bacteria","IncN_1, AY046276, |IncHI2A_1, BX664015, |IncHI2_1, BX664015, ","IncN MLST(-):repN(1);traJ(-);korA(-)|IncHI2 DLST(3):smr0018(3);smr0199(2)","tcaggtgtac_agtctcaaga_1",1,326,12382,12057,3.85e-166,589,100,95,95
"NZ_CP026492.1","complete",562,"plasmid",264344,"SAMN08409128","faecal sample","Homo sapiens","Escherichia coli","species","cellular organisms; Bacteria; Proteobacteria; Gammaproteobacteria; Enterobacterales; Enterobacteriaceae; Escherichia",562,"Escherichia coli",561,"Escherichia",543,"Enterobacteriaceae",91347,"Enterobacterales",1236,"Gammaproteobacteria",1224,"Proteobacteria",2,"Bacteria","IncN_1, AY046276, |IncHI2A_1, BX664015, |IncHI2_1, BX664015, ","IncN MLST(-):repN(1);traJ(-);korA(-)|IncHI2 DLST(3):smr0018(3);smr0199(2)","gacttaaact_cttagaaatc_1",1,314,12370,12057,2.57e-155,553,99.365,99,99
"NZ_CP026492.1","complete",562,"plasmid",264344,"SAMN08409128","faecal sample","Homo sapiens","Escherichia coli","species","cellular organisms; Bacteria; Proteobacteria; Gammaproteobacteria; Enterobacterales; Enterobacteriaceae; Escherichia",562,"Escherichia coli",561,"Escherichia",543,"Enterobacteriaceae",91347,"Enterobacterales",1236,"Gammaproteobacteria",1224,"Proteobacteria",2,"Bacteria","IncN_1, AY046276, |IncHI2A_1, BX664015, |IncHI2_1, BX664015, ","IncN MLST(-):repN(1);traJ(-);korA(-)|IncHI2 DLST(3):smr0018(3);smr0199(2)","gtccacaaag_ctcgtggtac_1",1,684,40006,40689,0,1234,100,100,100
"NZ_CP026745.1","complete",135487,"plasmid",142547,"SAMN08458266","laboratory","Homo sapiens","Nocardia cyriacigeorgica","species","cellular organisms; Bacteria; Terrabacteria group; Actinobacteria; Actinobacteria; Corynebacteriales; Nocardiaceae; Nocardia",135487,"Nocardia cyriacigeorgica",1817,"Nocardia",85025,"Nocardiaceae",85007,"Corynebacteriales",1760,"Actinobacteria",201174,"Actinobacteria",2,"Bacteria","","","gtctatgtcc_atactttccg_4",340,370,61482,61511,0.04,44.6,93.548,8,8
"NZ_CP029204.1","",98794,"plasmid",3629,"SAMN09004684","adult insect on Panicum virgatum","Schizaphis graminum biotype I","Buchnera aphidicola (Schizaphis graminum)","forma specialis","cellular organisms; Bacteria; Proteobacteria; Gammaproteobacteria; Enterobacterales; Erwiniaceae; Buchnera; Buchnera aphidicola",9,"Buchnera aphidicola",32199,"Buchnera",1903409,"Erwiniaceae",91347,"Enterobacterales",1236,"Gammaproteobacteria",1224,"Proteobacteria",2,"Bacteria","","","caataatacc_ccttttccta_2",903,1749,1739,890,1.57e-47,197,65.294,42,42
"NZ_CP029357.1","",2202148,"plasmid",672413,"SAMN09041438","hot spring","","Azospirillum thermophilum","species","cellular organisms; Bacteria; Proteobacteria; Alphaproteobacteria; Rhodospirillales; Rhodospirillaceae; Azospirillum",2202148,"Azospirillum thermophilum",191,"Azospirillum",41295,"Rhodospirillaceae",204441,"Rhodospirillales",28211,"Alphaproteobacteria",1224,"Proteobacteria",2,"Bacteria","","","cttgtcttgt_aatgaaacat_1",972,1001,49102,49131,0.042,46.4,93.333,2,2
"NZ_CP030362.1","complete",146919,"plasmid",16410,"SAMN09375027","","","Salinibacter ruber","species","cellular organisms; Bacteria; FCB group; Bacteroidetes/Chlorobi group; Bacteroidetes; Bacteroidetes Order II. Incertae sedis; Rhodothermaceae; Salinibacter",146919,"Salinibacter ruber",146918,"Salinibacter",563843,"Rhodothermaceae",1100069,"Bacteroidetes Order II. Incertae sedis",NA,"",976,"Bacteroidetes",2,"Bacteria","","","tgcgttttta_gaggaccata_1",817,845,3989,3961,0.18,44.6,93.103,2,2
"NZ_CP030763.1","complete",384,"plasmid",771583,"SAMN09255527","","Not applicable","Rhizobium leguminosarum","species","cellular organisms; Bacteria; Proteobacteria; Alphaproteobacteria; Rhizobiales; Rhizobiaceae; Rhizobium/Agrobacterium group; Rhizobium",384,"Rhizobium leguminosarum",379,"Rhizobium",82115,"Rhizobiaceae",356,"Rhizobiales",28211,"Alphaproteobacteria",1224,"Proteobacteria",2,"Bacteria","","","atcatggcgg_ctgaaagaat_2",186,283,447101,447003,1.27e-06,59,73.737,34,34
"NZ_CP030864.1","complete",68209,"plasmid",561689,"SAMN08286884","environment","","Streptomyces globosus","species","cellular organisms; Bacteria; Terrabacteria group; Actinobacteria; Actinobacteria; Streptomycetales; Streptomycetaceae; Streptomyces",68209,"Streptomyces globosus",1883,"Streptomyces",2062,"Streptomycetaceae",85011,"Streptomycetales",1760,"Actinobacteria",201174,"Actinobacteria",2,"Bacteria","","","aatttttatg_tgaactgaaa_1",334,370,510785,510750,0.046,46.4,89.189,2,2
"NZ_CP030933.1","complete",160453,"plasmid",919333,"SAMN09639249","milk","","Enterococcus gilvus","species","cellular organisms; Bacteria; Terrabacteria group; Firmicutes; Bacilli; Lactobacillales; Enterococcaceae; Enterococcus",160453,"Enterococcus gilvus",1350,"Enterococcus",81852,"Enterococcaceae",186826,"Lactobacillales",91061,"Bacilli",1239,"Firmicutes",2,"Bacteria","","","tccttcctgt_gaattaggtg_2",72,114,108169,108211,0.12,42.8,81.395,12,12
"NZ_CP032322.1","complete",192,"plasmid",1930550,"SAMN10036145","Agricultural field","","Azospirillum brasilense","species","cellular organisms; Bacteria; Proteobacteria; Alphaproteobacteria; Rhodospirillales; Rhodospirillaceae; Azospirillum",192,"Azospirillum brasilense",191,"Azospirillum",41295,"Rhodospirillaceae",204441,"Rhodospirillales",28211,"Alphaproteobacteria",1224,"Proteobacteria",2,"Bacteria","","","ctatggacgt_acatagtgat_1",584,654,655922,655992,3.16e-05,57.2,77.465,4,4
"NZ_CP032322.1","complete",192,"plasmid",1930550,"SAMN10036145","Agricultural field","","Azospirillum brasilense","species","cellular organisms; Bacteria; Proteobacteria; Alphaproteobacteria; Rhodospirillales; Rhodospirillaceae; Azospirillum",192,"Azospirillum brasilense",191,"Azospirillum",41295,"Rhodospirillaceae",204441,"Rhodospirillales",28211,"Alphaproteobacteria",1224,"Proteobacteria",2,"Bacteria","","","gactaactta_gaactgagat_1",130,164,1039203,1039238,0.012,49.1,91.667,3,3
"NZ_CP032325.1","complete",192,"plasmid",651598,"SAMN10036145","Agricultural field","","Azospirillum brasilense","species","cellular organisms; Bacteria; Proteobacteria; Alphaproteobacteria; Rhodospirillales; Rhodospirillaceae; Azospirillum",192,"Azospirillum brasilense",191,"Azospirillum",41295,"Rhodospirillaceae",204441,"Rhodospirillales",28211,"Alphaproteobacteria",1224,"Proteobacteria",2,"Bacteria","","","tccttcctgt_gaattaggtg_1",92,179,76440,76353,5.96e-15,87.8,81.818,26,14
"NZ_CP032326.1","complete",192,"plasmid",361462,"SAMN10036145","Agricultural field","","Azospirillum brasilense","species","cellular organisms; Bacteria; Proteobacteria; Alphaproteobacteria; Rhodospirillales; Rhodospirillaceae; Azospirillum",192,"Azospirillum brasilense",191,"Azospirillum",41295,"Rhodospirillaceae",204441,"Rhodospirillales",28211,"Alphaproteobacteria",1224,"Proteobacteria",2,"Bacteria","","","tgtctgggtt_gatcattggc_2",445,471,96861,96887,1.1,41,92.593,3,3
"NZ_CP032326.1","complete",192,"plasmid",361462,"SAMN10036145","Agricultural field","","Azospirillum brasilense","species","cellular organisms; Bacteria; Proteobacteria; Alphaproteobacteria; Rhodospirillales; Rhodospirillaceae; Azospirillum",192,"Azospirillum brasilense",191,"Azospirillum",41295,"Rhodospirillaceae",204441,"Rhodospirillales",28211,"Alphaproteobacteria",1224,"Proteobacteria",2,"Bacteria","","","gacttatccg_gacagaatgg_1",281,310,88765,88794,1.1,41.9,90,3,3
"NZ_CP032340.1","complete",192,"plasmid",1757525,"SAMN10036148","Agricultural field","","Azospirillum brasilense","species","cellular organisms; Bacteria; Proteobacteria; Alphaproteobacteria; Rhodospirillales; Rhodospirillaceae; Azospirillum",192,"Azospirillum brasilense",191,"Azospirillum",41295,"Rhodospirillaceae",204441,"Rhodospirillales",28211,"Alphaproteobacteria",1224,"Proteobacteria",2,"Bacteria","","","accagtgctt_ctcgtattcc_2",55,1214,1397849,1399002,4.65e-39,169,64.508,93,93
"NZ_CP032340.1","complete",192,"plasmid",1757525,"SAMN10036148","Agricultural field","","Azospirillum brasilense","species","cellular organisms; Bacteria; Proteobacteria; Alphaproteobacteria; Rhodospirillales; Rhodospirillaceae; Azospirillum",192,"Azospirillum brasilense",191,"Azospirillum",41295,"Rhodospirillaceae",204441,"Rhodospirillales",28211,"Alphaproteobacteria",1224,"Proteobacteria",2,"Bacteria","","","atgtatgcgt_ctgggctacc_2",151,177,553510,553484,1,41,92.593,3,3
"NZ_CP032341.1","complete",192,"plasmid",824946,"SAMN10036148","Agricultural field","","Azospirillum brasilense","species","cellular organisms; Bacteria; Proteobacteria; Alphaproteobacteria; Rhodospirillales; Rhodospirillaceae; Azospirillum",192,"Azospirillum brasilense",191,"Azospirillum",41295,"Rhodospirillaceae",204441,"Rhodospirillales",28211,"Alphaproteobacteria",1224,"Proteobacteria",2,"Bacteria","","","gtcagggtca_agaatctatg_2",175,206,166366,166335,0.037,45.5,90.625,9,9
"NZ_CP032346.1","complete",192,"plasmid",1845095,"SAMN10036345","Agricultural field","","Azospirillum brasilense","species","cellular organisms; Bacteria; Proteobacteria; Alphaproteobacteria; Rhodospirillales; Rhodospirillaceae; Azospirillum",192,"Azospirillum brasilense",191,"Azospirillum",41295,"Rhodospirillaceae",204441,"Rhodospirillales",28211,"Alphaproteobacteria",1224,"Proteobacteria",2,"Bacteria","","","atcgcaacgt_tcattcccag_1",948,1343,1412206,1411814,5.49e-21,110,66.5,22,22
"NZ_CP032347.1","complete",192,"plasmid",843474,"SAMN10036345","Agricultural field","","Azospirillum brasilense","species","cellular organisms; Bacteria; Proteobacteria; Alphaproteobacteria; Rhodospirillales; Rhodospirillaceae; Azospirillum",192,"Azospirillum brasilense",191,"Azospirillum",41295,"Rhodospirillaceae",204441,"Rhodospirillales",28211,"Alphaproteobacteria",1224,"Proteobacteria",2,"Bacteria","","","cccctcttgt_agagcgacga_2",2,170,670732,670900,6.01e-32,143,78.698,40,40
"NZ_CP032690.1","complete",2364272,"plasmid",1460443,"SAMN10118470","","Phaseolus","Rhizobium sp. CCGE532","species","cellular organisms; Bacteria; Proteobacteria; Alphaproteobacteria; Rhizobiales; Rhizobiaceae; Rhizobium/Agrobacterium group; Rhizobium; unclassified Rhizobium",2364272,"Rhizobium sp. CCGE532",379,"Rhizobium",82115,"Rhizobiaceae",356,"Rhizobiales",28211,"Alphaproteobacteria",1224,"Proteobacteria",2,"Bacteria","","","atcgcccctc_agacagccca_1",1392,1422,328011,328040,0.19,44.6,93.548,2,2
"NZ_CP032690.1","complete",2364272,"plasmid",1460443,"SAMN10118470","","Phaseolus","Rhizobium sp. CCGE532","species","cellular organisms; Bacteria; Proteobacteria; Alphaproteobacteria; Rhizobiales; Rhizobiaceae; Rhizobium/Agrobacterium group; Rhizobium; unclassified Rhizobium",2364272,"Rhizobium sp. CCGE532",379,"Rhizobium",82115,"Rhizobiaceae",356,"Rhizobiales",28211,"Alphaproteobacteria",1224,"Proteobacteria",2,"Bacteria","","","gggtgactcc_tagtagtagg_1",87,128,149400,149442,0.001,52.7,88.372,3,3
"NZ_CP032929.1","complete",358,"plasmid",214233,"SAMN10169599","","Rubus sp.","Agrobacterium tumefaciens","species","cellular organisms; Bacteria; Proteobacteria; Alphaproteobacteria; Rhizobiales; Rhizobiaceae; Rhizobium/Agrobacterium group; Agrobacterium; Agrobacterium tumefaciens complex",358,"Agrobacterium tumefaciens",357,"Agrobacterium",82115,"Rhizobiaceae",356,"Rhizobiales",28211,"Alphaproteobacteria",1224,"Proteobacteria",2,"Bacteria","","","tagcgatcta_ttcgatgatg_2",277,315,162905,162943,3.2,40.1,82.051,5,5
"NZ_CP034756.1","complete",1812934,"plasmid",108486,"SAMN10654518","","Homo sapiens","Enterobacter hormaechei subsp. hoffmannii","subspecies","cellular organisms; Bacteria; Proteobacteria; Gammaproteobacteria; Enterobacterales; Enterobacteriaceae; Enterobacter; Enterobacter cloacae complex; Enterobacter hormaechei",158836,"Enterobacter hormaechei",547,"Enterobacter",543,"Enterobacteriaceae",91347,"Enterobacterales",1236,"Gammaproteobacteria",1224,"Proteobacteria",2,"Bacteria","IncFIB(pB171)_1, AB024946, |IncFII(Yp)_1, CP000670, ","IncF RST(Y4:A-:B-):FIA(-);FIB(70?);FIC(-);FII(-);FIIK(-);FIIS(-);FIIY(4)","gacctggata_cattaggtga_1",1,810,80858,81667,0,1462,100,100,100
"NZ_CP034756.1","complete",1812934,"plasmid",108486,"SAMN10654518","","Homo sapiens","Enterobacter hormaechei subsp. hoffmannii","subspecies","cellular organisms; Bacteria; Proteobacteria; Gammaproteobacteria; Enterobacterales; Enterobacteriaceae; Enterobacter; Enterobacter cloacae complex; Enterobacter hormaechei",158836,"Enterobacter hormaechei",547,"Enterobacter",543,"Enterobacteriaceae",91347,"Enterobacterales",1236,"Gammaproteobacteria",1224,"Proteobacteria",2,"Bacteria","IncFIB(pB171)_1, AB024946, |IncFII(Yp)_1, CP000670, ","IncF RST(Y4:A-:B-):FIA(-);FIB(70?);FIC(-);FII(-);FIIK(-);FIIS(-);FIIY(4)","ggttgtgggt_atatgtccgc_1",3,813,80857,81667,0,1463,100,99,99
"NZ_CP034756.1","complete",1812934,"plasmid",108486,"SAMN10654518","","Homo sapiens","Enterobacter hormaechei subsp. hoffmannii","subspecies","cellular organisms; Bacteria; Proteobacteria; Gammaproteobacteria; Enterobacterales; Enterobacteriaceae; Enterobacter; Enterobacter cloacae complex; Enterobacter hormaechei",158836,"Enterobacter hormaechei",547,"Enterobacter",543,"Enterobacteriaceae",91347,"Enterobacterales",1236,"Gammaproteobacteria",1224,"Proteobacteria",2,"Bacteria","IncFIB(pB171)_1, AB024946, |IncFII(Yp)_1, CP000670, ","IncF RST(Y4:A-:B-):FIA(-);FIB(70?);FIC(-);FII(-);FIIK(-);FIIS(-);FIIY(4)","ctgctaatga_gagaagaagt_1",3,813,80857,81667,0,1463,100,99,99
"NZ_CP034756.1","complete",1812934,"plasmid",108486,"SAMN10654518","","Homo sapiens","Enterobacter hormaechei subsp. hoffmannii","subspecies","cellular organisms; Bacteria; Proteobacteria; Gammaproteobacteria; Enterobacterales; Enterobacteriaceae; Enterobacter; Enterobacter cloacae complex; Enterobacter hormaechei",158836,"Enterobacter hormaechei",547,"Enterobacter",543,"Enterobacteriaceae",91347,"Enterobacterales",1236,"Gammaproteobacteria",1224,"Proteobacteria",2,"Bacteria","IncFIB(pB171)_1, AB024946, |IncFII(Yp)_1, CP000670, ","IncF RST(Y4:A-:B-):FIA(-);FIB(70?);FIC(-);FII(-);FIIK(-);FIIS(-);FIIY(4)","cgtcacctcc_tcaataatag_1",9,819,80857,81667,0,1463,100,99,99
"NZ_CP034756.1","complete",1812934,"plasmid",108486,"SAMN10654518","","Homo sapiens","Enterobacter hormaechei subsp. hoffmannii","subspecies","cellular organisms; Bacteria; Proteobacteria; Gammaproteobacteria; Enterobacterales; Enterobacteriaceae; Enterobacter; Enterobacter cloacae complex; Enterobacter hormaechei",158836,"Enterobacter hormaechei",547,"Enterobacter",543,"Enterobacteriaceae",91347,"Enterobacterales",1236,"Gammaproteobacteria",1224,"Proteobacteria",2,"Bacteria","IncFIB(pB171)_1, AB024946, |IncFII(Yp)_1, CP000670, ","IncF RST(Y4:A-:B-):FIA(-);FIB(70?);FIC(-);FII(-);FIIK(-);FIIS(-);FIIY(4)","atttgaaggg_acaagtcacc_1",1,810,80858,81667,0,1462,100,100,100
"NZ_CP034756.1","complete",1812934,"plasmid",108486,"SAMN10654518","","Homo sapiens","Enterobacter hormaechei subsp. hoffmannii","subspecies","cellular organisms; Bacteria; Proteobacteria; Gammaproteobacteria; Enterobacterales; Enterobacteriaceae; Enterobacter; Enterobacter cloacae complex; Enterobacter hormaechei",158836,"Enterobacter hormaechei",547,"Enterobacter",543,"Enterobacteriaceae",91347,"Enterobacterales",1236,"Gammaproteobacteria",1224,"Proteobacteria",2,"Bacteria","IncFIB(pB171)_1, AB024946, |IncFII(Yp)_1, CP000670, ","IncF RST(Y4:A-:B-):FIA(-);FIB(70?);FIC(-);FII(-);FIIK(-);FIIS(-);FIIY(4)","tatttctttc_gtgtcctcag_1",1,810,80858,81667,0,1462,100,100,100
"NZ_CP034756.1","complete",1812934,"plasmid",108486,"SAMN10654518","","Homo sapiens","Enterobacter hormaechei subsp. hoffmannii","subspecies","cellular organisms; Bacteria; Proteobacteria; Gammaproteobacteria; Enterobacterales; Enterobacteriaceae; Enterobacter; Enterobacter cloacae complex; Enterobacter hormaechei",158836,"Enterobacter hormaechei",547,"Enterobacter",543,"Enterobacteriaceae",91347,"Enterobacterales",1236,"Gammaproteobacteria",1224,"Proteobacteria",2,"Bacteria","IncFIB(pB171)_1, AB024946, |IncFII(Yp)_1, CP000670, ","IncF RST(Y4:A-:B-):FIA(-);FIB(70?);FIC(-);FII(-);FIIK(-);FIIS(-);FIIY(4)","acatagggga_agtcaaatga_1",3,813,80857,81667,0,1463,100,99,99
"NZ_CP034756.1","complete",1812934,"plasmid",108486,"SAMN10654518","","Homo sapiens","Enterobacter hormaechei subsp. hoffmannii","subspecies","cellular organisms; Bacteria; Proteobacteria; Gammaproteobacteria; Enterobacterales; Enterobacteriaceae; Enterobacter; Enterobacter cloacae complex; Enterobacter hormaechei",158836,"Enterobacter hormaechei",547,"Enterobacter",543,"Enterobacteriaceae",91347,"Enterobacterales",1236,"Gammaproteobacteria",1224,"Proteobacteria",2,"Bacteria","IncFIB(pB171)_1, AB024946, |IncFII(Yp)_1, CP000670, ","IncF RST(Y4:A-:B-):FIA(-);FIB(70?);FIC(-);FII(-);FIIK(-);FIIS(-);FIIY(4)","ggccctgctg_tgagcgagaa_1",6,633,80857,81482,0,1122,99.682,99,99
"NZ_CP034756.1","complete",1812934,"plasmid",108486,"SAMN10654518","","Homo sapiens","Enterobacter hormaechei subsp. hoffmannii","subspecies","cellular organisms; Bacteria; Proteobacteria; Gammaproteobacteria; Enterobacterales; Enterobacteriaceae; Enterobacter; Enterobacter cloacae complex; Enterobacter hormaechei",158836,"Enterobacter hormaechei",547,"Enterobacter",543,"Enterobacteriaceae",91347,"Enterobacterales",1236,"Gammaproteobacteria",1224,"Proteobacteria",2,"Bacteria","IncFIB(pB171)_1, AB024946, |IncFII(Yp)_1, CP000670, ","IncF RST(Y4:A-:B-):FIA(-);FIB(70?);FIC(-);FII(-);FIIK(-);FIIS(-);FIIY(4)","cgaccgcaaa_tagccgtttt_2",145,954,80858,81667,0,1462,100,91,85
"NZ_CP034756.1","complete",1812934,"plasmid",108486,"SAMN10654518","","Homo sapiens","Enterobacter hormaechei subsp. hoffmannii","subspecies","cellular organisms; Bacteria; Proteobacteria; Gammaproteobacteria; Enterobacterales; Enterobacteriaceae; Enterobacter; Enterobacter cloacae complex; Enterobacter hormaechei",158836,"Enterobacter hormaechei",547,"Enterobacter",543,"Enterobacteriaceae",91347,"Enterobacterales",1236,"Gammaproteobacteria",1224,"Proteobacteria",2,"Bacteria","IncFIB(pB171)_1, AB024946, |IncFII(Yp)_1, CP000670, ","IncF RST(Y4:A-:B-):FIA(-);FIB(70?);FIC(-);FII(-);FIIK(-);FIIS(-);FIIY(4)","cgaccgtccg_gcagccagca_1",3,483,80857,81338,0,862,99.793,99,99
"NZ_CP034756.1","complete",1812934,"plasmid",108486,"SAMN10654518","","Homo sapiens","Enterobacter hormaechei subsp. hoffmannii","subspecies","cellular organisms; Bacteria; Proteobacteria; Gammaproteobacteria; Enterobacterales; Enterobacteriaceae; Enterobacter; Enterobacter cloacae complex; Enterobacter hormaechei",158836,"Enterobacter hormaechei",547,"Enterobacter",543,"Enterobacteriaceae",91347,"Enterobacterales",1236,"Gammaproteobacteria",1224,"Proteobacteria",2,"Bacteria","IncFIB(pB171)_1, AB024946, |IncFII(Yp)_1, CP000670, ","IncF RST(Y4:A-:B-):FIA(-);FIB(70?);FIC(-);FII(-);FIIK(-);FIIS(-);FIIY(4)","accccaggag_ttaatcgatc_1",3,486,80854,81338,0,863,99.588,99,99
"NZ_CP034756.1","complete",1812934,"plasmid",108486,"SAMN10654518","","Homo sapiens","Enterobacter hormaechei subsp. hoffmannii","subspecies","cellular organisms; Bacteria; Proteobacteria; Gammaproteobacteria; Enterobacterales; Enterobacteriaceae; Enterobacter; Enterobacter cloacae complex; Enterobacter hormaechei",158836,"Enterobacter hormaechei",547,"Enterobacter",543,"Enterobacteriaceae",91347,"Enterobacterales",1236,"Gammaproteobacteria",1224,"Proteobacteria",2,"Bacteria","IncFIB(pB171)_1, AB024946, |IncFII(Yp)_1, CP000670, ","IncF RST(Y4:A-:B-):FIA(-);FIB(70?);FIC(-);FII(-);FIIK(-);FIIS(-);FIIY(4)","atacgcatgc_aactcaaggc_1",3,813,80857,81667,0,1463,100,99,99
"NZ_CP034756.1","complete",1812934,"plasmid",108486,"SAMN10654518","","Homo sapiens","Enterobacter hormaechei subsp. hoffmannii","subspecies","cellular organisms; Bacteria; Proteobacteria; Gammaproteobacteria; Enterobacterales; Enterobacteriaceae; Enterobacter; Enterobacter cloacae complex; Enterobacter hormaechei",158836,"Enterobacter hormaechei",547,"Enterobacter",543,"Enterobacteriaceae",91347,"Enterobacterales",1236,"Gammaproteobacteria",1224,"Proteobacteria",2,"Bacteria","IncFIB(pB171)_1, AB024946, |IncFII(Yp)_1, CP000670, ","IncF RST(Y4:A-:B-):FIA(-);FIB(70?);FIC(-);FII(-);FIIK(-);FIIS(-);FIIY(4)","atctgcacgc_caggaacgat_1",3,813,80857,81667,0,1463,100,99,99
"NZ_CP034756.1","complete",1812934,"plasmid",108486,"SAMN10654518","","Homo sapiens","Enterobacter hormaechei subsp. hoffmannii","subspecies","cellular organisms; Bacteria; Proteobacteria; Gammaproteobacteria; Enterobacterales; Enterobacteriaceae; Enterobacter; Enterobacter cloacae complex; Enterobacter hormaechei",158836,"Enterobacter hormaechei",547,"Enterobacter",543,"Enterobacteriaceae",91347,"Enterobacterales",1236,"Gammaproteobacteria",1224,"Proteobacteria",2,"Bacteria","IncFIB(pB171)_1, AB024946, |IncFII(Yp)_1, CP000670, ","IncF RST(Y4:A-:B-):FIA(-);FIB(70?);FIC(-);FII(-);FIIK(-);FIIS(-);FIIY(4)","ttttttagtt_gtcttggctt_1",1,813,80855,81667,0,1467,100,100,100
"NZ_CP034756.1","complete",1812934,"plasmid",108486,"SAMN10654518","","Homo sapiens","Enterobacter hormaechei subsp. hoffmannii","subspecies","cellular organisms; Bacteria; Proteobacteria; Gammaproteobacteria; Enterobacterales; Enterobacteriaceae; Enterobacter; Enterobacter cloacae complex; Enterobacter hormaechei",158836,"Enterobacter hormaechei",547,"Enterobacter",543,"Enterobacteriaceae",91347,"Enterobacterales",1236,"Gammaproteobacteria",1224,"Proteobacteria",2,"Bacteria","IncFIB(pB171)_1, AB024946, |IncFII(Yp)_1, CP000670, ","IncF RST(Y4:A-:B-):FIA(-);FIB(70?);FIC(-);FII(-);FIIK(-);FIIS(-);FIIY(4)","tcactaaaga_atagaataag_1",6,816,80857,81667,0,1463,100,99,99
"NZ_CP034756.1","complete",1812934,"plasmid",108486,"SAMN10654518","","Homo sapiens","Enterobacter hormaechei subsp. hoffmannii","subspecies","cellular organisms; Bacteria; Proteobacteria; Gammaproteobacteria; Enterobacterales; Enterobacteriaceae; Enterobacter; Enterobacter cloacae complex; Enterobacter hormaechei",158836,"Enterobacter hormaechei",547,"Enterobacter",543,"Enterobacteriaceae",91347,"Enterobacterales",1236,"Gammaproteobacteria",1224,"Proteobacteria",2,"Bacteria","IncFIB(pB171)_1, AB024946, |IncFII(Yp)_1, CP000670, ","IncF RST(Y4:A-:B-):FIA(-);FIB(70?);FIC(-);FII(-);FIIK(-);FIIS(-);FIIY(4)","tgtatgagtt_tcaaaccaga_1",9,822,80857,81667,0,1453,99.631,99,99
"NZ_CP034756.1","complete",1812934,"plasmid",108486,"SAMN10654518","","Homo sapiens","Enterobacter hormaechei subsp. hoffmannii","subspecies","cellular organisms; Bacteria; Proteobacteria; Gammaproteobacteria; Enterobacterales; Enterobacteriaceae; Enterobacter; Enterobacter cloacae complex; Enterobacter hormaechei",158836,"Enterobacter hormaechei",547,"Enterobacter",543,"Enterobacteriaceae",91347,"Enterobacterales",1236,"Gammaproteobacteria",1224,"Proteobacteria",2,"Bacteria","IncFIB(pB171)_1, AB024946, |IncFII(Yp)_1, CP000670, ","IncF RST(Y4:A-:B-):FIA(-);FIB(70?);FIC(-);FII(-);FIIK(-);FIIS(-);FIIY(4)","ggcttctttt_taacaagtct_1",6,579,80857,81429,0,1028,99.826,99,99
"NZ_CP034756.1","complete",1812934,"plasmid",108486,"SAMN10654518","","Homo sapiens","Enterobacter hormaechei subsp. hoffmannii","subspecies","cellular organisms; Bacteria; Proteobacteria; Gammaproteobacteria; Enterobacterales; Enterobacteriaceae; Enterobacter; Enterobacter cloacae complex; Enterobacter hormaechei",158836,"Enterobacter hormaechei",547,"Enterobacter",543,"Enterobacteriaceae",91347,"Enterobacterales",1236,"Gammaproteobacteria",1224,"Proteobacteria",2,"Bacteria","IncFIB(pB171)_1, AB024946, |IncFII(Yp)_1, CP000670, ","IncF RST(Y4:A-:B-):FIA(-);FIB(70?);FIC(-);FII(-);FIIK(-);FIIS(-);FIIY(4)","gattcctttc_tgtctccctg_1",1,810,80858,81667,0,1462,100,100,100
"NZ_CP034756.1","complete",1812934,"plasmid",108486,"SAMN10654518","","Homo sapiens","Enterobacter hormaechei subsp. hoffmannii","subspecies","cellular organisms; Bacteria; Proteobacteria; Gammaproteobacteria; Enterobacterales; Enterobacteriaceae; Enterobacter; Enterobacter cloacae complex; Enterobacter hormaechei",158836,"Enterobacter hormaechei",547,"Enterobacter",543,"Enterobacteriaceae",91347,"Enterobacterales",1236,"Gammaproteobacteria",1224,"Proteobacteria",2,"Bacteria","IncFIB(pB171)_1, AB024946, |IncFII(Yp)_1, CP000670, ","IncF RST(Y4:A-:B-):FIA(-);FIB(70?);FIC(-);FII(-);FIIK(-);FIIS(-);FIIY(4)","gctatctgag_agggacacta_1",1,810,80858,81667,0,1462,100,100,100
"NZ_CP034756.1","complete",1812934,"plasmid",108486,"SAMN10654518","","Homo sapiens","Enterobacter hormaechei subsp. hoffmannii","subspecies","cellular organisms; Bacteria; Proteobacteria; Gammaproteobacteria; Enterobacterales; Enterobacteriaceae; Enterobacter; Enterobacter cloacae complex; Enterobacter hormaechei",158836,"Enterobacter hormaechei",547,"Enterobacter",543,"Enterobacteriaceae",91347,"Enterobacterales",1236,"Gammaproteobacteria",1224,"Proteobacteria",2,"Bacteria","IncFIB(pB171)_1, AB024946, |IncFII(Yp)_1, CP000670, ","IncF RST(Y4:A-:B-):FIA(-);FIB(70?);FIC(-);FII(-);FIIK(-);FIIS(-);FIIY(4)","tacggttgtt_taatggagta_1",9,582,80857,81429,0,1028,99.826,99,99
"NZ_CP034756.1","complete",1812934,"plasmid",108486,"SAMN10654518","","Homo sapiens","Enterobacter hormaechei subsp. hoffmannii","subspecies","cellular organisms; Bacteria; Proteobacteria; Gammaproteobacteria; Enterobacterales; Enterobacteriaceae; Enterobacter; Enterobacter cloacae complex; Enterobacter hormaechei",158836,"Enterobacter hormaechei",547,"Enterobacter",543,"Enterobacteriaceae",91347,"Enterobacterales",1236,"Gammaproteobacteria",1224,"Proteobacteria",2,"Bacteria","IncFIB(pB171)_1, AB024946, |IncFII(Yp)_1, CP000670, ","IncF RST(Y4:A-:B-):FIA(-);FIB(70?);FIC(-);FII(-);FIIK(-);FIIS(-);FIIY(4)","tttagccgaa_aaccgtcgcc_1",3,813,80857,81667,0,1463,100,99,99
"NZ_CP034756.1","complete",1812934,"plasmid",108486,"SAMN10654518","","Homo sapiens","Enterobacter hormaechei subsp. hoffmannii","subspecies","cellular organisms; Bacteria; Proteobacteria; Gammaproteobacteria; Enterobacterales; Enterobacteriaceae; Enterobacter; Enterobacter cloacae complex; Enterobacter hormaechei",158836,"Enterobacter hormaechei",547,"Enterobacter",543,"Enterobacteriaceae",91347,"Enterobacterales",1236,"Gammaproteobacteria",1224,"Proteobacteria",2,"Bacteria","IncFIB(pB171)_1, AB024946, |IncFII(Yp)_1, CP000670, ","IncF RST(Y4:A-:B-):FIA(-);FIB(70?);FIC(-);FII(-);FIIK(-);FIIS(-);FIIY(4)","gtccaggtct_ggtacggtag_1",1,810,80858,81667,0,1462,100,100,100
"NZ_CP034756.1","complete",1812934,"plasmid",108486,"SAMN10654518","","Homo sapiens","Enterobacter hormaechei subsp. hoffmannii","subspecies","cellular organisms; Bacteria; Proteobacteria; Gammaproteobacteria; Enterobacterales; Enterobacteriaceae; Enterobacter; Enterobacter cloacae complex; Enterobacter hormaechei",158836,"Enterobacter hormaechei",547,"Enterobacter",543,"Enterobacteriaceae",91347,"Enterobacterales",1236,"Gammaproteobacteria",1224,"Proteobacteria",2,"Bacteria","IncFIB(pB171)_1, AB024946, |IncFII(Yp)_1, CP000670, ","IncF RST(Y4:A-:B-):FIA(-);FIB(70?);FIC(-);FII(-);FIIK(-);FIIS(-);FIIY(4)","caggtcgttt_taaacgtttt_1",6,816,80857,81667,0,1463,100,99,99
"NZ_CP034756.1","complete",1812934,"plasmid",108486,"SAMN10654518","","Homo sapiens","Enterobacter hormaechei subsp. hoffmannii","subspecies","cellular organisms; Bacteria; Proteobacteria; Gammaproteobacteria; Enterobacterales; Enterobacteriaceae; Enterobacter; Enterobacter cloacae complex; Enterobacter hormaechei",158836,"Enterobacter hormaechei",547,"Enterobacter",543,"Enterobacteriaceae",91347,"Enterobacterales",1236,"Gammaproteobacteria",1224,"Proteobacteria",2,"Bacteria","IncFIB(pB171)_1, AB024946, |IncFII(Yp)_1, CP000670, ","IncF RST(Y4:A-:B-):FIA(-);FIB(70?);FIC(-);FII(-);FIIK(-);FIIS(-);FIIY(4)","tgtgcctctc_ataatgacag_1",1,480,80858,81338,0,860,99.792,100,100
"NZ_CP034756.1","complete",1812934,"plasmid",108486,"SAMN10654518","","Homo sapiens","Enterobacter hormaechei subsp. hoffmannii","subspecies","cellular organisms; Bacteria; Proteobacteria; Gammaproteobacteria; Enterobacterales; Enterobacteriaceae; Enterobacter; Enterobacter cloacae complex; Enterobacter hormaechei",158836,"Enterobacter hormaechei",547,"Enterobacter",543,"Enterobacteriaceae",91347,"Enterobacterales",1236,"Gammaproteobacteria",1224,"Proteobacteria",2,"Bacteria","IncFIB(pB171)_1, AB024946, |IncFII(Yp)_1, CP000670, ","IncF RST(Y4:A-:B-):FIA(-);FIB(70?);FIC(-);FII(-);FIIK(-);FIIS(-);FIIY(4)","tcagcttgct_aaaactaggg_1",1,810,80858,81667,0,1462,100,100,100
"NZ_CP034756.1","complete",1812934,"plasmid",108486,"SAMN10654518","","Homo sapiens","Enterobacter hormaechei subsp. hoffmannii","subspecies","cellular organisms; Bacteria; Proteobacteria; Gammaproteobacteria; Enterobacterales; Enterobacteriaceae; Enterobacter; Enterobacter cloacae complex; Enterobacter hormaechei",158836,"Enterobacter hormaechei",547,"Enterobacter",543,"Enterobacteriaceae",91347,"Enterobacterales",1236,"Gammaproteobacteria",1224,"Proteobacteria",2,"Bacteria","IncFIB(pB171)_1, AB024946, |IncFII(Yp)_1, CP000670, ","IncF RST(Y4:A-:B-):FIA(-);FIB(70?);FIC(-);FII(-);FIIK(-);FIIS(-);FIIY(4)","ttgcaggatc_aatgaacaga_3",1,795,80873,81667,0,1434,100,100,100
"NZ_CP034756.1","complete",1812934,"plasmid",108486,"SAMN10654518","","Homo sapiens","Enterobacter hormaechei subsp. hoffmannii","subspecies","cellular organisms; Bacteria; Proteobacteria; Gammaproteobacteria; Enterobacterales; Enterobacteriaceae; Enterobacter; Enterobacter cloacae complex; Enterobacter hormaechei",158836,"Enterobacter hormaechei",547,"Enterobacter",543,"Enterobacteriaceae",91347,"Enterobacterales",1236,"Gammaproteobacteria",1224,"Proteobacteria",2,"Bacteria","IncFIB(pB171)_1, AB024946, |IncFII(Yp)_1, CP000670, ","IncF RST(Y4:A-:B-):FIA(-);FIB(70?);FIC(-);FII(-);FIIK(-);FIIS(-);FIIY(4)","tctaacgatc_tcgcgcgacg_1",3,813,80857,81667,0,1463,100,99,99
"NZ_CP034756.1","complete",1812934,"plasmid",108486,"SAMN10654518","","Homo sapiens","Enterobacter hormaechei subsp. hoffmannii","subspecies","cellular organisms; Bacteria; Proteobacteria; Gammaproteobacteria; Enterobacterales; Enterobacteriaceae; Enterobacter; Enterobacter cloacae complex; Enterobacter hormaechei",158836,"Enterobacter hormaechei",547,"Enterobacter",543,"Enterobacteriaceae",91347,"Enterobacterales",1236,"Gammaproteobacteria",1224,"Proteobacteria",2,"Bacteria","IncFIB(pB171)_1, AB024946, |IncFII(Yp)_1, CP000670, ","IncF RST(Y4:A-:B-):FIA(-);FIB(70?);FIC(-);FII(-);FIIK(-);FIIS(-);FIIY(4)","ctagtcttct_caatagttca_1",4,813,80858,81667,0,1462,100,99,99
"NZ_CP034756.1","complete",1812934,"plasmid",108486,"SAMN10654518","","Homo sapiens","Enterobacter hormaechei subsp. hoffmannii","subspecies","cellular organisms; Bacteria; Proteobacteria; Gammaproteobacteria; Enterobacterales; Enterobacteriaceae; Enterobacter; Enterobacter cloacae complex; Enterobacter hormaechei",158836,"Enterobacter hormaechei",547,"Enterobacter",543,"Enterobacteriaceae",91347,"Enterobacterales",1236,"Gammaproteobacteria",1224,"Proteobacteria",2,"Bacteria","IncFIB(pB171)_1, AB024946, |IncFII(Yp)_1, CP000670, ","IncF RST(Y4:A-:B-):FIA(-);FIB(70?);FIC(-);FII(-);FIIK(-);FIIS(-);FIIY(4)","atgcgtgtta_aaataagctc_1",6,816,80857,81667,0,1463,100,99,99
"NZ_CP034756.1","complete",1812934,"plasmid",108486,"SAMN10654518","","Homo sapiens","Enterobacter hormaechei subsp. hoffmannii","subspecies","cellular organisms; Bacteria; Proteobacteria; Gammaproteobacteria; Enterobacterales; Enterobacteriaceae; Enterobacter; Enterobacter cloacae complex; Enterobacter hormaechei",158836,"Enterobacter hormaechei",547,"Enterobacter",543,"Enterobacteriaceae",91347,"Enterobacterales",1236,"Gammaproteobacteria",1224,"Proteobacteria",2,"Bacteria","IncFIB(pB171)_1, AB024946, |IncFII(Yp)_1, CP000670, ","IncF RST(Y4:A-:B-):FIA(-);FIB(70?);FIC(-);FII(-);FIIK(-);FIIS(-);FIIY(4)","agcgctggct_aactggaaac_1",9,819,80857,81667,0,1463,100,99,99
"NZ_CP034756.1","complete",1812934,"plasmid",108486,"SAMN10654518","","Homo sapiens","Enterobacter hormaechei subsp. hoffmannii","subspecies","cellular organisms; Bacteria; Proteobacteria; Gammaproteobacteria; Enterobacterales; Enterobacteriaceae; Enterobacter; Enterobacter cloacae complex; Enterobacter hormaechei",158836,"Enterobacter hormaechei",547,"Enterobacter",543,"Enterobacteriaceae",91347,"Enterobacterales",1236,"Gammaproteobacteria",1224,"Proteobacteria",2,"Bacteria","IncFIB(pB171)_1, AB024946, |IncFII(Yp)_1, CP000670, ","IncF RST(Y4:A-:B-):FIA(-);FIB(70?);FIC(-);FII(-);FIIK(-);FIIS(-);FIIY(4)","gtcactctca_acgtataagc_1",3,813,80857,81667,0,1463,100,99,99
"NZ_CP034756.1","complete",1812934,"plasmid",108486,"SAMN10654518","","Homo sapiens","Enterobacter hormaechei subsp. hoffmannii","subspecies","cellular organisms; Bacteria; Proteobacteria; Gammaproteobacteria; Enterobacterales; Enterobacteriaceae; Enterobacter; Enterobacter cloacae complex; Enterobacter hormaechei",158836,"Enterobacter hormaechei",547,"Enterobacter",543,"Enterobacteriaceae",91347,"Enterobacterales",1236,"Gammaproteobacteria",1224,"Proteobacteria",2,"Bacteria","IncFIB(pB171)_1, AB024946, |IncFII(Yp)_1, CP000670, ","IncF RST(Y4:A-:B-):FIA(-);FIB(70?);FIC(-);FII(-);FIIK(-);FIIS(-);FIIY(4)","agctgtacat_taaagacaga_1",1,810,80858,81667,0,1462,100,100,100
"NZ_CP034756.1","complete",1812934,"plasmid",108486,"SAMN10654518","","Homo sapiens","Enterobacter hormaechei subsp. hoffmannii","subspecies","cellular organisms; Bacteria; Proteobacteria; Gammaproteobacteria; Enterobacterales; Enterobacteriaceae; Enterobacter; Enterobacter cloacae complex; Enterobacter hormaechei",158836,"Enterobacter hormaechei",547,"Enterobacter",543,"Enterobacteriaceae",91347,"Enterobacterales",1236,"Gammaproteobacteria",1224,"Proteobacteria",2,"Bacteria","IncFIB(pB171)_1, AB024946, |IncFII(Yp)_1, CP000670, ","IncF RST(Y4:A-:B-):FIA(-);FIB(70?);FIC(-);FII(-);FIIK(-);FIIS(-);FIIY(4)","gcatttatat_ttcgggaggt_2",1,795,80873,81667,0,1434,100,100,100
"NZ_CP034756.1","complete",1812934,"plasmid",108486,"SAMN10654518","","Homo sapiens","Enterobacter hormaechei subsp. hoffmannii","subspecies","cellular organisms; Bacteria; Proteobacteria; Gammaproteobacteria; Enterobacterales; Enterobacteriaceae; Enterobacter; Enterobacter cloacae complex; Enterobacter hormaechei",158836,"Enterobacter hormaechei",547,"Enterobacter",543,"Enterobacteriaceae",91347,"Enterobacterales",1236,"Gammaproteobacteria",1224,"Proteobacteria",2,"Bacteria","IncFIB(pB171)_1, AB024946, |IncFII(Yp)_1, CP000670, ","IncF RST(Y4:A-:B-):FIA(-);FIB(70?);FIC(-);FII(-);FIIK(-);FIIS(-);FIIY(4)","cctttcgtta_taagatacgt_1",3,813,80857,81667,0,1463,100,99,99
"NZ_CP034756.1","complete",1812934,"plasmid",108486,"SAMN10654518","","Homo sapiens","Enterobacter hormaechei subsp. hoffmannii","subspecies","cellular organisms; Bacteria; Proteobacteria; Gammaproteobacteria; Enterobacterales; Enterobacteriaceae; Enterobacter; Enterobacter cloacae complex; Enterobacter hormaechei",158836,"Enterobacter hormaechei",547,"Enterobacter",543,"Enterobacteriaceae",91347,"Enterobacterales",1236,"Gammaproteobacteria",1224,"Proteobacteria",2,"Bacteria","IncFIB(pB171)_1, AB024946, |IncFII(Yp)_1, CP000670, ","IncF RST(Y4:A-:B-):FIA(-);FIB(70?);FIC(-);FII(-);FIIK(-);FIIS(-);FIIY(4)","tgagctctgt_cgcccgtcct_1",3,813,80857,81667,0,1463,100,99,99
"NZ_CP034756.1","complete",1812934,"plasmid",108486,"SAMN10654518","","Homo sapiens","Enterobacter hormaechei subsp. hoffmannii","subspecies","cellular organisms; Bacteria; Proteobacteria; Gammaproteobacteria; Enterobacterales; Enterobacteriaceae; Enterobacter; Enterobacter cloacae complex; Enterobacter hormaechei",158836,"Enterobacter hormaechei",547,"Enterobacter",543,"Enterobacteriaceae",91347,"Enterobacterales",1236,"Gammaproteobacteria",1224,"Proteobacteria",2,"Bacteria","IncFIB(pB171)_1, AB024946, |IncFII(Yp)_1, CP000670, ","IncF RST(Y4:A-:B-):FIA(-);FIB(70?);FIC(-);FII(-);FIIK(-);FIIS(-);FIIY(4)","tgcttattcg_ccaactcata_1",7,816,80858,81667,0,1462,100,99,99
"NZ_CP034756.1","complete",1812934,"plasmid",108486,"SAMN10654518","","Homo sapiens","Enterobacter hormaechei subsp. hoffmannii","subspecies","cellular organisms; Bacteria; Proteobacteria; Gammaproteobacteria; Enterobacterales; Enterobacteriaceae; Enterobacter; Enterobacter cloacae complex; Enterobacter hormaechei",158836,"Enterobacter hormaechei",547,"Enterobacter",543,"Enterobacteriaceae",91347,"Enterobacterales",1236,"Gammaproteobacteria",1224,"Proteobacteria",2,"Bacteria","IncFIB(pB171)_1, AB024946, |IncFII(Yp)_1, CP000670, ","IncF RST(Y4:A-:B-):FIA(-);FIB(70?);FIC(-);FII(-);FIIK(-);FIIS(-);FIIY(4)","cttttcgcac_aaacaggagc_1",3,813,80857,81667,0,1463,100,99,99
"NZ_CP034756.1","complete",1812934,"plasmid",108486,"SAMN10654518","","Homo sapiens","Enterobacter hormaechei subsp. hoffmannii","subspecies","cellular organisms; Bacteria; Proteobacteria; Gammaproteobacteria; Enterobacterales; Enterobacteriaceae; Enterobacter; Enterobacter cloacae complex; Enterobacter hormaechei",158836,"Enterobacter hormaechei",547,"Enterobacter",543,"Enterobacteriaceae",91347,"Enterobacterales",1236,"Gammaproteobacteria",1224,"Proteobacteria",2,"Bacteria","IncFIB(pB171)_1, AB024946, |IncFII(Yp)_1, CP000670, ","IncF RST(Y4:A-:B-):FIA(-);FIB(70?);FIC(-);FII(-);FIIK(-);FIIS(-);FIIY(4)","agtaaggatg_tggacgcagg_1",6,579,80857,81429,0,1028,99.826,99,99
"NZ_CP034756.1","complete",1812934,"plasmid",108486,"SAMN10654518","","Homo sapiens","Enterobacter hormaechei subsp. hoffmannii","subspecies","cellular organisms; Bacteria; Proteobacteria; Gammaproteobacteria; Enterobacterales; Enterobacteriaceae; Enterobacter; Enterobacter cloacae complex; Enterobacter hormaechei",158836,"Enterobacter hormaechei",547,"Enterobacter",543,"Enterobacteriaceae",91347,"Enterobacterales",1236,"Gammaproteobacteria",1224,"Proteobacteria",2,"Bacteria","IncFIB(pB171)_1, AB024946, |IncFII(Yp)_1, CP000670, ","IncF RST(Y4:A-:B-):FIA(-);FIB(70?);FIC(-);FII(-);FIIK(-);FIIS(-);FIIY(4)","ggccatagta_ataacttctg_1",6,816,80857,81667,0,1463,100,99,99
"NZ_CP034756.1","complete",1812934,"plasmid",108486,"SAMN10654518","","Homo sapiens","Enterobacter hormaechei subsp. hoffmannii","subspecies","cellular organisms; Bacteria; Proteobacteria; Gammaproteobacteria; Enterobacterales; Enterobacteriaceae; Enterobacter; Enterobacter cloacae complex; Enterobacter hormaechei",158836,"Enterobacter hormaechei",547,"Enterobacter",543,"Enterobacteriaceae",91347,"Enterobacterales",1236,"Gammaproteobacteria",1224,"Proteobacteria",2,"Bacteria","IncFIB(pB171)_1, AB024946, |IncFII(Yp)_1, CP000670, ","IncF RST(Y4:A-:B-):FIA(-);FIB(70?);FIC(-);FII(-);FIIK(-);FIIS(-);FIIY(4)","tatagcgttg_agagcaatga_1",4,813,80858,81667,0,1462,100,99,99
"NZ_CP034756.1","complete",1812934,"plasmid",108486,"SAMN10654518","","Homo sapiens","Enterobacter hormaechei subsp. hoffmannii","subspecies","cellular organisms; Bacteria; Proteobacteria; Gammaproteobacteria; Enterobacterales; Enterobacteriaceae; Enterobacter; Enterobacter cloacae complex; Enterobacter hormaechei",158836,"Enterobacter hormaechei",547,"Enterobacter",543,"Enterobacteriaceae",91347,"Enterobacterales",1236,"Gammaproteobacteria",1224,"Proteobacteria",2,"Bacteria","IncFIB(pB171)_1, AB024946, |IncFII(Yp)_1, CP000670, ","IncF RST(Y4:A-:B-):FIA(-);FIB(70?);FIC(-);FII(-);FIIK(-);FIIS(-);FIIY(4)","cggcttcgaa_aactgtagat_3",296,1107,80856,81667,0,1461,99.877,73,73
"NZ_CP034756.1","complete",1812934,"plasmid",108486,"SAMN10654518","","Homo sapiens","Enterobacter hormaechei subsp. hoffmannii","subspecies","cellular organisms; Bacteria; Proteobacteria; Gammaproteobacteria; Enterobacterales; Enterobacteriaceae; Enterobacter; Enterobacter cloacae complex; Enterobacter hormaechei",158836,"Enterobacter hormaechei",547,"Enterobacter",543,"Enterobacteriaceae",91347,"Enterobacterales",1236,"Gammaproteobacteria",1224,"Proteobacteria",2,"Bacteria","IncFIB(pB171)_1, AB024946, |IncFII(Yp)_1, CP000670, ","IncF RST(Y4:A-:B-):FIA(-);FIB(70?);FIC(-);FII(-);FIIK(-);FIIS(-);FIIY(4)","catggtaatc_aaactcagta_1",1,810,80858,81667,0,1462,100,100,100
"NZ_CP034756.1","complete",1812934,"plasmid",108486,"SAMN10654518","","Homo sapiens","Enterobacter hormaechei subsp. hoffmannii","subspecies","cellular organisms; Bacteria; Proteobacteria; Gammaproteobacteria; Enterobacterales; Enterobacteriaceae; Enterobacter; Enterobacter cloacae complex; Enterobacter hormaechei",158836,"Enterobacter hormaechei",547,"Enterobacter",543,"Enterobacteriaceae",91347,"Enterobacterales",1236,"Gammaproteobacteria",1224,"Proteobacteria",2,"Bacteria","IncFIB(pB171)_1, AB024946, |IncFII(Yp)_1, CP000670, ","IncF RST(Y4:A-:B-):FIA(-);FIB(70?);FIC(-);FII(-);FIIK(-);FIIS(-);FIIY(4)","tttgggtgga_agcatcattg_2",4,396,81275,81667,0,710,100,99,99
"NZ_CP034756.1","complete",1812934,"plasmid",108486,"SAMN10654518","","Homo sapiens","Enterobacter hormaechei subsp. hoffmannii","subspecies","cellular organisms; Bacteria; Proteobacteria; Gammaproteobacteria; Enterobacterales; Enterobacteriaceae; Enterobacter; Enterobacter cloacae complex; Enterobacter hormaechei",158836,"Enterobacter hormaechei",547,"Enterobacter",543,"Enterobacteriaceae",91347,"Enterobacterales",1236,"Gammaproteobacteria",1224,"Proteobacteria",2,"Bacteria","IncFIB(pB171)_1, AB024946, |IncFII(Yp)_1, CP000670, ","IncF RST(Y4:A-:B-):FIA(-);FIB(70?);FIC(-);FII(-);FIIK(-);FIIS(-);FIIY(4)","tcgtttcaac_aataacgcga_1",6,816,80857,81667,0,1463,100,99,99
"NZ_CP034756.1","complete",1812934,"plasmid",108486,"SAMN10654518","","Homo sapiens","Enterobacter hormaechei subsp. hoffmannii","subspecies","cellular organisms; Bacteria; Proteobacteria; Gammaproteobacteria; Enterobacterales; Enterobacteriaceae; Enterobacter; Enterobacter cloacae complex; Enterobacter hormaechei",158836,"Enterobacter hormaechei",547,"Enterobacter",543,"Enterobacteriaceae",91347,"Enterobacterales",1236,"Gammaproteobacteria",1224,"Proteobacteria",2,"Bacteria","IncFIB(pB171)_1, AB024946, |IncFII(Yp)_1, CP000670, ","IncF RST(Y4:A-:B-):FIA(-);FIB(70?);FIC(-);FII(-);FIIK(-);FIIS(-);FIIY(4)","atcaatagtg_gagtgacagg_2",1,438,81230,81667,0,791,100,100,100
"NZ_CP034756.1","complete",1812934,"plasmid",108486,"SAMN10654518","","Homo sapiens","Enterobacter hormaechei subsp. hoffmannii","subspecies","cellular organisms; Bacteria; Proteobacteria; Gammaproteobacteria; Enterobacterales; Enterobacteriaceae; Enterobacter; Enterobacter cloacae complex; Enterobacter hormaechei",158836,"Enterobacter hormaechei",547,"Enterobacter",543,"Enterobacteriaceae",91347,"Enterobacterales",1236,"Gammaproteobacteria",1224,"Proteobacteria",2,"Bacteria","IncFIB(pB171)_1, AB024946, |IncFII(Yp)_1, CP000670, ","IncF RST(Y4:A-:B-):FIA(-);FIB(70?);FIC(-);FII(-);FIIK(-);FIIS(-);FIIY(4)","cctgtcggcg_atacagtgga_1",3,813,80857,81667,0,1463,100,99,99
"NZ_CP034756.1","complete",1812934,"plasmid",108486,"SAMN10654518","","Homo sapiens","Enterobacter hormaechei subsp. hoffmannii","subspecies","cellular organisms; Bacteria; Proteobacteria; Gammaproteobacteria; Enterobacterales; Enterobacteriaceae; Enterobacter; Enterobacter cloacae complex; Enterobacter hormaechei",158836,"Enterobacter hormaechei",547,"Enterobacter",543,"Enterobacteriaceae",91347,"Enterobacterales",1236,"Gammaproteobacteria",1224,"Proteobacteria",2,"Bacteria","IncFIB(pB171)_1, AB024946, |IncFII(Yp)_1, CP000670, ","IncF RST(Y4:A-:B-):FIA(-);FIB(70?);FIC(-);FII(-);FIIK(-);FIIS(-);FIIY(4)","tgtctttaag_aactaactgc_1",1,810,80858,81667,0,1462,100,100,100
"NZ_CP034756.1","complete",1812934,"plasmid",108486,"SAMN10654518","","Homo sapiens","Enterobacter hormaechei subsp. hoffmannii","subspecies","cellular organisms; Bacteria; Proteobacteria; Gammaproteobacteria; Enterobacterales; Enterobacteriaceae; Enterobacter; Enterobacter cloacae complex; Enterobacter hormaechei",158836,"Enterobacter hormaechei",547,"Enterobacter",543,"Enterobacteriaceae",91347,"Enterobacterales",1236,"Gammaproteobacteria",1224,"Proteobacteria",2,"Bacteria","IncFIB(pB171)_1, AB024946, |IncFII(Yp)_1, CP000670, ","IncF RST(Y4:A-:B-):FIA(-);FIB(70?);FIC(-);FII(-);FIIK(-);FIIS(-);FIIY(4)","gttttatacg_aatgtaaaag_1",1,807,80861,81667,0,1456,100,100,100
"NZ_CP034756.1","complete",1812934,"plasmid",108486,"SAMN10654518","","Homo sapiens","Enterobacter hormaechei subsp. hoffmannii","subspecies","cellular organisms; Bacteria; Proteobacteria; Gammaproteobacteria; Enterobacterales; Enterobacteriaceae; Enterobacter; Enterobacter cloacae complex; Enterobacter hormaechei",158836,"Enterobacter hormaechei",547,"Enterobacter",543,"Enterobacteriaceae",91347,"Enterobacterales",1236,"Gammaproteobacteria",1224,"Proteobacteria",2,"Bacteria","IncFIB(pB171)_1, AB024946, |IncFII(Yp)_1, CP000670, ","IncF RST(Y4:A-:B-):FIA(-);FIB(70?);FIC(-);FII(-);FIIK(-);FIIS(-);FIIY(4)","tgccctgttt_aattgatacg_2",62,870,80859,81667,0,1460,100,93,93
"NZ_CP034756.1","complete",1812934,"plasmid",108486,"SAMN10654518","","Homo sapiens","Enterobacter hormaechei subsp. hoffmannii","subspecies","cellular organisms; Bacteria; Proteobacteria; Gammaproteobacteria; Enterobacterales; Enterobacteriaceae; Enterobacter; Enterobacter cloacae complex; Enterobacter hormaechei",158836,"Enterobacter hormaechei",547,"Enterobacter",543,"Enterobacteriaceae",91347,"Enterobacterales",1236,"Gammaproteobacteria",1224,"Proteobacteria",2,"Bacteria","IncFIB(pB171)_1, AB024946, |IncFII(Yp)_1, CP000670, ","IncF RST(Y4:A-:B-):FIA(-);FIB(70?);FIC(-);FII(-);FIIK(-);FIIS(-);FIIY(4)","ttacaaatag_ccattactga_1",3,813,80857,81667,0,1463,100,99,99
"NZ_CP034756.1","complete",1812934,"plasmid",108486,"SAMN10654518","","Homo sapiens","Enterobacter hormaechei subsp. hoffmannii","subspecies","cellular organisms; Bacteria; Proteobacteria; Gammaproteobacteria; Enterobacterales; Enterobacteriaceae; Enterobacter; Enterobacter cloacae complex; Enterobacter hormaechei",158836,"Enterobacter hormaechei",547,"Enterobacter",543,"Enterobacteriaceae",91347,"Enterobacterales",1236,"Gammaproteobacteria",1224,"Proteobacteria",2,"Bacteria","IncFIB(pB171)_1, AB024946, |IncFII(Yp)_1, CP000670, ","IncF RST(Y4:A-:B-):FIA(-);FIB(70?);FIC(-);FII(-);FIIK(-);FIIS(-);FIIY(4)","tttagcgaca_aaacgggcat_1",3,813,80857,81667,0,1463,100,99,99
"NZ_CP034785.1","complete",562,"plasmid",230964,"SAMN10667090","feces","","Escherichia coli","species","cellular organisms; Bacteria; Proteobacteria; Gammaproteobacteria; Enterobacterales; Enterobacteriaceae; Escherichia",562,"Escherichia coli",561,"Escherichia",543,"Enterobacteriaceae",91347,"Enterobacterales",1236,"Gammaproteobacteria",1224,"Proteobacteria",2,"Bacteria","IncHI2A_1, BX664015, |IncHI2_1, BX664015, ","IncHI2 DLST(3):smr0018(3);smr0199(2)","tgtagccatg_cataatccga_2",1,342,102622,102281,5.72e-164,581,97.661,100,100
"NZ_CP034785.1","complete",562,"plasmid",230964,"SAMN10667090","feces","","Escherichia coli","species","cellular organisms; Bacteria; Proteobacteria; Gammaproteobacteria; Enterobacterales; Enterobacteriaceae; Escherichia",562,"Escherichia coli",561,"Escherichia",543,"Enterobacteriaceae",91347,"Enterobacterales",1236,"Gammaproteobacteria",1224,"Proteobacteria",2,"Bacteria","IncHI2A_1, BX664015, |IncHI2_1, BX664015, ","IncHI2 DLST(3):smr0018(3);smr0199(2)","taagaattgc_atttcgaggg_2",1,342,102622,102281,7.94e-175,618,100,100,100
"NZ_CP034785.1","complete",562,"plasmid",230964,"SAMN10667090","feces","","Escherichia coli","species","cellular organisms; Bacteria; Proteobacteria; Gammaproteobacteria; Enterobacterales; Enterobacteriaceae; Escherichia",562,"Escherichia coli",561,"Escherichia",543,"Enterobacteriaceae",91347,"Enterobacterales",1236,"Gammaproteobacteria",1224,"Proteobacteria",2,"Bacteria","IncHI2A_1, BX664015, |IncHI2_1, BX664015, ","IncHI2 DLST(3):smr0018(3);smr0199(2)","cgcggctcga_atgagacaaa_2",1,342,102622,102281,7.94e-175,618,100,100,100
"NZ_CP034785.1","complete",562,"plasmid",230964,"SAMN10667090","feces","","Escherichia coli","species","cellular organisms; Bacteria; Proteobacteria; Gammaproteobacteria; Enterobacterales; Enterobacteriaceae; Escherichia",562,"Escherichia coli",561,"Escherichia",543,"Enterobacteriaceae",91347,"Enterobacterales",1236,"Gammaproteobacteria",1224,"Proteobacteria",2,"Bacteria","IncHI2A_1, BX664015, |IncHI2_1, BX664015, ","IncHI2 DLST(3):smr0018(3);smr0199(2)","ccggcccatg_caaggaagat_2",1,342,102622,102281,7.94e-175,618,100,100,100
"NZ_CP034785.1","complete",562,"plasmid",230964,"SAMN10667090","feces","","Escherichia coli","species","cellular organisms; Bacteria; Proteobacteria; Gammaproteobacteria; Enterobacterales; Enterobacteriaceae; Escherichia",562,"Escherichia coli",561,"Escherichia",543,"Enterobacteriaceae",91347,"Enterobacterales",1236,"Gammaproteobacteria",1224,"Proteobacteria",2,"Bacteria","IncHI2A_1, BX664015, |IncHI2_1, BX664015, ","IncHI2 DLST(3):smr0018(3);smr0199(2)","ttcggcttgc_agcgactgtg_2",1,342,102622,102281,7.94e-175,618,100,100,100
"NZ_CP034785.1","complete",562,"plasmid",230964,"SAMN10667090","feces","","Escherichia coli","species","cellular organisms; Bacteria; Proteobacteria; Gammaproteobacteria; Enterobacterales; Enterobacteriaceae; Escherichia",562,"Escherichia coli",561,"Escherichia",543,"Enterobacteriaceae",91347,"Enterobacterales",1236,"Gammaproteobacteria",1224,"Proteobacteria",2,"Bacteria","IncHI2A_1, BX664015, |IncHI2_1, BX664015, ","IncHI2 DLST(3):smr0018(3);smr0199(2)","acgggcccca_tactacgatt_2",1,342,102622,102281,7.94e-175,618,100,100,100
"NZ_CP034785.1","complete",562,"plasmid",230964,"SAMN10667090","feces","","Escherichia coli","species","cellular organisms; Bacteria; Proteobacteria; Gammaproteobacteria; Enterobacterales; Enterobacteriaceae; Escherichia",562,"Escherichia coli",561,"Escherichia",543,"Enterobacteriaceae",91347,"Enterobacterales",1236,"Gammaproteobacteria",1224,"Proteobacteria",2,"Bacteria","IncHI2A_1, BX664015, |IncHI2_1, BX664015, ","IncHI2 DLST(3):smr0018(3);smr0199(2)","gcttccatca_taatattctg_2",1,342,102622,102281,7.94e-175,618,100,100,100
"NZ_CP034785.1","complete",562,"plasmid",230964,"SAMN10667090","feces","","Escherichia coli","species","cellular organisms; Bacteria; Proteobacteria; Gammaproteobacteria; Enterobacterales; Enterobacteriaceae; Escherichia",562,"Escherichia coli",561,"Escherichia",543,"Enterobacteriaceae",91347,"Enterobacterales",1236,"Gammaproteobacteria",1224,"Proteobacteria",2,"Bacteria","IncHI2A_1, BX664015, |IncHI2_1, BX664015, ","IncHI2 DLST(3):smr0018(3);smr0199(2)","tcaccggctt_cgacgttttg_2",1,342,102622,102281,7.94e-175,618,100,100,100
"NZ_CP034785.1","complete",562,"plasmid",230964,"SAMN10667090","feces","","Escherichia coli","species","cellular organisms; Bacteria; Proteobacteria; Gammaproteobacteria; Enterobacterales; Enterobacteriaceae; Escherichia",562,"Escherichia coli",561,"Escherichia",543,"Enterobacteriaceae",91347,"Enterobacterales",1236,"Gammaproteobacteria",1224,"Proteobacteria",2,"Bacteria","IncHI2A_1, BX664015, |IncHI2_1, BX664015, ","IncHI2 DLST(3):smr0018(3);smr0199(2)","ctctctagga_acactctaat_2",1,342,102622,102281,7.94e-175,618,100,100,100
"NZ_CP034785.1","complete",562,"plasmid",230964,"SAMN10667090","feces","","Escherichia coli","species","cellular organisms; Bacteria; Proteobacteria; Gammaproteobacteria; Enterobacterales; Enterobacteriaceae; Escherichia",562,"Escherichia coli",561,"Escherichia",543,"Enterobacteriaceae",91347,"Enterobacterales",1236,"Gammaproteobacteria",1224,"Proteobacteria",2,"Bacteria","IncHI2A_1, BX664015, |IncHI2_1, BX664015, ","IncHI2 DLST(3):smr0018(3);smr0199(2)","gggctcaaag_agatatcgcc_2",1,342,102622,102281,7.94e-175,618,100,100,100
"NZ_CP034785.1","complete",562,"plasmid",230964,"SAMN10667090","feces","","Escherichia coli","species","cellular organisms; Bacteria; Proteobacteria; Gammaproteobacteria; Enterobacterales; Enterobacteriaceae; Escherichia",562,"Escherichia coli",561,"Escherichia",543,"Enterobacteriaceae",91347,"Enterobacterales",1236,"Gammaproteobacteria",1224,"Proteobacteria",2,"Bacteria","IncHI2A_1, BX664015, |IncHI2_1, BX664015, ","IncHI2 DLST(3):smr0018(3);smr0199(2)","actgttcaca_cgatccgagt_2",1,342,102622,102281,7.94e-175,618,100,100,100
"NZ_CP034785.1","complete",562,"plasmid",230964,"SAMN10667090","feces","","Escherichia coli","species","cellular organisms; Bacteria; Proteobacteria; Gammaproteobacteria; Enterobacterales; Enterobacteriaceae; Escherichia",562,"Escherichia coli",561,"Escherichia",543,"Enterobacteriaceae",91347,"Enterobacterales",1236,"Gammaproteobacteria",1224,"Proteobacteria",2,"Bacteria","IncHI2A_1, BX664015, |IncHI2_1, BX664015, ","IncHI2 DLST(3):smr0018(3);smr0199(2)","tttgttaata_gcacatttat_2",1,342,102622,102281,7.94e-175,618,100,100,100
"NZ_CP034785.1","complete",562,"plasmid",230964,"SAMN10667090","feces","","Escherichia coli","species","cellular organisms; Bacteria; Proteobacteria; Gammaproteobacteria; Enterobacterales; Enterobacteriaceae; Escherichia",562,"Escherichia coli",561,"Escherichia",543,"Enterobacteriaceae",91347,"Enterobacterales",1236,"Gammaproteobacteria",1224,"Proteobacteria",2,"Bacteria","IncHI2A_1, BX664015, |IncHI2_1, BX664015, ","IncHI2 DLST(3):smr0018(3);smr0199(2)","tgcgttcacg_cctccgctct_2",1,342,102622,102281,5.72e-164,581,97.661,100,100
"NZ_CP034785.1","complete",562,"plasmid",230964,"SAMN10667090","feces","","Escherichia coli","species","cellular organisms; Bacteria; Proteobacteria; Gammaproteobacteria; Enterobacterales; Enterobacteriaceae; Escherichia",562,"Escherichia coli",561,"Escherichia",543,"Enterobacteriaceae",91347,"Enterobacterales",1236,"Gammaproteobacteria",1224,"Proteobacteria",2,"Bacteria","IncHI2A_1, BX664015, |IncHI2_1, BX664015, ","IncHI2 DLST(3):smr0018(3);smr0199(2)","tgcactgccc_gtgatgaatc_2",1,342,102622,102281,5.72e-164,581,97.661,100,100
"NZ_CP034785.1","complete",562,"plasmid",230964,"SAMN10667090","feces","","Escherichia coli","species","cellular organisms; Bacteria; Proteobacteria; Gammaproteobacteria; Enterobacterales; Enterobacteriaceae; Escherichia",562,"Escherichia coli",561,"Escherichia",543,"Enterobacteriaceae",91347,"Enterobacterales",1236,"Gammaproteobacteria",1224,"Proteobacteria",2,"Bacteria","IncHI2A_1, BX664015, |IncHI2_1, BX664015, ","IncHI2 DLST(3):smr0018(3);smr0199(2)","attttcacag_ctagatgatc_2",1,342,102622,102281,7.94e-175,618,100,100,100
"NZ_CP034785.1","complete",562,"plasmid",230964,"SAMN10667090","feces","","Escherichia coli","species","cellular organisms; Bacteria; Proteobacteria; Gammaproteobacteria; Enterobacterales; Enterobacteriaceae; Escherichia",562,"Escherichia coli",561,"Escherichia",543,"Enterobacteriaceae",91347,"Enterobacterales",1236,"Gammaproteobacteria",1224,"Proteobacteria",2,"Bacteria","IncHI2A_1, BX664015, |IncHI2_1, BX664015, ","IncHI2 DLST(3):smr0018(3);smr0199(2)","cgccgctctt_gacggcttaa_2",1,342,102622,102281,5.72e-164,581,97.661,100,100
"NZ_CP034785.1","complete",562,"plasmid",230964,"SAMN10667090","feces","","Escherichia coli","species","cellular organisms; Bacteria; Proteobacteria; Gammaproteobacteria; Enterobacterales; Enterobacteriaceae; Escherichia",562,"Escherichia coli",561,"Escherichia",543,"Enterobacteriaceae",91347,"Enterobacterales",1236,"Gammaproteobacteria",1224,"Proteobacteria",2,"Bacteria","IncHI2A_1, BX664015, |IncHI2_1, BX664015, ","IncHI2 DLST(3):smr0018(3);smr0199(2)","aagagatgat_ttcacgccat_2",1,342,102622,102281,7.94e-175,618,100,100,100
"NZ_CP034785.1","complete",562,"plasmid",230964,"SAMN10667090","feces","","Escherichia coli","species","cellular organisms; Bacteria; Proteobacteria; Gammaproteobacteria; Enterobacterales; Enterobacteriaceae; Escherichia",562,"Escherichia coli",561,"Escherichia",543,"Enterobacteriaceae",91347,"Enterobacterales",1236,"Gammaproteobacteria",1224,"Proteobacteria",2,"Bacteria","IncHI2A_1, BX664015, |IncHI2_1, BX664015, ","IncHI2 DLST(3):smr0018(3);smr0199(2)","atgccaccct_ctacaccgcc_2",1,342,102622,102281,5.72e-164,581,97.661,100,100
"NZ_CP034785.1","complete",562,"plasmid",230964,"SAMN10667090","feces","","Escherichia coli","species","cellular organisms; Bacteria; Proteobacteria; Gammaproteobacteria; Enterobacterales; Enterobacteriaceae; Escherichia",562,"Escherichia coli",561,"Escherichia",543,"Enterobacteriaceae",91347,"Enterobacterales",1236,"Gammaproteobacteria",1224,"Proteobacteria",2,"Bacteria","IncHI2A_1, BX664015, |IncHI2_1, BX664015, ","IncHI2 DLST(3):smr0018(3);smr0199(2)","tcgttggact_ccaacgccac_2",1,342,102622,102281,5.72e-164,581,97.661,100,100
"NZ_CP034785.1","complete",562,"plasmid",230964,"SAMN10667090","feces","","Escherichia coli","species","cellular organisms; Bacteria; Proteobacteria; Gammaproteobacteria; Enterobacterales; Enterobacteriaceae; Escherichia",562,"Escherichia coli",561,"Escherichia",543,"Enterobacteriaceae",91347,"Enterobacterales",1236,"Gammaproteobacteria",1224,"Proteobacteria",2,"Bacteria","IncHI2A_1, BX664015, |IncHI2_1, BX664015, ","IncHI2 DLST(3):smr0018(3);smr0199(2)","atcttattct_ccggattaaa_2",1,342,102622,102281,7.94e-175,618,100,100,100
"NZ_CP034785.1","complete",562,"plasmid",230964,"SAMN10667090","feces","","Escherichia coli","species","cellular organisms; Bacteria; Proteobacteria; Gammaproteobacteria; Enterobacterales; Enterobacteriaceae; Escherichia",562,"Escherichia coli",561,"Escherichia",543,"Enterobacteriaceae",91347,"Enterobacterales",1236,"Gammaproteobacteria",1224,"Proteobacteria",2,"Bacteria","IncHI2A_1, BX664015, |IncHI2_1, BX664015, ","IncHI2 DLST(3):smr0018(3);smr0199(2)","ccagggtact_tgtaaacgct_2",1,342,102622,102281,7.94e-175,618,100,100,100
"NZ_CP034785.1","complete",562,"plasmid",230964,"SAMN10667090","feces","","Escherichia coli","species","cellular organisms; Bacteria; Proteobacteria; Gammaproteobacteria; Enterobacterales; Enterobacteriaceae; Escherichia",562,"Escherichia coli",561,"Escherichia",543,"Enterobacteriaceae",91347,"Enterobacterales",1236,"Gammaproteobacteria",1224,"Proteobacteria",2,"Bacteria","IncHI2A_1, BX664015, |IncHI2_1, BX664015, ","IncHI2 DLST(3):smr0018(3);smr0199(2)","tagctcgata_aatccgcccc_5",1,342,102622,102281,5.72e-164,581,97.661,100,100
"NZ_CP034785.1","complete",562,"plasmid",230964,"SAMN10667090","feces","","Escherichia coli","species","cellular organisms; Bacteria; Proteobacteria; Gammaproteobacteria; Enterobacterales; Enterobacteriaceae; Escherichia",562,"Escherichia coli",561,"Escherichia",543,"Enterobacteriaceae",91347,"Enterobacterales",1236,"Gammaproteobacteria",1224,"Proteobacteria",2,"Bacteria","IncHI2A_1, BX664015, |IncHI2_1, BX664015, ","IncHI2 DLST(3):smr0018(3);smr0199(2)","gtgccttcgt_gcacaccgct_2",1,342,102622,102281,7.94e-175,618,100,100,100
"NZ_CP034785.1","complete",562,"plasmid",230964,"SAMN10667090","feces","","Escherichia coli","species","cellular organisms; Bacteria; Proteobacteria; Gammaproteobacteria; Enterobacterales; Enterobacteriaceae; Escherichia",562,"Escherichia coli",561,"Escherichia",543,"Enterobacteriaceae",91347,"Enterobacterales",1236,"Gammaproteobacteria",1224,"Proteobacteria",2,"Bacteria","IncHI2A_1, BX664015, |IncHI2_1, BX664015, ","IncHI2 DLST(3):smr0018(3);smr0199(2)","ccgcattcca_gtaccgggac_2",1,342,102622,102281,7.94e-175,618,100,100,100
"NZ_CP034785.1","complete",562,"plasmid",230964,"SAMN10667090","feces","","Escherichia coli","species","cellular organisms; Bacteria; Proteobacteria; Gammaproteobacteria; Enterobacterales; Enterobacteriaceae; Escherichia",562,"Escherichia coli",561,"Escherichia",543,"Enterobacteriaceae",91347,"Enterobacterales",1236,"Gammaproteobacteria",1224,"Proteobacteria",2,"Bacteria","IncHI2A_1, BX664015, |IncHI2_1, BX664015, ","IncHI2 DLST(3):smr0018(3);smr0199(2)","ctgcacggtg_ataaatagaa_2",1,342,102622,102281,7.94e-175,618,100,100,100
"NZ_CP034785.1","complete",562,"plasmid",230964,"SAMN10667090","feces","","Escherichia coli","species","cellular organisms; Bacteria; Proteobacteria; Gammaproteobacteria; Enterobacterales; Enterobacteriaceae; Escherichia",562,"Escherichia coli",561,"Escherichia",543,"Enterobacteriaceae",91347,"Enterobacterales",1236,"Gammaproteobacteria",1224,"Proteobacteria",2,"Bacteria","IncHI2A_1, BX664015, |IncHI2_1, BX664015, ","IncHI2 DLST(3):smr0018(3);smr0199(2)","agttgattac_aaaaagtcaa_2",1,342,102622,102281,5.72e-164,581,97.661,100,100
"NZ_CP034785.1","complete",562,"plasmid",230964,"SAMN10667090","feces","","Escherichia coli","species","cellular organisms; Bacteria; Proteobacteria; Gammaproteobacteria; Enterobacterales; Enterobacteriaceae; Escherichia",562,"Escherichia coli",561,"Escherichia",543,"Enterobacteriaceae",91347,"Enterobacterales",1236,"Gammaproteobacteria",1224,"Proteobacteria",2,"Bacteria","IncHI2A_1, BX664015, |IncHI2_1, BX664015, ","IncHI2 DLST(3):smr0018(3);smr0199(2)","gtagttagta_ccacgcccct_2",1,342,102622,102281,5.72e-164,581,97.661,100,100
"NZ_CP034785.1","complete",562,"plasmid",230964,"SAMN10667090","feces","","Escherichia coli","species","cellular organisms; Bacteria; Proteobacteria; Gammaproteobacteria; Enterobacterales; Enterobacteriaceae; Escherichia",562,"Escherichia coli",561,"Escherichia",543,"Enterobacteriaceae",91347,"Enterobacterales",1236,"Gammaproteobacteria",1224,"Proteobacteria",2,"Bacteria","IncHI2A_1, BX664015, |IncHI2_1, BX664015, ","IncHI2 DLST(3):smr0018(3);smr0199(2)","gtcccgggga_ggaatcaatg_2",1,234,102515,102281,5.57e-105,385,96.596,100,100
"NZ_CP034785.1","complete",562,"plasmid",230964,"SAMN10667090","feces","","Escherichia coli","species","cellular organisms; Bacteria; Proteobacteria; Gammaproteobacteria; Enterobacterales; Enterobacteriaceae; Escherichia",562,"Escherichia coli",561,"Escherichia",543,"Enterobacteriaceae",91347,"Enterobacterales",1236,"Gammaproteobacteria",1224,"Proteobacteria",2,"Bacteria","IncHI2A_1, BX664015, |IncHI2_1, BX664015, ","IncHI2 DLST(3):smr0018(3);smr0199(2)","tgtcctcagg_gagtgaccgg_2",1,342,102622,102281,5.72e-164,581,97.661,100,100
"NZ_CP034785.1","complete",562,"plasmid",230964,"SAMN10667090","feces","","Escherichia coli","species","cellular organisms; Bacteria; Proteobacteria; Gammaproteobacteria; Enterobacterales; Enterobacteriaceae; Escherichia",562,"Escherichia coli",561,"Escherichia",543,"Enterobacteriaceae",91347,"Enterobacterales",1236,"Gammaproteobacteria",1224,"Proteobacteria",2,"Bacteria","IncHI2A_1, BX664015, |IncHI2_1, BX664015, ","IncHI2 DLST(3):smr0018(3);smr0199(2)","attttttcct_gaacaaacga_2",1,294,102576,102281,2.87e-135,487,96.622,100,100
"NZ_CP034785.1","complete",562,"plasmid",230964,"SAMN10667090","feces","","Escherichia coli","species","cellular organisms; Bacteria; Proteobacteria; Gammaproteobacteria; Enterobacterales; Enterobacteriaceae; Escherichia",562,"Escherichia coli",561,"Escherichia",543,"Enterobacteriaceae",91347,"Enterobacterales",1236,"Gammaproteobacteria",1224,"Proteobacteria",2,"Bacteria","IncHI2A_1, BX664015, |IncHI2_1, BX664015, ","IncHI2 DLST(3):smr0018(3);smr0199(2)","agtatagcat_ggaaacgctg_2",1,234,102515,102281,5.57e-105,385,96.596,100,100
"NZ_CP034785.1","complete",562,"plasmid",230964,"SAMN10667090","feces","","Escherichia coli","species","cellular organisms; Bacteria; Proteobacteria; Gammaproteobacteria; Enterobacterales; Enterobacteriaceae; Escherichia",562,"Escherichia coli",561,"Escherichia",543,"Enterobacteriaceae",91347,"Enterobacterales",1236,"Gammaproteobacteria",1224,"Proteobacteria",2,"Bacteria","IncHI2A_1, BX664015, |IncHI2_1, BX664015, ","IncHI2 DLST(3):smr0018(3);smr0199(2)","cactccctgg_ctaccaccaa_2",1,342,102622,102281,7.94e-175,618,100,100,100
"NZ_CP034785.1","complete",562,"plasmid",230964,"SAMN10667090","feces","","Escherichia coli","species","cellular organisms; Bacteria; Proteobacteria; Gammaproteobacteria; Enterobacterales; Enterobacteriaceae; Escherichia",562,"Escherichia coli",561,"Escherichia",543,"Enterobacteriaceae",91347,"Enterobacterales",1236,"Gammaproteobacteria",1224,"Proteobacteria",2,"Bacteria","IncHI2A_1, BX664015, |IncHI2_1, BX664015, ","IncHI2 DLST(3):smr0018(3);smr0199(2)","ggatgtccgt_acgcggcaag_4",1,342,102622,102281,5.72e-164,581,97.661,100,100
"NZ_CP034785.1","complete",562,"plasmid",230964,"SAMN10667090","feces","","Escherichia coli","species","cellular organisms; Bacteria; Proteobacteria; Gammaproteobacteria; Enterobacterales; Enterobacteriaceae; Escherichia",562,"Escherichia coli",561,"Escherichia",543,"Enterobacteriaceae",91347,"Enterobacterales",1236,"Gammaproteobacteria",1224,"Proteobacteria",2,"Bacteria","IncHI2A_1, BX664015, |IncHI2_1, BX664015, ","IncHI2 DLST(3):smr0018(3);smr0199(2)","gggaccatta_gtgagtaata_2",1,342,102622,102281,7.94e-175,618,100,100,100
"NZ_CP034785.1","complete",562,"plasmid",230964,"SAMN10667090","feces","","Escherichia coli","species","cellular organisms; Bacteria; Proteobacteria; Gammaproteobacteria; Enterobacterales; Enterobacteriaceae; Escherichia",562,"Escherichia coli",561,"Escherichia",543,"Enterobacteriaceae",91347,"Enterobacterales",1236,"Gammaproteobacteria",1224,"Proteobacteria",2,"Bacteria","IncHI2A_1, BX664015, |IncHI2_1, BX664015, ","IncHI2 DLST(3):smr0018(3);smr0199(2)","tatcccgtat_caaggactac_2",1,342,102622,102281,7.94e-175,618,100,100,100
"NZ_CP034785.1","complete",562,"plasmid",230964,"SAMN10667090","feces","","Escherichia coli","species","cellular organisms; Bacteria; Proteobacteria; Gammaproteobacteria; Enterobacterales; Enterobacteriaceae; Escherichia",562,"Escherichia coli",561,"Escherichia",543,"Enterobacteriaceae",91347,"Enterobacterales",1236,"Gammaproteobacteria",1224,"Proteobacteria",2,"Bacteria","IncHI2A_1, BX664015, |IncHI2_1, BX664015, ","IncHI2 DLST(3):smr0018(3);smr0199(2)","tccacttctt_ggagcactcg_2",1,342,102622,102281,7.94e-175,618,100,100,100
"NZ_CP034785.1","complete",562,"plasmid",230964,"SAMN10667090","feces","","Escherichia coli","species","cellular organisms; Bacteria; Proteobacteria; Gammaproteobacteria; Enterobacterales; Enterobacteriaceae; Escherichia",562,"Escherichia coli",561,"Escherichia",543,"Enterobacteriaceae",91347,"Enterobacterales",1236,"Gammaproteobacteria",1224,"Proteobacteria",2,"Bacteria","IncHI2A_1, BX664015, |IncHI2_1, BX664015, ","IncHI2 DLST(3):smr0018(3);smr0199(2)","aacccgaatc_cgaacttacg_2",1,342,102622,102281,5.72e-164,581,97.661,100,100
"NZ_CP034785.1","complete",562,"plasmid",230964,"SAMN10667090","feces","","Escherichia coli","species","cellular organisms; Bacteria; Proteobacteria; Gammaproteobacteria; Enterobacterales; Enterobacteriaceae; Escherichia",562,"Escherichia coli",561,"Escherichia",543,"Enterobacteriaceae",91347,"Enterobacterales",1236,"Gammaproteobacteria",1224,"Proteobacteria",2,"Bacteria","IncHI2A_1, BX664015, |IncHI2_1, BX664015, ","IncHI2 DLST(3):smr0018(3);smr0199(2)","ctccaggggt_ctacaatgtt_2",1,342,102622,102281,7.94e-175,618,100,100,100
"NZ_CP034785.1","complete",562,"plasmid",230964,"SAMN10667090","feces","","Escherichia coli","species","cellular organisms; Bacteria; Proteobacteria; Gammaproteobacteria; Enterobacterales; Enterobacteriaceae; Escherichia",562,"Escherichia coli",561,"Escherichia",543,"Enterobacteriaceae",91347,"Enterobacterales",1236,"Gammaproteobacteria",1224,"Proteobacteria",2,"Bacteria","IncHI2A_1, BX664015, |IncHI2_1, BX664015, ","IncHI2 DLST(3):smr0018(3);smr0199(2)","acctgttatt_agtggtacac_2",1,342,102622,102281,7.94e-175,618,100,100,100
"NZ_CP034785.1","complete",562,"plasmid",230964,"SAMN10667090","feces","","Escherichia coli","species","cellular organisms; Bacteria; Proteobacteria; Gammaproteobacteria; Enterobacterales; Enterobacteriaceae; Escherichia",562,"Escherichia coli",561,"Escherichia",543,"Enterobacteriaceae",91347,"Enterobacterales",1236,"Gammaproteobacteria",1224,"Proteobacteria",2,"Bacteria","IncHI2A_1, BX664015, |IncHI2_1, BX664015, ","IncHI2 DLST(3):smr0018(3);smr0199(2)","gtttacattc_catagaacga_2",1,342,102622,102281,7.94e-175,618,100,100,100
"NZ_CP034785.1","complete",562,"plasmid",230964,"SAMN10667090","feces","","Escherichia coli","species","cellular organisms; Bacteria; Proteobacteria; Gammaproteobacteria; Enterobacterales; Enterobacteriaceae; Escherichia",562,"Escherichia coli",561,"Escherichia",543,"Enterobacteriaceae",91347,"Enterobacterales",1236,"Gammaproteobacteria",1224,"Proteobacteria",2,"Bacteria","IncHI2A_1, BX664015, |IncHI2_1, BX664015, ","IncHI2 DLST(3):smr0018(3);smr0199(2)","gcaacaccta_caataacgat_2",1,342,102622,102281,7.94e-175,618,100,100,100
"NZ_CP034785.1","complete",562,"plasmid",230964,"SAMN10667090","feces","","Escherichia coli","species","cellular organisms; Bacteria; Proteobacteria; Gammaproteobacteria; Enterobacterales; Enterobacteriaceae; Escherichia",562,"Escherichia coli",561,"Escherichia",543,"Enterobacteriaceae",91347,"Enterobacterales",1236,"Gammaproteobacteria",1224,"Proteobacteria",2,"Bacteria","IncHI2A_1, BX664015, |IncHI2_1, BX664015, ","IncHI2 DLST(3):smr0018(3);smr0199(2)","gctttaaaaa_taagggagat_2",1,342,102622,102281,5.72e-164,581,97.661,100,100
"NZ_CP034785.1","complete",562,"plasmid",230964,"SAMN10667090","feces","","Escherichia coli","species","cellular organisms; Bacteria; Proteobacteria; Gammaproteobacteria; Enterobacterales; Enterobacteriaceae; Escherichia",562,"Escherichia coli",561,"Escherichia",543,"Enterobacteriaceae",91347,"Enterobacterales",1236,"Gammaproteobacteria",1224,"Proteobacteria",2,"Bacteria","IncHI2A_1, BX664015, |IncHI2_1, BX664015, ","IncHI2 DLST(3):smr0018(3);smr0199(2)","tcgcatctta_cataccacaa_2",1,342,102622,102281,7.94e-175,618,100,100,100
"NZ_CP034785.1","complete",562,"plasmid",230964,"SAMN10667090","feces","","Escherichia coli","species","cellular organisms; Bacteria; Proteobacteria; Gammaproteobacteria; Enterobacterales; Enterobacteriaceae; Escherichia",562,"Escherichia coli",561,"Escherichia",543,"Enterobacteriaceae",91347,"Enterobacterales",1236,"Gammaproteobacteria",1224,"Proteobacteria",2,"Bacteria","IncHI2A_1, BX664015, |IncHI2_1, BX664015, ","IncHI2 DLST(3):smr0018(3);smr0199(2)","cgaggaccac_tactaaccgg_2",1,342,102622,102281,5.72e-164,581,97.661,100,100
"NZ_CP034785.1","complete",562,"plasmid",230964,"SAMN10667090","feces","","Escherichia coli","species","cellular organisms; Bacteria; Proteobacteria; Gammaproteobacteria; Enterobacterales; Enterobacteriaceae; Escherichia",562,"Escherichia coli",561,"Escherichia",543,"Enterobacteriaceae",91347,"Enterobacterales",1236,"Gammaproteobacteria",1224,"Proteobacteria",2,"Bacteria","IncHI2A_1, BX664015, |IncHI2_1, BX664015, ","IncHI2 DLST(3):smr0018(3);smr0199(2)","attatgttcc_taccactaca_2",1,342,102622,102281,7.94e-175,618,100,100,100
"NZ_CP034785.1","complete",562,"plasmid",230964,"SAMN10667090","feces","","Escherichia coli","species","cellular organisms; Bacteria; Proteobacteria; Gammaproteobacteria; Enterobacterales; Enterobacteriaceae; Escherichia",562,"Escherichia coli",561,"Escherichia",543,"Enterobacteriaceae",91347,"Enterobacterales",1236,"Gammaproteobacteria",1224,"Proteobacteria",2,"Bacteria","IncHI2A_1, BX664015, |IncHI2_1, BX664015, ","IncHI2 DLST(3):smr0018(3);smr0199(2)","acctgtatcg_aactaccata_3",1,342,102622,102281,7.94e-175,618,100,100,100
"NZ_CP034785.1","complete",562,"plasmid",230964,"SAMN10667090","feces","","Escherichia coli","species","cellular organisms; Bacteria; Proteobacteria; Gammaproteobacteria; Enterobacterales; Enterobacteriaceae; Escherichia",562,"Escherichia coli",561,"Escherichia",543,"Enterobacteriaceae",91347,"Enterobacterales",1236,"Gammaproteobacteria",1224,"Proteobacteria",2,"Bacteria","IncHI2A_1, BX664015, |IncHI2_1, BX664015, ","IncHI2 DLST(3):smr0018(3);smr0199(2)","gtcgtacggc_aacgctggat_2",1,342,102622,102281,5.72e-164,581,97.661,100,100
"NZ_CP034785.1","complete",562,"plasmid",230964,"SAMN10667090","feces","","Escherichia coli","species","cellular organisms; Bacteria; Proteobacteria; Gammaproteobacteria; Enterobacterales; Enterobacteriaceae; Escherichia",562,"Escherichia coli",561,"Escherichia",543,"Enterobacteriaceae",91347,"Enterobacterales",1236,"Gammaproteobacteria",1224,"Proteobacteria",2,"Bacteria","IncHI2A_1, BX664015, |IncHI2_1, BX664015, ","IncHI2 DLST(3):smr0018(3);smr0199(2)","acaagtgcct_agatcccaca_2",1,342,102622,102281,7.94e-175,618,100,100,100
"NZ_CP034785.1","complete",562,"plasmid",230964,"SAMN10667090","feces","","Escherichia coli","species","cellular organisms; Bacteria; Proteobacteria; Gammaproteobacteria; Enterobacterales; Enterobacteriaceae; Escherichia",562,"Escherichia coli",561,"Escherichia",543,"Enterobacteriaceae",91347,"Enterobacterales",1236,"Gammaproteobacteria",1224,"Proteobacteria",2,"Bacteria","IncHI2A_1, BX664015, |IncHI2_1, BX664015, ","IncHI2 DLST(3):smr0018(3);smr0199(2)","gtgccagtgc_tgtggtgtca_2",1,342,102622,102281,7.94e-175,618,100,100,100
"NZ_CP034785.1","complete",562,"plasmid",230964,"SAMN10667090","feces","","Escherichia coli","species","cellular organisms; Bacteria; Proteobacteria; Gammaproteobacteria; Enterobacterales; Enterobacteriaceae; Escherichia",562,"Escherichia coli",561,"Escherichia",543,"Enterobacteriaceae",91347,"Enterobacterales",1236,"Gammaproteobacteria",1224,"Proteobacteria",2,"Bacteria","IncHI2A_1, BX664015, |IncHI2_1, BX664015, ","IncHI2 DLST(3):smr0018(3);smr0199(2)","tttcaggcag_cgtcctggca_2",1,342,102622,102281,7.94e-175,618,100,100,100
"NZ_CP034785.1","complete",562,"plasmid",230964,"SAMN10667090","feces","","Escherichia coli","species","cellular organisms; Bacteria; Proteobacteria; Gammaproteobacteria; Enterobacterales; Enterobacteriaceae; Escherichia",562,"Escherichia coli",561,"Escherichia",543,"Enterobacteriaceae",91347,"Enterobacterales",1236,"Gammaproteobacteria",1224,"Proteobacteria",2,"Bacteria","IncHI2A_1, BX664015, |IncHI2_1, BX664015, ","IncHI2 DLST(3):smr0018(3);smr0199(2)","aagtttagca_acagcaaaga_2",1,342,102622,102281,5.72e-164,581,97.661,100,100
"NZ_CP034785.1","complete",562,"plasmid",230964,"SAMN10667090","feces","","Escherichia coli","species","cellular organisms; Bacteria; Proteobacteria; Gammaproteobacteria; Enterobacterales; Enterobacteriaceae; Escherichia",562,"Escherichia coli",561,"Escherichia",543,"Enterobacteriaceae",91347,"Enterobacterales",1236,"Gammaproteobacteria",1224,"Proteobacteria",2,"Bacteria","IncHI2A_1, BX664015, |IncHI2_1, BX664015, ","IncHI2 DLST(3):smr0018(3);smr0199(2)","ccatgtggta_caacgcagac_2",1,342,102622,102281,7.94e-175,618,100,100,100
"NZ_CP034785.1","complete",562,"plasmid",230964,"SAMN10667090","feces","","Escherichia coli","species","cellular organisms; Bacteria; Proteobacteria; Gammaproteobacteria; Enterobacterales; Enterobacteriaceae; Escherichia",562,"Escherichia coli",561,"Escherichia",543,"Enterobacteriaceae",91347,"Enterobacterales",1236,"Gammaproteobacteria",1224,"Proteobacteria",2,"Bacteria","IncHI2A_1, BX664015, |IncHI2_1, BX664015, ","IncHI2 DLST(3):smr0018(3);smr0199(2)","gtgtcccgcc_gcagggatag_3",1,342,102622,102281,7.94e-175,618,100,100,100
"NZ_CP034785.1","complete",562,"plasmid",230964,"SAMN10667090","feces","","Escherichia coli","species","cellular organisms; Bacteria; Proteobacteria; Gammaproteobacteria; Enterobacterales; Enterobacteriaceae; Escherichia",562,"Escherichia coli",561,"Escherichia",543,"Enterobacteriaceae",91347,"Enterobacterales",1236,"Gammaproteobacteria",1224,"Proteobacteria",2,"Bacteria","IncHI2A_1, BX664015, |IncHI2_1, BX664015, ","IncHI2 DLST(3):smr0018(3);smr0199(2)","gttgtgctgt_aaaagtaact_2",1,342,102622,102281,7.94e-175,618,100,100,100
"NZ_CP034785.1","complete",562,"plasmid",230964,"SAMN10667090","feces","","Escherichia coli","species","cellular organisms; Bacteria; Proteobacteria; Gammaproteobacteria; Enterobacterales; Enterobacteriaceae; Escherichia",562,"Escherichia coli",561,"Escherichia",543,"Enterobacteriaceae",91347,"Enterobacterales",1236,"Gammaproteobacteria",1224,"Proteobacteria",2,"Bacteria","IncHI2A_1, BX664015, |IncHI2_1, BX664015, ","IncHI2 DLST(3):smr0018(3);smr0199(2)","agccactgca_agagggaaac_2",1,342,102622,102281,5.72e-164,581,97.661,100,100
"NZ_CP034785.1","complete",562,"plasmid",230964,"SAMN10667090","feces","","Escherichia coli","species","cellular organisms; Bacteria; Proteobacteria; Gammaproteobacteria; Enterobacterales; Enterobacteriaceae; Escherichia",562,"Escherichia coli",561,"Escherichia",543,"Enterobacteriaceae",91347,"Enterobacterales",1236,"Gammaproteobacteria",1224,"Proteobacteria",2,"Bacteria","IncHI2A_1, BX664015, |IncHI2_1, BX664015, ","IncHI2 DLST(3):smr0018(3);smr0199(2)","ccacgggccc_aacgggtgtt_2",1,294,102576,102281,2.87e-135,487,96.622,100,100
"NZ_CP034785.1","complete",562,"plasmid",230964,"SAMN10667090","feces","","Escherichia coli","species","cellular organisms; Bacteria; Proteobacteria; Gammaproteobacteria; Enterobacterales; Enterobacteriaceae; Escherichia",562,"Escherichia coli",561,"Escherichia",543,"Enterobacteriaceae",91347,"Enterobacterales",1236,"Gammaproteobacteria",1224,"Proteobacteria",2,"Bacteria","IncHI2A_1, BX664015, |IncHI2_1, BX664015, ","IncHI2 DLST(3):smr0018(3);smr0199(2)","tagcgttgac_aagccaaccg_3",1,342,102622,102281,5.72e-164,581,97.661,100,100
"NZ_CP034785.1","complete",562,"plasmid",230964,"SAMN10667090","feces","","Escherichia coli","species","cellular organisms; Bacteria; Proteobacteria; Gammaproteobacteria; Enterobacterales; Enterobacteriaceae; Escherichia",562,"Escherichia coli",561,"Escherichia",543,"Enterobacteriaceae",91347,"Enterobacterales",1236,"Gammaproteobacteria",1224,"Proteobacteria",2,"Bacteria","IncHI2A_1, BX664015, |IncHI2_1, BX664015, ","IncHI2 DLST(3):smr0018(3);smr0199(2)","accggtattt_gacccagtac_2",1,342,102622,102281,7.94e-175,618,100,100,100
"NZ_CP034785.1","complete",562,"plasmid",230964,"SAMN10667090","feces","","Escherichia coli","species","cellular organisms; Bacteria; Proteobacteria; Gammaproteobacteria; Enterobacterales; Enterobacteriaceae; Escherichia",562,"Escherichia coli",561,"Escherichia",543,"Enterobacteriaceae",91347,"Enterobacterales",1236,"Gammaproteobacteria",1224,"Proteobacteria",2,"Bacteria","IncHI2A_1, BX664015, |IncHI2_1, BX664015, ","IncHI2 DLST(3):smr0018(3);smr0199(2)","ctgttcggcg_gccggtagtc_2",1,342,102622,102281,7.94e-175,618,100,100,100
"NZ_CP034785.1","complete",562,"plasmid",230964,"SAMN10667090","feces","","Escherichia coli","species","cellular organisms; Bacteria; Proteobacteria; Gammaproteobacteria; Enterobacterales; Enterobacteriaceae; Escherichia",562,"Escherichia coli",561,"Escherichia",543,"Enterobacteriaceae",91347,"Enterobacterales",1236,"Gammaproteobacteria",1224,"Proteobacteria",2,"Bacteria","IncHI2A_1, BX664015, |IncHI2_1, BX664015, ","IncHI2 DLST(3):smr0018(3);smr0199(2)","ttttacggtg_cgccgtgaag_2",1,342,102622,102281,7.94e-175,618,100,100,100
"NZ_CP034785.1","complete",562,"plasmid",230964,"SAMN10667090","feces","","Escherichia coli","species","cellular organisms; Bacteria; Proteobacteria; Gammaproteobacteria; Enterobacterales; Enterobacteriaceae; Escherichia",562,"Escherichia coli",561,"Escherichia",543,"Enterobacteriaceae",91347,"Enterobacterales",1236,"Gammaproteobacteria",1224,"Proteobacteria",2,"Bacteria","IncHI2A_1, BX664015, |IncHI2_1, BX664015, ","IncHI2 DLST(3):smr0018(3);smr0199(2)","cgagccagga_gtgtcgcagc_2",1,342,102622,102281,7.94e-175,618,100,100,100
"NZ_CP034785.1","complete",562,"plasmid",230964,"SAMN10667090","feces","","Escherichia coli","species","cellular organisms; Bacteria; Proteobacteria; Gammaproteobacteria; Enterobacterales; Enterobacteriaceae; Escherichia",562,"Escherichia coli",561,"Escherichia",543,"Enterobacteriaceae",91347,"Enterobacterales",1236,"Gammaproteobacteria",1224,"Proteobacteria",2,"Bacteria","IncHI2A_1, BX664015, |IncHI2_1, BX664015, ","IncHI2 DLST(3):smr0018(3);smr0199(2)","aaacccagct_tccaacagcg_2",1,342,102622,102281,5.72e-164,581,97.661,100,100
"NZ_CP034785.1","complete",562,"plasmid",230964,"SAMN10667090","feces","","Escherichia coli","species","cellular organisms; Bacteria; Proteobacteria; Gammaproteobacteria; Enterobacterales; Enterobacteriaceae; Escherichia",562,"Escherichia coli",561,"Escherichia",543,"Enterobacteriaceae",91347,"Enterobacterales",1236,"Gammaproteobacteria",1224,"Proteobacteria",2,"Bacteria","IncHI2A_1, BX664015, |IncHI2_1, BX664015, ","IncHI2 DLST(3):smr0018(3);smr0199(2)","ggcactaaga_catcttagga_2",1,342,102622,102281,7.94e-175,618,100,100,100
"NZ_CP034785.1","complete",562,"plasmid",230964,"SAMN10667090","feces","","Escherichia coli","species","cellular organisms; Bacteria; Proteobacteria; Gammaproteobacteria; Enterobacterales; Enterobacteriaceae; Escherichia",562,"Escherichia coli",561,"Escherichia",543,"Enterobacteriaceae",91347,"Enterobacterales",1236,"Gammaproteobacteria",1224,"Proteobacteria",2,"Bacteria","IncHI2A_1, BX664015, |IncHI2_1, BX664015, ","IncHI2 DLST(3):smr0018(3);smr0199(2)","aaagttacct_actaaaactg_2",1,342,102622,102281,5.72e-164,581,97.661,100,100
"NZ_CP034785.1","complete",562,"plasmid",230964,"SAMN10667090","feces","","Escherichia coli","species","cellular organisms; Bacteria; Proteobacteria; Gammaproteobacteria; Enterobacterales; Enterobacteriaceae; Escherichia",562,"Escherichia coli",561,"Escherichia",543,"Enterobacteriaceae",91347,"Enterobacterales",1236,"Gammaproteobacteria",1224,"Proteobacteria",2,"Bacteria","IncHI2A_1, BX664015, |IncHI2_1, BX664015, ","IncHI2 DLST(3):smr0018(3);smr0199(2)","gttccgtcgt_gaatccgtaa_2",1,468,102622,102154,0,762,96.162,100,100
"NZ_CP034785.1","complete",562,"plasmid",230964,"SAMN10667090","feces","","Escherichia coli","species","cellular organisms; Bacteria; Proteobacteria; Gammaproteobacteria; Enterobacterales; Enterobacteriaceae; Escherichia",562,"Escherichia coli",561,"Escherichia",543,"Enterobacteriaceae",91347,"Enterobacterales",1236,"Gammaproteobacteria",1224,"Proteobacteria",2,"Bacteria","IncHI2A_1, BX664015, |IncHI2_1, BX664015, ","IncHI2 DLST(3):smr0018(3);smr0199(2)","gttttggtca_tcatcacaag_2",1,342,102622,102281,5.72e-164,581,97.661,100,100
"NZ_CP034785.1","complete",562,"plasmid",230964,"SAMN10667090","feces","","Escherichia coli","species","cellular organisms; Bacteria; Proteobacteria; Gammaproteobacteria; Enterobacterales; Enterobacteriaceae; Escherichia",562,"Escherichia coli",561,"Escherichia",543,"Enterobacteriaceae",91347,"Enterobacterales",1236,"Gammaproteobacteria",1224,"Proteobacteria",2,"Bacteria","IncHI2A_1, BX664015, |IncHI2_1, BX664015, ","IncHI2 DLST(3):smr0018(3);smr0199(2)","tatcatcttt_agcccgatct_2",1,342,102622,102281,5.72e-164,581,97.661,100,100
"NZ_CP034785.1","complete",562,"plasmid",230964,"SAMN10667090","feces","","Escherichia coli","species","cellular organisms; Bacteria; Proteobacteria; Gammaproteobacteria; Enterobacterales; Enterobacteriaceae; Escherichia",562,"Escherichia coli",561,"Escherichia",543,"Enterobacteriaceae",91347,"Enterobacterales",1236,"Gammaproteobacteria",1224,"Proteobacteria",2,"Bacteria","IncHI2A_1, BX664015, |IncHI2_1, BX664015, ","IncHI2 DLST(3):smr0018(3);smr0199(2)","gtaatcttga_ttactaggag_2",1,342,102622,102281,7.94e-175,618,100,100,100
"NZ_CP034785.1","complete",562,"plasmid",230964,"SAMN10667090","feces","","Escherichia coli","species","cellular organisms; Bacteria; Proteobacteria; Gammaproteobacteria; Enterobacterales; Enterobacteriaceae; Escherichia",562,"Escherichia coli",561,"Escherichia",543,"Enterobacteriaceae",91347,"Enterobacterales",1236,"Gammaproteobacteria",1224,"Proteobacteria",2,"Bacteria","IncHI2A_1, BX664015, |IncHI2_1, BX664015, ","IncHI2 DLST(3):smr0018(3);smr0199(2)","cccatggtac_cagtgaggtg_2",1,359,102622,102261,7.87e-169,598,96.961,99,99
"NZ_CP034785.1","complete",562,"plasmid",230964,"SAMN10667090","feces","","Escherichia coli","species","cellular organisms; Bacteria; Proteobacteria; Gammaproteobacteria; Enterobacterales; Enterobacteriaceae; Escherichia",562,"Escherichia coli",561,"Escherichia",543,"Enterobacteriaceae",91347,"Enterobacterales",1236,"Gammaproteobacteria",1224,"Proteobacteria",2,"Bacteria","IncHI2A_1, BX664015, |IncHI2_1, BX664015, ","IncHI2 DLST(3):smr0018(3);smr0199(2)","gatctttaag_tatgatccac_2",1,342,102622,102281,7.94e-175,618,100,100,100
"NZ_CP034785.1","complete",562,"plasmid",230964,"SAMN10667090","feces","","Escherichia coli","species","cellular organisms; Bacteria; Proteobacteria; Gammaproteobacteria; Enterobacterales; Enterobacteriaceae; Escherichia",562,"Escherichia coli",561,"Escherichia",543,"Enterobacteriaceae",91347,"Enterobacterales",1236,"Gammaproteobacteria",1224,"Proteobacteria",2,"Bacteria","IncHI2A_1, BX664015, |IncHI2_1, BX664015, ","IncHI2 DLST(3):smr0018(3);smr0199(2)","gcatagtgca_gctgccgtag_3",1,468,102622,102154,0,762,96.162,100,100
"NZ_CP034785.1","complete",562,"plasmid",230964,"SAMN10667090","feces","","Escherichia coli","species","cellular organisms; Bacteria; Proteobacteria; Gammaproteobacteria; Enterobacterales; Enterobacteriaceae; Escherichia",562,"Escherichia coli",561,"Escherichia",543,"Enterobacteriaceae",91347,"Enterobacterales",1236,"Gammaproteobacteria",1224,"Proteobacteria",2,"Bacteria","IncHI2A_1, BX664015, |IncHI2_1, BX664015, ","IncHI2 DLST(3):smr0018(3);smr0199(2)","agtctgtcat_gcagctaaaa_5",1,264,102546,102281,8.32e-129,464,98.872,100,100
"NZ_CP034911.1","complete",1752398,"plasmid",456424,"SAMN10600730","root nodule of Sesbania cannabina","","Ensifer alkalisoli","species","cellular organisms; Bacteria; Proteobacteria; Alphaproteobacteria; Rhizobiales; Rhizobiaceae; Sinorhizobium/Ensifer group; Ensifer",1752398,"Ensifer alkalisoli",106591,"Ensifer",82115,"Rhizobiaceae",356,"Rhizobiales",28211,"Alphaproteobacteria",1224,"Proteobacteria",2,"Bacteria","","","catgatgatt_aaagactgtt_1",44,73,127873,127844,1.5,41.9,90,3,3
"NZ_CP034911.1","complete",1752398,"plasmid",456424,"SAMN10600730","root nodule of Sesbania cannabina","","Ensifer alkalisoli","species","cellular organisms; Bacteria; Proteobacteria; Alphaproteobacteria; Rhizobiales; Rhizobiaceae; Sinorhizobium/Ensifer group; Ensifer",1752398,"Ensifer alkalisoli",106591,"Ensifer",82115,"Rhizobiaceae",356,"Rhizobiales",28211,"Alphaproteobacteria",1224,"Proteobacteria",2,"Bacteria","","","ttggttttca_gcggtggcgc_1",252,308,33443,33387,4.81e-07,63.5,84.211,5,5
"NZ_CP035710.1","complete",639200,"plasmid",303297,"SAMN10871119","missing","","Sphaerotilus natans subsp. sulfidivorans","subspecies","cellular organisms; Bacteria; Proteobacteria; Betaproteobacteria; Burkholderiales; Burkholderiales genera incertae sedis; Sphaerotilus; Sphaerotilus natans",34103,"Sphaerotilus natans",34102,"Sphaerotilus",NA,"",80840,"Burkholderiales",28216,"Betaproteobacteria",1224,"Proteobacteria",2,"Bacteria","","","acctggaatt_tcgactaaat_1",41,86,290715,290670,0.021,46.4,83.333,7,7
"NZ_CP036260.1","complete",2377,"plasmid",131118,"SAMN10963686","intestinal contents of termite Nasutitermes nigriceps","","Sporomusa termitida","species","cellular organisms; Bacteria; Terrabacteria group; Firmicutes; Negativicutes; Selenomonadales; Sporomusaceae; Sporomusa",2377,"Sporomusa termitida",2375,"Sporomusa",1843490,"Sporomusaceae",909929,"Selenomonadales",909932,"Negativicutes",1239,"Firmicutes",2,"Bacteria","","","gtgatggggc_caccgtgtat_2",121,521,33996,34396,7.36e-52,210,71.571,65,65
"NZ_CP036488.1","complete",34038,"plasmid",525842,"SAMN10977604","Rice-wheat rotation soil","","Rahnella aquatilis","species","cellular organisms; Bacteria; Proteobacteria; Gammaproteobacteria; Enterobacterales; Yersiniaceae; Rahnella",34038,"Rahnella aquatilis",34037,"Rahnella",1903411,"Yersiniaceae",91347,"Enterobacterales",1236,"Gammaproteobacteria",1224,"Proteobacteria",2,"Bacteria","","","attgtttata_aggcaatagt_3",65,198,88542,88409,2.42e-23,116,79.104,11,11
"NZ_CP036488.1","complete",34038,"plasmid",525842,"SAMN10977604","Rice-wheat rotation soil","","Rahnella aquatilis","species","cellular organisms; Bacteria; Proteobacteria; Gammaproteobacteria; Enterobacterales; Yersiniaceae; Rahnella",34038,"Rahnella aquatilis",34037,"Rahnella",1903411,"Yersiniaceae",91347,"Enterobacterales",1236,"Gammaproteobacteria",1224,"Proteobacteria",2,"Bacteria","","","agtgctacag_gagcgcataa_3",65,198,88542,88409,2.42e-23,116,79.104,11,11
"NZ_CP039697.1","complete",2571749,"plasmid",757197,"SAMN11479196","freshwater","","Novosphingobium sp. ABRDHK2","species","cellular organisms; Bacteria; Proteobacteria; Alphaproteobacteria; Sphingomonadales; Sphingomonadaceae; Novosphingobium; unclassified Novosphingobium",2571749,"Novosphingobium sp. ABRDHK2",165696,"Novosphingobium",41297,"Sphingomonadaceae",204457,"Sphingomonadales",28211,"Alphaproteobacteria",1224,"Proteobacteria",2,"Bacteria","","","tgtgatcccg_aattgtccag_1",152,177,514886,514861,3.5,39.2,92.308,3,3
"NZ_CP039900.1","complete",358,"plasmid",158104,"SAMN11489453","","","Agrobacterium tumefaciens","species","cellular organisms; Bacteria; Proteobacteria; Alphaproteobacteria; Rhizobiales; Rhizobiaceae; Rhizobium/Agrobacterium group; Agrobacterium; Agrobacterium tumefaciens complex",358,"Agrobacterium tumefaciens",357,"Agrobacterium",82115,"Rhizobiaceae",356,"Rhizobiales",28211,"Alphaproteobacteria",1224,"Proteobacteria",2,"Bacteria","","","cctctagttt_atcaaaacta_1",193,251,32347,32289,7.34e-05,53.6,79.661,16,16
"NZ_CP039900.1","complete",358,"plasmid",158104,"SAMN11489453","","","Agrobacterium tumefaciens","species","cellular organisms; Bacteria; Proteobacteria; Alphaproteobacteria; Rhizobiales; Rhizobiaceae; Rhizobium/Agrobacterium group; Agrobacterium; Agrobacterium tumefaciens complex",358,"Agrobacterium tumefaciens",357,"Agrobacterium",82115,"Rhizobiaceae",356,"Rhizobiales",28211,"Alphaproteobacteria",1224,"Proteobacteria",2,"Bacteria","","","tcttacaaca_cctttctcaa_1",193,251,32347,32289,7.34e-05,53.6,79.661,16,16
"NZ_CP039925.1","complete",358,"plasmid",380853,"SAMN11489458","","","Agrobacterium tumefaciens","species","cellular organisms; Bacteria; Proteobacteria; Alphaproteobacteria; Rhizobiales; Rhizobiaceae; Rhizobium/Agrobacterium group; Agrobacterium; Agrobacterium tumefaciens complex",358,"Agrobacterium tumefaciens",357,"Agrobacterium",82115,"Rhizobiaceae",356,"Rhizobiales",28211,"Alphaproteobacteria",1224,"Proteobacteria",2,"Bacteria","","","cctgaacggc_cggattagac_1",406,432,209981,210010,2.2,40.1,90,5,5
"NZ_CP040096.1","complete",2575375,"plasmid",744154,"SAMN11523821","soil","","Pantoea sp. SO10","species","cellular organisms; Bacteria; Proteobacteria; Gammaproteobacteria; Enterobacterales; Erwiniaceae; Pantoea; unclassified Pantoea",2575375,"Pantoea sp. SO10",53335,"Pantoea",1903409,"Erwiniaceae",91347,"Enterobacterales",1236,"Gammaproteobacteria",1224,"Proteobacteria",2,"Bacteria","","","tccagcctgt_agtggcgata_2",9,334,665275,665600,6.25e-17,96,67.073,47,35
"NZ_CP040096.1","complete",2575375,"plasmid",744154,"SAMN11523821","soil","","Pantoea sp. SO10","species","cellular organisms; Bacteria; Proteobacteria; Gammaproteobacteria; Enterobacterales; Erwiniaceae; Pantoea; unclassified Pantoea",2575375,"Pantoea sp. SO10",53335,"Pantoea",1903409,"Erwiniaceae",91347,"Enterobacterales",1236,"Gammaproteobacteria",1224,"Proteobacteria",2,"Bacteria","","","ctctgcctgg_ccctagtcgg_6",7,812,350410,349605,1.19e-126,459,72.963,98,98
"NZ_CP040730.1","",573,"plasmid",79244,"SAMN11835544","rectal swab","Homo sapiens","Klebsiella pneumoniae","species","cellular organisms; Bacteria; Proteobacteria; Gammaproteobacteria; Enterobacterales; Enterobacteriaceae; Klebsiella",573,"Klebsiella pneumoniae",570,"Klebsiella",543,"Enterobacteriaceae",91347,"Enterobacterales",1236,"Gammaproteobacteria",1224,"Proteobacteria",2,"Bacteria","IncR_1, DQ449578, ","","tggctgcttg_ctacgtaact_1",1,246,26265,26510,3.06e-121,440,99.593,100,100
"NZ_CP040760.1","complete",2560053,"plasmid",170285,"SAMN08932433","feces","","Paracoccus liaowanqingii","species","cellular organisms; Bacteria; Proteobacteria; Alphaproteobacteria; Rhodobacterales; Rhodobacteraceae; Paracoccus",2560053,"Paracoccus liaowanqingii",265,"Paracoccus",31989,"Rhodobacteraceae",204455,"Rhodobacterales",28211,"Alphaproteobacteria",1224,"Proteobacteria",2,"Bacteria","","","caattgtatc_cagcattctt_1",756,782,1261,1287,0.13,45.5,96.296,2,2
"NZ_CP040819.1","complete",2579971,"plasmid",586520,"SAMN11579697","Deep seawater from Mariana Trench","","Paraoceanicella profunda","species","cellular organisms; Bacteria; Proteobacteria; Alphaproteobacteria; Rhodobacterales; Rhodobacteraceae; Paraoceanicella",2579971,"Paraoceanicella profunda",2683599,"Paraoceanicella",31989,"Rhodobacteraceae",204455,"Rhodobacterales",28211,"Alphaproteobacteria",1224,"Proteobacteria",2,"Bacteria","","","cgcttccgga_acacctcgat_2",146,805,486991,487652,2.03e-94,352,72.808,51,51
"NZ_CP041286.1","complete",562,"plasmid",102347,"SAMN12158158","","cow","Escherichia coli","species","cellular organisms; Bacteria; Proteobacteria; Gammaproteobacteria; Enterobacterales; Enterobacteriaceae; Escherichia",562,"Escherichia coli",561,"Escherichia",543,"Enterobacteriaceae",91347,"Enterobacterales",1236,"Gammaproteobacteria",1224,"Proteobacteria",2,"Bacteria","IncFIB(K)_1, JN233704, |IncFIA(HI1)_1, AF250878, |IncX1_1, EU370913, ","IncF RST(F-:A18:B-):FIA(18);FIB(-);FIC(-);FII(-);FIIK(-);FIIS(-);FIIY(-)","atttggggcg_caggctaaag_1",17,1154,39891,38754,0,1913,97.276,99,99
"NZ_CP041286.1","complete",562,"plasmid",102347,"SAMN12158158","","cow","Escherichia coli","species","cellular organisms; Bacteria; Proteobacteria; Gammaproteobacteria; Enterobacterales; Enterobacteriaceae; Escherichia",562,"Escherichia coli",561,"Escherichia",543,"Enterobacteriaceae",91347,"Enterobacterales",1236,"Gammaproteobacteria",1224,"Proteobacteria",2,"Bacteria","IncFIB(K)_1, JN233704, |IncFIA(HI1)_1, AF250878, |IncX1_1, EU370913, ","IncF RST(F-:A18:B-):FIA(18);FIB(-);FIC(-);FII(-);FIIK(-);FIIS(-);FIIY(-)","ccaacactag_aaacgtctga_1",17,1154,39891,38754,0,1913,97.276,99,99
"NZ_CP041417.1","complete",562,"plasmid",306181,"SAMN12214770","goat","","Escherichia coli","species","cellular organisms; Bacteria; Proteobacteria; Gammaproteobacteria; Enterobacterales; Enterobacteriaceae; Escherichia",562,"Escherichia coli",561,"Escherichia",543,"Enterobacteriaceae",91347,"Enterobacterales",1236,"Gammaproteobacteria",1224,"Proteobacteria",2,"Bacteria","","","aagtatcgta_aatcgtgagg_2",2,1210,148645,149854,0,2062,97.851,98,98
"NZ_CP042276.1","complete",358,"plasmid",386412,"SAMN07359232","","Juglans regia","Agrobacterium tumefaciens","species","cellular organisms; Bacteria; Proteobacteria; Alphaproteobacteria; Rhizobiales; Rhizobiaceae; Rhizobium/Agrobacterium group; Agrobacterium; Agrobacterium tumefaciens complex",358,"Agrobacterium tumefaciens",357,"Agrobacterium",82115,"Rhizobiaceae",356,"Rhizobiales",28211,"Alphaproteobacteria",1224,"Proteobacteria",2,"Bacteria","","","agttcggata_tatgcgagca_2",228,258,323655,323625,0.01,48.2,93.548,3,3
"NZ_CP042332.1","complete",2599640,"plasmid",459027,"SAMN12395172","rhizosphere soil","soybean","Bosea sp. F3-2","species","cellular organisms; Bacteria; Proteobacteria; Alphaproteobacteria; Rhizobiales; Bradyrhizobiaceae; Bosea; unclassified Bosea",2599640,"Bosea sp. F3-2",85413,"Bosea",41294,"Bradyrhizobiaceae",356,"Rhizobiales",28211,"Alphaproteobacteria",1224,"Proteobacteria",2,"Bacteria","","","ttcaacttcg_gctaatcctc_3",943,1134,280044,279851,6.41e-15,90.6,71.282,9,9
"NZ_CP042332.1","complete",2599640,"plasmid",459027,"SAMN12395172","rhizosphere soil","soybean","Bosea sp. F3-2","species","cellular organisms; Bacteria; Proteobacteria; Alphaproteobacteria; Rhizobiales; Bradyrhizobiaceae; Bosea; unclassified Bosea",2599640,"Bosea sp. F3-2",85413,"Bosea",41294,"Bradyrhizobiaceae",356,"Rhizobiales",28211,"Alphaproteobacteria",1224,"Proteobacteria",2,"Bacteria","","","cctgatgatt_tgctaactcg_2",130,449,280167,279848,1.33e-21,109,67.5,70,70
"NZ_CP042332.1","complete",2599640,"plasmid",459027,"SAMN12395172","rhizosphere soil","soybean","Bosea sp. F3-2","species","cellular organisms; Bacteria; Proteobacteria; Alphaproteobacteria; Rhizobiales; Bradyrhizobiaceae; Bosea; unclassified Bosea",2599640,"Bosea sp. F3-2",85413,"Bosea",41294,"Bradyrhizobiaceae",356,"Rhizobiales",28211,"Alphaproteobacteria",1224,"Proteobacteria",2,"Bacteria","","","gttcgtaatt_gtgtactaga_1",828,1091,280114,279851,1.5e-14,87.8,68.045,18,18
"NZ_CP042515.1","",615,"plasmid",67074,"SAMN12289419","Ensuite 7/8","","Serratia marcescens","species","cellular organisms; Bacteria; Proteobacteria; Gammaproteobacteria; Enterobacterales; Yersiniaceae; Serratia",615,"Serratia marcescens",613,"Serratia",1903411,"Yersiniaceae",91347,"Enterobacterales",1236,"Gammaproteobacteria",1224,"Proteobacteria",2,"Bacteria","","","gtgaatggcg_aaactacaca_1",12,263,7745,7495,4.62e-39,168,75,67,67
"NZ_CP042557.1","complete",470,"plasmid",327867,"SAMN12289292","Room 7","","Acinetobacter baumannii","species","cellular organisms; Bacteria; Proteobacteria; Gammaproteobacteria; Pseudomonadales; Moraxellaceae; Acinetobacter; Acinetobacter calcoaceticus/baumannii complex",470,"Acinetobacter baumannii",469,"Acinetobacter",468,"Moraxellaceae",72274,"Pseudomonadales",1236,"Gammaproteobacteria",1224,"Proteobacteria",2,"Bacteria","","","tcagtcatgg_ccaggcggta_1",157,1076,69292,70209,2.81e-60,240,67.304,82,82
"NZ_CP042557.1","complete",470,"plasmid",327867,"SAMN12289292","Room 7","","Acinetobacter baumannii","species","cellular organisms; Bacteria; Proteobacteria; Gammaproteobacteria; Pseudomonadales; Moraxellaceae; Acinetobacter; Acinetobacter calcoaceticus/baumannii complex",470,"Acinetobacter baumannii",469,"Acinetobacter",468,"Moraxellaceae",72274,"Pseudomonadales",1236,"Gammaproteobacteria",1224,"Proteobacteria",2,"Bacteria","","","gtaacgtctc_caacacattg_1",229,758,69349,69878,3.28e-10,74.3,64.232,42,36
"NZ_CP042557.1","complete",470,"plasmid",327867,"SAMN12289292","Room 7","","Acinetobacter baumannii","species","cellular organisms; Bacteria; Proteobacteria; Gammaproteobacteria; Pseudomonadales; Moraxellaceae; Acinetobacter; Acinetobacter calcoaceticus/baumannii complex",470,"Acinetobacter baumannii",469,"Acinetobacter",468,"Moraxellaceae",72274,"Pseudomonadales",1236,"Gammaproteobacteria",1224,"Proteobacteria",2,"Bacteria","","","gtttttcacc_ggcagagcca_1",265,1455,69292,70482,2.35e-50,207,65.299,76,76
"NZ_CP042557.1","complete",470,"plasmid",327867,"SAMN12289292","Room 7","","Acinetobacter baumannii","species","cellular organisms; Bacteria; Proteobacteria; Gammaproteobacteria; Pseudomonadales; Moraxellaceae; Acinetobacter; Acinetobacter calcoaceticus/baumannii complex",470,"Acinetobacter baumannii",469,"Acinetobacter",468,"Moraxellaceae",72274,"Pseudomonadales",1236,"Gammaproteobacteria",1224,"Proteobacteria",2,"Bacteria","","","tttctcctct_cccaatggta_3",1,622,69616,70237,3.83e-119,434,75.84,93,93
"NZ_CP042557.1","complete",470,"plasmid",327867,"SAMN12289292","Room 7","","Acinetobacter baumannii","species","cellular organisms; Bacteria; Proteobacteria; Gammaproteobacteria; Pseudomonadales; Moraxellaceae; Acinetobacter; Acinetobacter calcoaceticus/baumannii complex",470,"Acinetobacter baumannii",469,"Acinetobacter",468,"Moraxellaceae",72274,"Pseudomonadales",1236,"Gammaproteobacteria",1224,"Proteobacteria",2,"Bacteria","","","caacatttca_ccaggcgata_1",1252,1359,70375,70482,0.001,51.8,70.37,7,7
"NZ_CP042557.1","complete",470,"plasmid",327867,"SAMN12289292","Room 7","","Acinetobacter baumannii","species","cellular organisms; Bacteria; Proteobacteria; Gammaproteobacteria; Pseudomonadales; Moraxellaceae; Acinetobacter; Acinetobacter calcoaceticus/baumannii complex",470,"Acinetobacter baumannii",469,"Acinetobacter",468,"Moraxellaceae",72274,"Pseudomonadales",1236,"Gammaproteobacteria",1224,"Proteobacteria",2,"Bacteria","","","tagttttgtc_ccttaacgcg_2",117,686,69303,69872,4.76e-38,166,67.354,54,54
"NZ_CP042557.1","complete",470,"plasmid",327867,"SAMN12289292","Room 7","","Acinetobacter baumannii","species","cellular organisms; Bacteria; Proteobacteria; Gammaproteobacteria; Pseudomonadales; Moraxellaceae; Acinetobacter; Acinetobacter calcoaceticus/baumannii complex",470,"Acinetobacter baumannii",469,"Acinetobacter",468,"Moraxellaceae",72274,"Pseudomonadales",1236,"Gammaproteobacteria",1224,"Proteobacteria",2,"Bacteria","","","ctgtaagata_ctcatatcag_2",132,310,69678,69857,4.26e-07,60.8,67.778,54,54
"NZ_CP042825.1","complete",2603277,"plasmid",700631,"SAMN12513120","leaves","Wheat","Rhizobium sp. WL3","species","cellular organisms; Bacteria; Proteobacteria; Alphaproteobacteria; Rhizobiales; Rhizobiaceae; Rhizobium/Agrobacterium group; Rhizobium; unclassified Rhizobium",2603277,"Rhizobium sp. WL3",379,"Rhizobium",82115,"Rhizobiaceae",356,"Rhizobiales",28211,"Alphaproteobacteria",1224,"Proteobacteria",2,"Bacteria","","","tcattaagcc_gaaaggtatt_3",1279,1315,684080,684044,0.17,45.5,86.486,2,2
"NZ_CP043437.1","",1848517,"plasmid",466898,"SAMN12646121","rumen content","goat","Enterobacter sp. LU1","species","cellular organisms; Bacteria; Proteobacteria; Gammaproteobacteria; Enterobacterales; Enterobacteriaceae; Enterobacter; unclassified Enterobacter",1848517,"Enterobacter sp. LU1",547,"Enterobacter",543,"Enterobacteriaceae",91347,"Enterobacterales",1236,"Gammaproteobacteria",1224,"Proteobacteria",2,"Bacteria","","","gtctcctacg_tgcaataggg_1",3,1105,279384,280490,0,1852,97.29,97,97
"NZ_CP043437.1","",1848517,"plasmid",466898,"SAMN12646121","rumen content","goat","Enterobacter sp. LU1","species","cellular organisms; Bacteria; Proteobacteria; Gammaproteobacteria; Enterobacterales; Enterobacteriaceae; Enterobacter; unclassified Enterobacter",1848517,"Enterobacter sp. LU1",547,"Enterobacter",543,"Enterobacteriaceae",91347,"Enterobacterales",1236,"Gammaproteobacteria",1224,"Proteobacteria",2,"Bacteria","","","gcctgttccg_aactgctgtg_2",3,1107,279384,280490,0,1864,97.471,98,98
"NZ_CP043437.1","",1848517,"plasmid",466898,"SAMN12646121","rumen content","goat","Enterobacter sp. LU1","species","cellular organisms; Bacteria; Proteobacteria; Gammaproteobacteria; Enterobacterales; Enterobacteriaceae; Enterobacter; unclassified Enterobacter",1848517,"Enterobacter sp. LU1",547,"Enterobacter",543,"Enterobacteriaceae",91347,"Enterobacterales",1236,"Gammaproteobacteria",1224,"Proteobacteria",2,"Bacteria","","","tccactgggg_taatgaagtc_3",3,1103,279384,280490,0,1836,97.109,98,98
"NZ_CP043437.1","",1848517,"plasmid",466898,"SAMN12646121","rumen content","goat","Enterobacter sp. LU1","species","cellular organisms; Bacteria; Proteobacteria; Gammaproteobacteria; Enterobacterales; Enterobacteriaceae; Enterobacter; unclassified Enterobacter",1848517,"Enterobacter sp. LU1",547,"Enterobacter",543,"Enterobacteriaceae",91347,"Enterobacterales",1236,"Gammaproteobacteria",1224,"Proteobacteria",2,"Bacteria","","","ctgatctaga_ccgcgtatga_1",3,1112,279384,280497,0,1846,97.04,98,98
"NZ_CP043437.1","",1848517,"plasmid",466898,"SAMN12646121","rumen content","goat","Enterobacter sp. LU1","species","cellular organisms; Bacteria; Proteobacteria; Gammaproteobacteria; Enterobacterales; Enterobacteriaceae; Enterobacter; unclassified Enterobacter",1848517,"Enterobacter sp. LU1",547,"Enterobacter",543,"Enterobacteriaceae",91347,"Enterobacterales",1236,"Gammaproteobacteria",1224,"Proteobacteria",2,"Bacteria","","","ctgattgggg_ggatcgcaaa_2",3,1114,279384,280497,0,1867,97.307,98,98
"NZ_CP043437.1","",1848517,"plasmid",466898,"SAMN12646121","rumen content","goat","Enterobacter sp. LU1","species","cellular organisms; Bacteria; Proteobacteria; Gammaproteobacteria; Enterobacterales; Enterobacteriaceae; Enterobacter; unclassified Enterobacter",1848517,"Enterobacter sp. LU1",547,"Enterobacter",543,"Enterobacteriaceae",91347,"Enterobacterales",1236,"Gammaproteobacteria",1224,"Proteobacteria",2,"Bacteria","","","aattattagt_tccagcacgc_1",3,1106,279384,280490,0,1850,97.202,98,98
"NZ_CP043437.1","",1848517,"plasmid",466898,"SAMN12646121","rumen content","goat","Enterobacter sp. LU1","species","cellular organisms; Bacteria; Proteobacteria; Gammaproteobacteria; Enterobacterales; Enterobacteriaceae; Enterobacter; unclassified Enterobacter",1848517,"Enterobacter sp. LU1",547,"Enterobacter",543,"Enterobacteriaceae",91347,"Enterobacterales",1236,"Gammaproteobacteria",1224,"Proteobacteria",2,"Bacteria","","","aggttttctg_ggcaccactt_2",172,1282,279384,280497,0,1868,97.307,86,86
"NZ_CP043437.1","",1848517,"plasmid",466898,"SAMN12646121","rumen content","goat","Enterobacter sp. LU1","species","cellular organisms; Bacteria; Proteobacteria; Gammaproteobacteria; Enterobacterales; Enterobacteriaceae; Enterobacter; unclassified Enterobacter",1848517,"Enterobacter sp. LU1",547,"Enterobacter",543,"Enterobacteriaceae",91347,"Enterobacterales",1236,"Gammaproteobacteria",1224,"Proteobacteria",2,"Bacteria","","","tcgcaggctg_caacctcatc_1",3,1107,279384,280490,0,1864,97.471,98,98
"NZ_CP043437.1","",1848517,"plasmid",466898,"SAMN12646121","rumen content","goat","Enterobacter sp. LU1","species","cellular organisms; Bacteria; Proteobacteria; Gammaproteobacteria; Enterobacterales; Enterobacteriaceae; Enterobacter; unclassified Enterobacter",1848517,"Enterobacter sp. LU1",547,"Enterobacter",543,"Enterobacteriaceae",91347,"Enterobacterales",1236,"Gammaproteobacteria",1224,"Proteobacteria",2,"Bacteria","","","ggaattgttt_agtctcagga_2",3,1113,279384,280497,0,1859,97.217,99,99
"NZ_CP044475.1","complete",108981,"plasmid",132305,"SAMN12478520","stool","goose","Acinetobacter schindleri","species","cellular organisms; Bacteria; Proteobacteria; Gammaproteobacteria; Pseudomonadales; Moraxellaceae; Acinetobacter",108981,"Acinetobacter schindleri",469,"Acinetobacter",468,"Moraxellaceae",72274,"Pseudomonadales",1236,"Gammaproteobacteria",1224,"Proteobacteria",2,"Bacteria","","","cccgtcattc_catcggcaag_1",23,1148,97877,99002,0,1869,96.803,99,97
"NZ_CP046506.1","complete",546,"plasmid",66308,"SAMN13412315","","","Citrobacter freundii","species","cellular organisms; Bacteria; Proteobacteria; Gammaproteobacteria; Enterobacterales; Enterobacteriaceae; Citrobacter; Citrobacter freundii complex",546,"Citrobacter freundii",544,"Citrobacter",543,"Enterobacteriaceae",91347,"Enterobacterales",1236,"Gammaproteobacteria",1224,"Proteobacteria",2,"Bacteria","IncC_1, JN157804, ","","aaatttgtgc_aagacatgta_1",659,710,36720,36669,0.094,45.5,78.846,6,6
"NZ_CP047288.1","complete",626774,"plasmid",152824,"SAMN13705050","","goose","Proteus cibarius","species","cellular organisms; Bacteria; Proteobacteria; Gammaproteobacteria; Enterobacterales; Morganellaceae; Proteus",626774,"Proteus cibarius",583,"Proteus",1903414,"Morganellaceae",91347,"Enterobacterales",1236,"Gammaproteobacteria",1224,"Proteobacteria",2,"Bacteria","","","tagtcttgtg_cgcacatcaa_3",17,39,113057,113035,5.7,38.3,95.652,6,6
"NZ_CP048244.1","complete",41202,"plasmid",331410,"SAMN13930952","","Flammulina filiformis","Ewingella americana","species","cellular organisms; Bacteria; Proteobacteria; Gammaproteobacteria; Enterobacterales; Yersiniaceae; Ewingella",41202,"Ewingella americana",41201,"Ewingella",1903411,"Yersiniaceae",91347,"Enterobacterales",1236,"Gammaproteobacteria",1224,"Proteobacteria",2,"Bacteria","","","agaaattgat_ggagcacccg_1",13,335,95729,96051,2.1e-43,182,72.446,85,85
"NZ_CP048244.1","complete",41202,"plasmid",331410,"SAMN13930952","","Flammulina filiformis","Ewingella americana","species","cellular organisms; Bacteria; Proteobacteria; Gammaproteobacteria; Enterobacterales; Yersiniaceae; Ewingella",41202,"Ewingella americana",41201,"Ewingella",1903411,"Yersiniaceae",91347,"Enterobacterales",1236,"Gammaproteobacteria",1224,"Proteobacteria",2,"Bacteria","","","ttctgcgttt_atacttcaga_1",1,172,95741,95913,1.5e-22,111,74.566,87,87
"NZ_CP048244.1","complete",41202,"plasmid",331410,"SAMN13930952","","Flammulina filiformis","Ewingella americana","species","cellular organisms; Bacteria; Proteobacteria; Gammaproteobacteria; Enterobacterales; Yersiniaceae; Ewingella",41202,"Ewingella americana",41201,"Ewingella",1903411,"Yersiniaceae",91347,"Enterobacterales",1236,"Gammaproteobacteria",1224,"Proteobacteria",2,"Bacteria","","","ttttatccat_tgaattacta_1",1,311,95741,96051,1.23e-39,169,72.026,88,88
"NZ_CP048244.1","complete",41202,"plasmid",331410,"SAMN13930952","","Flammulina filiformis","Ewingella americana","species","cellular organisms; Bacteria; Proteobacteria; Gammaproteobacteria; Enterobacterales; Yersiniaceae; Ewingella",41202,"Ewingella americana",41201,"Ewingella",1903411,"Yersiniaceae",91347,"Enterobacterales",1236,"Gammaproteobacteria",1224,"Proteobacteria",2,"Bacteria","","","acgtatgagt_gccatgcatt_1",1,311,95741,96051,1.23e-39,169,72.026,88,88
"NZ_CP048281.1","complete",936136,"plasmid",727585,"SAMN13945537","nodules","Fava bean","Rhizobium leguminosarum bv. viciae 248","strain","cellular organisms; Bacteria; Proteobacteria; Alphaproteobacteria; Rhizobiales; Rhizobiaceae; Rhizobium/Agrobacterium group; Rhizobium; Rhizobium leguminosarum; Rhizobium leguminosarum bv. viciae",384,"Rhizobium leguminosarum",379,"Rhizobium",82115,"Rhizobiaceae",356,"Rhizobiales",28211,"Alphaproteobacteria",1224,"Proteobacteria",2,"Bacteria","","","aatttgttga_gggggacaag_1",1379,1654,696015,695738,3.32e-11,77.9,67.972,19,15
"NZ_CP048309.1","complete",562,"plasmid",24518,"SAMN13951926","environment","","Escherichia coli","species","cellular organisms; Bacteria; Proteobacteria; Gammaproteobacteria; Enterobacterales; Enterobacteriaceae; Escherichia",562,"Escherichia coli",561,"Escherichia",543,"Enterobacteriaceae",91347,"Enterobacterales",1236,"Gammaproteobacteria",1224,"Proteobacteria",2,"Bacteria","","","tccagcctgt_agtggcgata_3",142,173,15876,15845,0.00054,50,93.75,13,13
"NZ_CP048759.1","complete",197,"plasmid",3102,"SAMN14072386","duck meat","","Campylobacter jejuni","species","cellular organisms; Bacteria; Proteobacteria; delta/epsilon subdivisions; Epsilonproteobacteria; Campylobacterales; Campylobacteraceae; Campylobacter",197,"Campylobacter jejuni",194,"Campylobacter",72294,"Campylobacteraceae",213849,"Campylobacterales",29547,"Epsilonproteobacteria",1224,"Proteobacteria",2,"Bacteria","","","attagatttg_aaatatacaa_1",169,242,1520,1593,2.61e-11,76.1,82.432,17,17
"NZ_CP048759.1","complete",197,"plasmid",3102,"SAMN14072386","duck meat","","Campylobacter jejuni","species","cellular organisms; Bacteria; Proteobacteria; delta/epsilon subdivisions; Epsilonproteobacteria; Campylobacterales; Campylobacteraceae; Campylobacter",197,"Campylobacter jejuni",194,"Campylobacter",72294,"Campylobacteraceae",213849,"Campylobacterales",29547,"Epsilonproteobacteria",1224,"Proteobacteria",2,"Bacteria","","","tgggttcgtg_taatgcagca_3",163,236,1520,1593,2.58e-11,76.1,82.432,17,17
"NZ_CP048759.1","complete",197,"plasmid",3102,"SAMN14072386","duck meat","","Campylobacter jejuni","species","cellular organisms; Bacteria; Proteobacteria; delta/epsilon subdivisions; Epsilonproteobacteria; Campylobacterales; Campylobacteraceae; Campylobacter",197,"Campylobacter jejuni",194,"Campylobacter",72294,"Campylobacteraceae",213849,"Campylobacterales",29547,"Epsilonproteobacteria",1224,"Proteobacteria",2,"Bacteria","","","gatggttgtg_ccgcttgaag_1",163,236,1520,1593,2.58e-11,76.1,82.432,17,17
"NZ_CP048759.1","complete",197,"plasmid",3102,"SAMN14072386","duck meat","","Campylobacter jejuni","species","cellular organisms; Bacteria; Proteobacteria; delta/epsilon subdivisions; Epsilonproteobacteria; Campylobacterales; Campylobacteraceae; Campylobacter",197,"Campylobacter jejuni",194,"Campylobacter",72294,"Campylobacteraceae",213849,"Campylobacterales",29547,"Epsilonproteobacteria",1224,"Proteobacteria",2,"Bacteria","","","tgtaagggcg_cggagtcgca_2",163,236,1520,1593,2.61e-11,76.1,82.432,17,17
"NZ_CP048816.1","",2010972,"plasmid",231492,"SAMN14056236","soil","","Caulobacter rhizosphaerae","species","cellular organisms; Bacteria; Proteobacteria; Alphaproteobacteria; Caulobacterales; Caulobacteraceae; Caulobacter",2010972,"Caulobacter rhizosphaerae",75,"Caulobacter",76892,"Caulobacteraceae",204458,"Caulobacterales",28211,"Alphaproteobacteria",1224,"Proteobacteria",2,"Bacteria","","","agccccgaaa_atacaaacat_1",5,138,61261,61396,6.6e-18,99.6,76.471,11,11
"NZ_CP049157.1","complete",2705548,"plasmid",1996666,"SAMN13973595","soil","","Caballeronia sp. SBC1","species","cellular organisms; Bacteria; Proteobacteria; Betaproteobacteria; Burkholderiales; Burkholderiaceae; Caballeronia; unclassified Caballeronia",2705548,"Caballeronia sp. SBC1",1827195,"Caballeronia",119060,"Burkholderiaceae",80840,"Burkholderiales",28216,"Betaproteobacteria",1224,"Proteobacteria",2,"Bacteria","","","ttcgtcctgt_aaaattaagt_3",142,195,1705496,1705446,0.019,47.3,79.63,8,8
"NZ_CP049158.1","complete",2705548,"plasmid",1826371,"SAMN13973595","soil","","Caballeronia sp. SBC1","species","cellular organisms; Bacteria; Proteobacteria; Betaproteobacteria; Burkholderiales; Burkholderiaceae; Caballeronia; unclassified Caballeronia",2705548,"Caballeronia sp. SBC1",1827195,"Caballeronia",119060,"Burkholderiaceae",80840,"Burkholderiales",28216,"Betaproteobacteria",1224,"Proteobacteria",2,"Bacteria","","","tccataatct_agcaactaat_3",859,922,614681,614618,0.14,44.6,75,5,5
"NZ_CP049244.1","complete",379684,"plasmid",1272887,"SAMN14167797","soil","","Rhizobium pseudoryzae","species","cellular organisms; Bacteria; Proteobacteria; Alphaproteobacteria; Rhizobiales; Rhizobiaceae; Rhizobium/Agrobacterium group; Rhizobium",379684,"Rhizobium pseudoryzae",379,"Rhizobium",82115,"Rhizobiaceae",356,"Rhizobiales",28211,"Alphaproteobacteria",1224,"Proteobacteria",2,"Bacteria","","","gtcctattaa_aaaacacaag_1",1401,1426,854287,854262,0.6,43.7,96.154,2,2
"NZ_CP049358.1","complete",1288484,"plasmid",323544,"SAMN14178249","soil","","Deinococcus wulumuqiensis R12","strain","cellular organisms; Bacteria; Terrabacteria group; Deinococcus-Thermus; Deinococci; Deinococcales; Deinococcaceae; Deinococcus; Deinococcus wulumuqiensis",980427,"Deinococcus wulumuqiensis",1298,"Deinococcus",183710,"Deinococcaceae",118964,"Deinococcales",188787,"Deinococci",1297,"Deinococcus-Thermus",2,"Bacteria","","","atacatctca_atagacgtgg_1",135,183,293465,293417,6.59e-07,62.6,87.755,3,3
"NZ_CP050719.1","complete",149539,"plasmid",7264,"SAMN14450171","Diarrheal patient","Homo sapiens","Salmonella enterica subsp. enterica serovar Enteritidis","","cellular organisms; Bacteria; Proteobacteria; Gammaproteobacteria; Enterobacterales; Enterobacteriaceae; Salmonella; Salmonella enterica; Salmonella enterica subsp. enterica",28901,"Salmonella enterica",590,"Salmonella",543,"Enterobacteriaceae",91347,"Enterobacterales",1236,"Gammaproteobacteria",1224,"Proteobacteria",2,"Bacteria","IncQ1_1, M28829, ","","cctattaggt_tgcacccaac_1",34,567,2143,2679,3.23e-13,83.3,64.416,69,69
"NZ_CP054002.1","complete",817,"plasmid",91764,"SAMN11056478","transverse colon","Homo sapiens","Bacteroides fragilis","species","cellular organisms; Bacteria; FCB group; Bacteroidetes/Chlorobi group; Bacteroidetes; Bacteroidia; Bacteroidales; Bacteroidaceae; Bacteroides",817,"Bacteroides fragilis",816,"Bacteroides",815,"Bacteroidaceae",171549,"Bacteroidales",200643,"Bacteroidia",976,"Bacteroidetes",2,"Bacteria","","","cctagattta_tatcccaaaa_3",1,1154,32675,31522,0,2082,100,98,98
"NZ_CP054002.1","complete",817,"plasmid",91764,"SAMN11056478","transverse colon","Homo sapiens","Bacteroides fragilis","species","cellular organisms; Bacteria; FCB group; Bacteroidetes/Chlorobi group; Bacteroidetes; Bacteroidia; Bacteroidales; Bacteroidaceae; Bacteroides",817,"Bacteroides fragilis",816,"Bacteroides",815,"Bacteroidaceae",171549,"Bacteroidales",200643,"Bacteroidia",976,"Bacteroidetes",2,"Bacteria","","","tacatccgta_agtcatagca_1",1,1167,32675,31509,0,2105,100,100,100
"NZ_CP054613.1","complete",375489,"plasmid",2697188,"SAMN15163174","soil","","Paenibacillus cellulosilyticus","species","cellular organisms; Bacteria; Terrabacteria group; Firmicutes; Bacilli; Bacillales; Paenibacillaceae; Paenibacillus",375489,"Paenibacillus cellulosilyticus",44249,"Paenibacillus",186822,"Paenibacillaceae",1385,"Bacillales",91061,"Bacilli",1239,"Firmicutes",2,"Bacteria","","","actcctgcaa_gggagtaccc_2",519,599,1991901,1991820,0.041,46.4,73.171,6,6
"NZ_CP054613.1","complete",375489,"plasmid",2697188,"SAMN15163174","soil","","Paenibacillus cellulosilyticus","species","cellular organisms; Bacteria; Terrabacteria group; Firmicutes; Bacilli; Bacillales; Paenibacillaceae; Paenibacillus",375489,"Paenibacillus cellulosilyticus",44249,"Paenibacillus",186822,"Paenibacillaceae",1385,"Bacillales",91061,"Bacilli",1239,"Firmicutes",2,"Bacteria","","","gtaagttgac_tcgatgggtc_1",519,599,1991901,1991820,0.041,46.4,73.171,6,6
"NZ_CP054613.1","complete",375489,"plasmid",2697188,"SAMN15163174","soil","","Paenibacillus cellulosilyticus","species","cellular organisms; Bacteria; Terrabacteria group; Firmicutes; Bacilli; Bacillales; Paenibacillaceae; Paenibacillus",375489,"Paenibacillus cellulosilyticus",44249,"Paenibacillus",186822,"Paenibacillaceae",1385,"Bacillales",91061,"Bacilli",1239,"Firmicutes",2,"Bacteria","","","aattcatttc_gtccaacacg_1",519,599,1991901,1991820,0.041,46.4,73.171,6,6
"NZ_CP054613.1","complete",375489,"plasmid",2697188,"SAMN15163174","soil","","Paenibacillus cellulosilyticus","species","cellular organisms; Bacteria; Terrabacteria group; Firmicutes; Bacilli; Bacillales; Paenibacillaceae; Paenibacillus",375489,"Paenibacillus cellulosilyticus",44249,"Paenibacillus",186822,"Paenibacillaceae",1385,"Bacillales",91061,"Bacilli",1239,"Firmicutes",2,"Bacteria","","","attctaacat_aatcaaactt_1",519,599,1991901,1991820,0.019,46.4,73.171,13,13
"NZ_CP054613.1","complete",375489,"plasmid",2697188,"SAMN15163174","soil","","Paenibacillus cellulosilyticus","species","cellular organisms; Bacteria; Terrabacteria group; Firmicutes; Bacilli; Bacillales; Paenibacillaceae; Paenibacillus",375489,"Paenibacillus cellulosilyticus",44249,"Paenibacillus",186822,"Paenibacillaceae",1385,"Bacillales",91061,"Bacilli",1239,"Firmicutes",2,"Bacteria","","","aaccggagtt_aaagtcaccg_1",519,599,1991901,1991820,0.041,46.4,73.171,6,6
"NZ_CP054613.1","complete",375489,"plasmid",2697188,"SAMN15163174","soil","","Paenibacillus cellulosilyticus","species","cellular organisms; Bacteria; Terrabacteria group; Firmicutes; Bacilli; Bacillales; Paenibacillaceae; Paenibacillus",375489,"Paenibacillus cellulosilyticus",44249,"Paenibacillus",186822,"Paenibacillaceae",1385,"Bacillales",91061,"Bacilli",1239,"Firmicutes",2,"Bacteria","","","tttggagtgt_cgtctaggtt_1",519,599,1991901,1991820,0.041,46.4,73.171,6,6
"NZ_CP054613.1","complete",375489,"plasmid",2697188,"SAMN15163174","soil","","Paenibacillus cellulosilyticus","species","cellular organisms; Bacteria; Terrabacteria group; Firmicutes; Bacilli; Bacillales; Paenibacillaceae; Paenibacillus",375489,"Paenibacillus cellulosilyticus",44249,"Paenibacillus",186822,"Paenibacillaceae",1385,"Bacillales",91061,"Bacilli",1239,"Firmicutes",2,"Bacteria","","","catagtatat_taacctcacc_2",43,408,1642358,1642726,2.81e-18,101,67.647,21,21
"NZ_CP054613.1","complete",375489,"plasmid",2697188,"SAMN15163174","soil","","Paenibacillus cellulosilyticus","species","cellular organisms; Bacteria; Terrabacteria group; Firmicutes; Bacilli; Bacillales; Paenibacillaceae; Paenibacillus",375489,"Paenibacillus cellulosilyticus",44249,"Paenibacillus",186822,"Paenibacillaceae",1385,"Bacillales",91061,"Bacilli",1239,"Firmicutes",2,"Bacteria","","","ctcttcccag_agtgtgaacc_2",519,599,1991901,1991820,0.041,46.4,73.171,6,6
"NZ_CP054625.1","complete",82541,"plasmid",33330,"SAMN11056354","clinical isolate","Homo sapiens","Cupriavidus gilardii","species","cellular organisms; Bacteria; Proteobacteria; Betaproteobacteria; Burkholderiales; Burkholderiaceae; Cupriavidus",82541,"Cupriavidus gilardii",106589,"Cupriavidus",119060,"Burkholderiaceae",80840,"Burkholderiales",28216,"Betaproteobacteria",1224,"Proteobacteria",2,"Bacteria","","","tttgatttcg_gaggtacgac_1",67,768,11485,12189,1.48e-150,538,77.107,89,89
"NZ_CP054658.1","complete",1598,"plasmid",57676,"SAMN15162791","","Sus scrofa domesticus","Lactobacillus reuteri","species","cellular organisms; Bacteria; Terrabacteria group; Firmicutes; Bacilli; Lactobacillales; Lactobacillaceae; Limosilactobacillus",1598,"Lactobacillus reuteri",2742598,"Limosilactobacillus",33958,"Lactobacillaceae",186826,"Lactobacillales",91061,"Bacilli",1239,"Firmicutes",2,"Bacteria","repUS67_1_LRI1898(pLRI01), CP006012, ","","atcatgagtt_acagctgcgt_2",828,872,17994,18037,0.65,42.8,82.222,3,3
"NZ_CP056156.1","complete",158836,"plasmid",361638,"SAMN15148712","Wastewater influent sample","","Enterobacter hormaechei","species","cellular organisms; Bacteria; Proteobacteria; Gammaproteobacteria; Enterobacterales; Enterobacteriaceae; Enterobacter; Enterobacter cloacae complex",158836,"Enterobacter hormaechei",547,"Enterobacter",543,"Enterobacteriaceae",91347,"Enterobacterales",1236,"Gammaproteobacteria",1224,"Proteobacteria",2,"Bacteria","","","ccgccatctt_aacgtatccg_2",1,1121,201906,200785,0,1389,87.522,98,98
"NZ_CP058691.1","complete",82367,"plasmid",556977,"SAMN15438370","sewage sludge","","Paracoccus pantotrophus","species","cellular organisms; Bacteria; Proteobacteria; Alphaproteobacteria; Rhodobacterales; Rhodobacteraceae; Paracoccus",82367,"Paracoccus pantotrophus",265,"Paracoccus",31989,"Rhodobacteraceae",204455,"Rhodobacterales",28211,"Alphaproteobacteria",1224,"Proteobacteria",2,"Bacteria","","","tcaaaggcca_aaaaatggag_1",160,191,401842,401873,0.34,41,87.5,11,11
"NZ_CP060198.1","complete",2666139,"plasmid",519487,"SAMN15735005","soil","","Aminobacter sp. MDW-2","species","cellular organisms; Bacteria; Proteobacteria; Alphaproteobacteria; Rhizobiales; Phyllobacteriaceae; Aminobacter; unclassified Aminobacter",2666139,"Aminobacter sp. MDW-2",31988,"Aminobacter",69277,"Phyllobacteriaceae",356,"Rhizobiales",28211,"Alphaproteobacteria",1224,"Proteobacteria",2,"Bacteria","","","ctctgtcacc_acgcttcgaa_1",33,73,60247,60286,3.3,40.1,82.927,6,6
"NZ_KP294351.1","complete",562,"plasmid",74839,"SAMN14226536","","","Escherichia coli","species","cellular organisms; Bacteria; Proteobacteria; Gammaproteobacteria; Enterobacterales; Enterobacteriaceae; Escherichia",562,"Escherichia coli",561,"Escherichia",543,"Enterobacteriaceae",91347,"Enterobacterales",1236,"Gammaproteobacteria",1224,"Proteobacteria",2,"Bacteria","","","gactctacac_aatcatactt_3",22,498,21909,21433,0,861,100,96,96
"NZ_KP294351.1","complete",562,"plasmid",74839,"SAMN14226536","","","Escherichia coli","species","cellular organisms; Bacteria; Proteobacteria; Gammaproteobacteria; Enterobacterales; Enterobacteriaceae; Escherichia",562,"Escherichia coli",561,"Escherichia",543,"Enterobacteriaceae",91347,"Enterobacterales",1236,"Gammaproteobacteria",1224,"Proteobacteria",2,"Bacteria","","","tcggtccatt_accaacgaac_3",1,318,21749,21433,4.07e-159,566,99.686,100,100
"NZ_KP294351.1","complete",562,"plasmid",74839,"SAMN14226536","","","Escherichia coli","species","cellular organisms; Bacteria; Proteobacteria; Gammaproteobacteria; Enterobacterales; Enterobacteriaceae; Escherichia",562,"Escherichia coli",561,"Escherichia",543,"Enterobacteriaceae",91347,"Enterobacterales",1236,"Gammaproteobacteria",1224,"Proteobacteria",2,"Bacteria","","","tccaattata_cggtcaaagt_3",22,498,21909,21433,0,861,100,96,96
"NZ_KP294351.1","complete",562,"plasmid",74839,"SAMN14226536","","","Escherichia coli","species","cellular organisms; Bacteria; Proteobacteria; Gammaproteobacteria; Enterobacterales; Enterobacteriaceae; Escherichia",562,"Escherichia coli",561,"Escherichia",543,"Enterobacteriaceae",91347,"Enterobacterales",1236,"Gammaproteobacteria",1224,"Proteobacteria",2,"Bacteria","","","gaaattggca_gcacatgacg_3",22,498,21909,21433,0,861,100,96,96
"NZ_KP294351.1","complete",562,"plasmid",74839,"SAMN14226536","","","Escherichia coli","species","cellular organisms; Bacteria; Proteobacteria; Gammaproteobacteria; Enterobacterales; Enterobacteriaceae; Escherichia",562,"Escherichia coli",561,"Escherichia",543,"Enterobacteriaceae",91347,"Enterobacterales",1236,"Gammaproteobacteria",1224,"Proteobacteria",2,"Bacteria","","","gggttaacgg_ggtagggacg_3",22,498,21909,21433,0,861,100,96,96
"NZ_KP294351.1","complete",562,"plasmid",74839,"SAMN14226536","","","Escherichia coli","species","cellular organisms; Bacteria; Proteobacteria; Gammaproteobacteria; Enterobacterales; Enterobacteriaceae; Escherichia",562,"Escherichia coli",561,"Escherichia",543,"Enterobacteriaceae",91347,"Enterobacterales",1236,"Gammaproteobacteria",1224,"Proteobacteria",2,"Bacteria","","","ctctctgatt_cgtcacaacg_3",25,501,21909,21433,0,861,100,95,95
"NZ_KP294351.1","complete",562,"plasmid",74839,"SAMN14226536","","","Escherichia coli","species","cellular organisms; Bacteria; Proteobacteria; Gammaproteobacteria; Enterobacterales; Enterobacteriaceae; Escherichia",562,"Escherichia coli",561,"Escherichia",543,"Enterobacteriaceae",91347,"Enterobacterales",1236,"Gammaproteobacteria",1224,"Proteobacteria",2,"Bacteria","","","agttatctaa_taatgaagcc_3",22,498,21909,21433,0,861,100,96,96
"NZ_KP294351.1","complete",562,"plasmid",74839,"SAMN14226536","","","Escherichia coli","species","cellular organisms; Bacteria; Proteobacteria; Gammaproteobacteria; Enterobacterales; Enterobacteriaceae; Escherichia",562,"Escherichia coli",561,"Escherichia",543,"Enterobacteriaceae",91347,"Enterobacterales",1236,"Gammaproteobacteria",1224,"Proteobacteria",2,"Bacteria","","","ttgtttcctg_tacctcacta_3",22,498,21909,21433,0,861,100,96,96
"NZ_KP294351.1","complete",562,"plasmid",74839,"SAMN14226536","","","Escherichia coli","species","cellular organisms; Bacteria; Proteobacteria; Gammaproteobacteria; Enterobacterales; Enterobacteriaceae; Escherichia",562,"Escherichia coli",561,"Escherichia",543,"Enterobacteriaceae",91347,"Enterobacterales",1236,"Gammaproteobacteria",1224,"Proteobacteria",2,"Bacteria","","","cctgtcctcc_ggggcgatag_4",22,498,21909,21433,0,861,100,96,96
"NZ_KP294351.1","complete",562,"plasmid",74839,"SAMN14226536","","","Escherichia coli","species","cellular organisms; Bacteria; Proteobacteria; Gammaproteobacteria; Enterobacterales; Enterobacteriaceae; Escherichia",562,"Escherichia coli",561,"Escherichia",543,"Enterobacteriaceae",91347,"Enterobacterales",1236,"Gammaproteobacteria",1224,"Proteobacteria",2,"Bacteria","","","gggccatatt_cttctcgttt_4",25,486,21909,21446,0,826,99.569,95,95
"NZ_KP294351.1","complete",562,"plasmid",74839,"SAMN14226536","","","Escherichia coli","species","cellular organisms; Bacteria; Proteobacteria; Gammaproteobacteria; Enterobacterales; Enterobacteriaceae; Escherichia",562,"Escherichia coli",561,"Escherichia",543,"Enterobacteriaceae",91347,"Enterobacterales",1236,"Gammaproteobacteria",1224,"Proteobacteria",2,"Bacteria","","","ctttcccttc_gcctgcagac_3",22,498,21909,21433,0,861,100,96,96
"NZ_KP873172.1","complete",208964,"plasmid",26440,"SAMN14226610","","","Pseudomonas aeruginosa PAO1","strain","cellular organisms; Bacteria; Proteobacteria; Gammaproteobacteria; Pseudomonadales; Pseudomonadaceae; Pseudomonas; Pseudomonas aeruginosa group; Pseudomonas aeruginosa",287,"Pseudomonas aeruginosa",286,"Pseudomonas",135621,"Pseudomonadaceae",72274,"Pseudomonadales",1236,"Gammaproteobacteria",1224,"Proteobacteria",2,"Bacteria","","","cgtacccagg_ctctagcgta_2",1,801,23963,23163,0,1445,100,100,100
"NZ_KP873172.1","complete",208964,"plasmid",26440,"SAMN14226610","","","Pseudomonas aeruginosa PAO1","strain","cellular organisms; Bacteria; Proteobacteria; Gammaproteobacteria; Pseudomonadales; Pseudomonadaceae; Pseudomonas; Pseudomonas aeruginosa group; Pseudomonas aeruginosa",287,"Pseudomonas aeruginosa",286,"Pseudomonas",135621,"Pseudomonadaceae",72274,"Pseudomonadales",1236,"Gammaproteobacteria",1224,"Proteobacteria",2,"Bacteria","","","aggaagatta_acgaatagga_2",1,801,23963,23163,0,1445,100,100,100
"NZ_KP873172.1","complete",208964,"plasmid",26440,"SAMN14226610","","","Pseudomonas aeruginosa PAO1","strain","cellular organisms; Bacteria; Proteobacteria; Gammaproteobacteria; Pseudomonadales; Pseudomonadaceae; Pseudomonas; Pseudomonas aeruginosa group; Pseudomonas aeruginosa",287,"Pseudomonas aeruginosa",286,"Pseudomonas",135621,"Pseudomonadaceae",72274,"Pseudomonadales",1236,"Gammaproteobacteria",1224,"Proteobacteria",2,"Bacteria","","","gtatttggtc_agttggtgtc_2",1,801,23963,23163,0,1445,100,100,100
"NZ_KP873172.1","complete",208964,"plasmid",26440,"SAMN14226610","","","Pseudomonas aeruginosa PAO1","strain","cellular organisms; Bacteria; Proteobacteria; Gammaproteobacteria; Pseudomonadales; Pseudomonadaceae; Pseudomonas; Pseudomonas aeruginosa group; Pseudomonas aeruginosa",287,"Pseudomonas aeruginosa",286,"Pseudomonas",135621,"Pseudomonadaceae",72274,"Pseudomonadales",1236,"Gammaproteobacteria",1224,"Proteobacteria",2,"Bacteria","","","gatggacccc_cgtctcgaac_2",1,801,23963,23163,0,1445,100,100,100
"NZ_KP873172.1","complete",208964,"plasmid",26440,"SAMN14226610","","","Pseudomonas aeruginosa PAO1","strain","cellular organisms; Bacteria; Proteobacteria; Gammaproteobacteria; Pseudomonadales; Pseudomonadaceae; Pseudomonas; Pseudomonas aeruginosa group; Pseudomonas aeruginosa",287,"Pseudomonas aeruginosa",286,"Pseudomonas",135621,"Pseudomonadaceae",72274,"Pseudomonadales",1236,"Gammaproteobacteria",1224,"Proteobacteria",2,"Bacteria","","","tttttcgccg_acttcgaaac_2",1,801,23963,23163,0,1445,100,100,100
"NZ_KP873172.1","complete",208964,"plasmid",26440,"SAMN14226610","","","Pseudomonas aeruginosa PAO1","strain","cellular organisms; Bacteria; Proteobacteria; Gammaproteobacteria; Pseudomonadales; Pseudomonadaceae; Pseudomonas; Pseudomonas aeruginosa group; Pseudomonas aeruginosa",287,"Pseudomonas aeruginosa",286,"Pseudomonas",135621,"Pseudomonadaceae",72274,"Pseudomonadales",1236,"Gammaproteobacteria",1224,"Proteobacteria",2,"Bacteria","","","tggttcacgg_actcgaacct_2",1,801,23963,23163,0,1445,100,100,100
"NZ_KP873172.1","complete",208964,"plasmid",26440,"SAMN14226610","","","Pseudomonas aeruginosa PAO1","strain","cellular organisms; Bacteria; Proteobacteria; Gammaproteobacteria; Pseudomonadales; Pseudomonadaceae; Pseudomonas; Pseudomonas aeruginosa group; Pseudomonas aeruginosa",287,"Pseudomonas aeruginosa",286,"Pseudomonas",135621,"Pseudomonadaceae",72274,"Pseudomonadales",1236,"Gammaproteobacteria",1224,"Proteobacteria",2,"Bacteria","","","cgtcctccct_accagggacc_4",1,801,23963,23163,0,1445,100,100,100
"NZ_KP873172.1","complete",208964,"plasmid",26440,"SAMN14226610","","","Pseudomonas aeruginosa PAO1","strain","cellular organisms; Bacteria; Proteobacteria; Gammaproteobacteria; Pseudomonadales; Pseudomonadaceae; Pseudomonas; Pseudomonas aeruginosa group; Pseudomonas aeruginosa",287,"Pseudomonas aeruginosa",286,"Pseudomonas",135621,"Pseudomonadaceae",72274,"Pseudomonadales",1236,"Gammaproteobacteria",1224,"Proteobacteria",2,"Bacteria","","","gagtcctgaa_aaagaccgtc_2",1,801,23963,23163,0,1445,100,100,100
"NZ_KP873172.1","complete",208964,"plasmid",26440,"SAMN14226610","","","Pseudomonas aeruginosa PAO1","strain","cellular organisms; Bacteria; Proteobacteria; Gammaproteobacteria; Pseudomonadales; Pseudomonadaceae; Pseudomonas; Pseudomonas aeruginosa group; Pseudomonas aeruginosa",287,"Pseudomonas aeruginosa",286,"Pseudomonas",135621,"Pseudomonadaceae",72274,"Pseudomonadales",1236,"Gammaproteobacteria",1224,"Proteobacteria",2,"Bacteria","","","ggtacaaact_attccacttg_2",1,801,23963,23163,0,1445,100,100,100
"NZ_KP873172.1","complete",208964,"plasmid",26440,"SAMN14226610","","","Pseudomonas aeruginosa PAO1","strain","cellular organisms; Bacteria; Proteobacteria; Gammaproteobacteria; Pseudomonadales; Pseudomonadaceae; Pseudomonas; Pseudomonas aeruginosa group; Pseudomonas aeruginosa",287,"Pseudomonas aeruginosa",286,"Pseudomonas",135621,"Pseudomonadaceae",72274,"Pseudomonadales",1236,"Gammaproteobacteria",1224,"Proteobacteria",2,"Bacteria","","","accccagtgc_agatgaaaag_2",1,801,23963,23163,0,1445,100,100,100
"NZ_KP873172.1","complete",208964,"plasmid",26440,"SAMN14226610","","","Pseudomonas aeruginosa PAO1","strain","cellular organisms; Bacteria; Proteobacteria; Gammaproteobacteria; Pseudomonadales; Pseudomonadaceae; Pseudomonas; Pseudomonas aeruginosa group; Pseudomonas aeruginosa",287,"Pseudomonas aeruginosa",286,"Pseudomonas",135621,"Pseudomonadaceae",72274,"Pseudomonadales",1236,"Gammaproteobacteria",1224,"Proteobacteria",2,"Bacteria","","","tcggctgggt_agccttattt_2",1,801,23963,23163,0,1445,100,100,100
"NZ_KP942676.1","complete",554,"plasmid",108445,"SAMN14226603","","","Pectobacterium carotovorum","species","cellular organisms; Bacteria; Proteobacteria; Gammaproteobacteria; Enterobacterales; Pectobacteriaceae; Pectobacterium",554,"Pectobacterium carotovorum",122277,"Pectobacterium",1903410,"Pectobacteriaceae",91347,"Enterobacterales",1236,"Gammaproteobacteria",1224,"Proteobacteria",2,"Bacteria","","","ctcatgactc_aattgagatt_2",587,620,103568,103537,0.8,41.9,88.235,5,5
"NZ_KT282968.1","complete",562,"plasmid",139622,"SAMN14226681","","","Escherichia coli","species","cellular organisms; Bacteria; Proteobacteria; Gammaproteobacteria; Enterobacterales; Enterobacteriaceae; Escherichia",562,"Escherichia coli",561,"Escherichia",543,"Enterobacteriaceae",91347,"Enterobacterales",1236,"Gammaproteobacteria",1224,"Proteobacteria",2,"Bacteria","IncI(Gamma)_1, AP011954, ","","caggggttgc_caagcgaccg_2",7,287,20561,20281,6.23e-06,57.2,64.413,72,72
"NZ_KT282968.1","complete",562,"plasmid",139622,"SAMN14226681","","","Escherichia coli","species","cellular organisms; Bacteria; Proteobacteria; Gammaproteobacteria; Enterobacterales; Enterobacteriaceae; Escherichia",562,"Escherichia coli",561,"Escherichia",543,"Enterobacteriaceae",91347,"Enterobacterales",1236,"Gammaproteobacteria",1224,"Proteobacteria",2,"Bacteria","IncI(Gamma)_1, AP011954, ","","tacttatgta_ataagttgtc_3",121,257,20417,20281,6.96e-05,54.5,68.613,38,38
"NZ_KU315015.1","complete",615,"plasmid",95855,"SAMN14227281","","","Serratia marcescens","species","cellular organisms; Bacteria; Proteobacteria; Gammaproteobacteria; Enterobacterales; Yersiniaceae; Serratia",615,"Serratia marcescens",613,"Serratia",1903411,"Yersiniaceae",91347,"Enterobacterales",1236,"Gammaproteobacteria",1224,"Proteobacteria",2,"Bacteria","IncM1_1, U27345, ","","ctgtcccgtt_acatcaattt_1",1,534,31886,32419,0,964,100,100,100
"NZ_KU315015.1","complete",615,"plasmid",95855,"SAMN14227281","","","Serratia marcescens","species","cellular organisms; Bacteria; Proteobacteria; Gammaproteobacteria; Enterobacterales; Yersiniaceae; Serratia",615,"Serratia marcescens",613,"Serratia",1903411,"Yersiniaceae",91347,"Enterobacterales",1236,"Gammaproteobacteria",1224,"Proteobacteria",2,"Bacteria","IncM1_1, U27345, ","","agacttacat_tgacggttag_3",1,534,31886,32419,0,964,100,100,100
"NZ_KU315015.1","complete",615,"plasmid",95855,"SAMN14227281","","","Serratia marcescens","species","cellular organisms; Bacteria; Proteobacteria; Gammaproteobacteria; Enterobacterales; Yersiniaceae; Serratia",615,"Serratia marcescens",613,"Serratia",1903411,"Yersiniaceae",91347,"Enterobacterales",1236,"Gammaproteobacteria",1224,"Proteobacteria",2,"Bacteria","IncM1_1, U27345, ","","ccagttccgt_ttccttttca_1",1,534,31886,32419,0,964,100,100,100
"NZ_KU315015.1","complete",615,"plasmid",95855,"SAMN14227281","","","Serratia marcescens","species","cellular organisms; Bacteria; Proteobacteria; Gammaproteobacteria; Enterobacterales; Yersiniaceae; Serratia",615,"Serratia marcescens",613,"Serratia",1903411,"Yersiniaceae",91347,"Enterobacterales",1236,"Gammaproteobacteria",1224,"Proteobacteria",2,"Bacteria","IncM1_1, U27345, ","","gagggtcgtt_ctgttcacgg_1",1,534,31886,32419,0,964,100,100,100
"NZ_KU315015.1","complete",615,"plasmid",95855,"SAMN14227281","","","Serratia marcescens","species","cellular organisms; Bacteria; Proteobacteria; Gammaproteobacteria; Enterobacterales; Yersiniaceae; Serratia",615,"Serratia marcescens",613,"Serratia",1903411,"Yersiniaceae",91347,"Enterobacterales",1236,"Gammaproteobacteria",1224,"Proteobacteria",2,"Bacteria","IncM1_1, U27345, ","","ccaagttacc_ccacgcagat_3",1,534,31886,32419,0,964,100,100,100
"NZ_KU315015.1","complete",615,"plasmid",95855,"SAMN14227281","","","Serratia marcescens","species","cellular organisms; Bacteria; Proteobacteria; Gammaproteobacteria; Enterobacterales; Yersiniaceae; Serratia",615,"Serratia marcescens",613,"Serratia",1903411,"Yersiniaceae",91347,"Enterobacterales",1236,"Gammaproteobacteria",1224,"Proteobacteria",2,"Bacteria","IncM1_1, U27345, ","","taaaggcaga_cctatagcaa_3",1,534,31886,32419,0,964,100,100,100
"NZ_KU315015.1","complete",615,"plasmid",95855,"SAMN14227281","","","Serratia marcescens","species","cellular organisms; Bacteria; Proteobacteria; Gammaproteobacteria; Enterobacterales; Yersiniaceae; Serratia",615,"Serratia marcescens",613,"Serratia",1903411,"Yersiniaceae",91347,"Enterobacterales",1236,"Gammaproteobacteria",1224,"Proteobacteria",2,"Bacteria","IncM1_1, U27345, ","","atctacctgt_ctgaacggaa_1",1,534,31886,32419,0,964,100,100,100
"NZ_KU315015.1","complete",615,"plasmid",95855,"SAMN14227281","","","Serratia marcescens","species","cellular organisms; Bacteria; Proteobacteria; Gammaproteobacteria; Enterobacterales; Yersiniaceae; Serratia",615,"Serratia marcescens",613,"Serratia",1903411,"Yersiniaceae",91347,"Enterobacterales",1236,"Gammaproteobacteria",1224,"Proteobacteria",2,"Bacteria","IncM1_1, U27345, ","","agctcccgga_cactgaaaga_1",1,534,31886,32419,0,964,100,100,100
"NZ_KU315015.1","complete",615,"plasmid",95855,"SAMN14227281","","","Serratia marcescens","species","cellular organisms; Bacteria; Proteobacteria; Gammaproteobacteria; Enterobacterales; Yersiniaceae; Serratia",615,"Serratia marcescens",613,"Serratia",1903411,"Yersiniaceae",91347,"Enterobacterales",1236,"Gammaproteobacteria",1224,"Proteobacteria",2,"Bacteria","IncM1_1, U27345, ","","gcgaatctca_aatgaagagc_1",1,534,31886,32419,0,964,100,100,100
"NZ_KU341381.1","complete",562,"plasmid",251493,"SAMN14227276","","","Escherichia coli","species","cellular organisms; Bacteria; Proteobacteria; Gammaproteobacteria; Enterobacterales; Enterobacteriaceae; Escherichia",562,"Escherichia coli",561,"Escherichia",543,"Enterobacteriaceae",91347,"Enterobacterales",1236,"Gammaproteobacteria",1224,"Proteobacteria",2,"Bacteria","IncHI2_1, BX664015, |IncHI2A_1, BX664015, ","IncHI2 DLST(3):smr0018(3);smr0199(2)","gtactagacg_ctgccaagcg_1",374,668,118011,117718,3.5e-06,59.9,65.203,40,40
"NZ_KU341381.1","complete",562,"plasmid",251493,"SAMN14227276","","","Escherichia coli","species","cellular organisms; Bacteria; Proteobacteria; Gammaproteobacteria; Enterobacterales; Enterobacteriaceae; Escherichia",562,"Escherichia coli",561,"Escherichia",543,"Enterobacteriaceae",91347,"Enterobacterales",1236,"Gammaproteobacteria",1224,"Proteobacteria",2,"Bacteria","IncHI2_1, BX664015, |IncHI2A_1, BX664015, ","IncHI2 DLST(3):smr0018(3);smr0199(2)","cattggccgg_ataaaaccaa_2",60,452,118326,117931,2.5e-08,66.2,65.163,51,51
"NZ_KU647721.1","complete",562,"plasmid",48350,"SAMN14227253","","","Escherichia coli","species","cellular organisms; Bacteria; Proteobacteria; Gammaproteobacteria; Enterobacterales; Enterobacteriaceae; Escherichia",562,"Escherichia coli",561,"Escherichia",543,"Enterobacteriaceae",91347,"Enterobacterales",1236,"Gammaproteobacteria",1224,"Proteobacteria",2,"Bacteria","IncX4_1, CP002895, ","","ggtctagtta_aaacgtggaa_1",6,486,12990,12509,0,862,99.793,99,99
"NZ_KU647721.1","complete",562,"plasmid",48350,"SAMN14227253","","","Escherichia coli","species","cellular organisms; Bacteria; Proteobacteria; Gammaproteobacteria; Enterobacterales; Enterobacteriaceae; Escherichia",562,"Escherichia coli",561,"Escherichia",543,"Enterobacteriaceae",91347,"Enterobacterales",1236,"Gammaproteobacteria",1224,"Proteobacteria",2,"Bacteria","IncX4_1, CP002895, ","","gcggggtatc_gggctaacgg_1",3,483,12990,12509,0,862,99.793,99,99
"NZ_KU647721.1","complete",562,"plasmid",48350,"SAMN14227253","","","Escherichia coli","species","cellular organisms; Bacteria; Proteobacteria; Gammaproteobacteria; Enterobacterales; Enterobacteriaceae; Escherichia",562,"Escherichia coli",561,"Escherichia",543,"Enterobacteriaceae",91347,"Enterobacterales",1236,"Gammaproteobacteria",1224,"Proteobacteria",2,"Bacteria","IncX4_1, CP002895, ","","ggtgcttcat_catgagagag_1",9,819,12990,12180,0,1463,100,99,99
"NZ_KU647721.1","complete",562,"plasmid",48350,"SAMN14227253","","","Escherichia coli","species","cellular organisms; Bacteria; Proteobacteria; Gammaproteobacteria; Enterobacterales; Enterobacteriaceae; Escherichia",562,"Escherichia coli",561,"Escherichia",543,"Enterobacteriaceae",91347,"Enterobacterales",1236,"Gammaproteobacteria",1224,"Proteobacteria",2,"Bacteria","IncX4_1, CP002895, ","","acctacactt_cgtaaggagt_2",278,1089,12991,12180,0,1461,99.877,75,75
"NZ_KU647721.1","complete",562,"plasmid",48350,"SAMN14227253","","","Escherichia coli","species","cellular organisms; Bacteria; Proteobacteria; Gammaproteobacteria; Enterobacterales; Enterobacteriaceae; Escherichia",562,"Escherichia coli",561,"Escherichia",543,"Enterobacteriaceae",91347,"Enterobacterales",1236,"Gammaproteobacteria",1224,"Proteobacteria",2,"Bacteria","IncX4_1, CP002895, ","","ctgtacttgg_actactaata_1",3,813,12990,12180,0,1463,100,99,99
"NZ_KU647721.1","complete",562,"plasmid",48350,"SAMN14227253","","","Escherichia coli","species","cellular organisms; Bacteria; Proteobacteria; Gammaproteobacteria; Enterobacterales; Enterobacteriaceae; Escherichia",562,"Escherichia coli",561,"Escherichia",543,"Enterobacteriaceae",91347,"Enterobacterales",1236,"Gammaproteobacteria",1224,"Proteobacteria",2,"Bacteria","IncX4_1, CP002895, ","","taacattcgg_aatcgaggag_1",13,492,12989,12509,0,860,99.792,98,98
"NZ_KX147633.1","complete",546,"plasmid",154564,"SAMN14227154","","","Citrobacter freundii","species","cellular organisms; Bacteria; Proteobacteria; Gammaproteobacteria; Enterobacterales; Enterobacteriaceae; Citrobacter; Citrobacter freundii complex",546,"Citrobacter freundii",544,"Citrobacter",543,"Enterobacteriaceae",91347,"Enterobacterales",1236,"Gammaproteobacteria",1224,"Proteobacteria",2,"Bacteria","IncC_1, JN157804, ","","atctacttcc_aacggctgtt_1",1,933,142031,142964,0,1677,99.893,100,100
"NZ_KX147633.1","complete",546,"plasmid",154564,"SAMN14227154","","","Citrobacter freundii","species","cellular organisms; Bacteria; Proteobacteria; Gammaproteobacteria; Enterobacterales; Enterobacteriaceae; Citrobacter; Citrobacter freundii complex",546,"Citrobacter freundii",544,"Citrobacter",543,"Enterobacteriaceae",91347,"Enterobacterales",1236,"Gammaproteobacteria",1224,"Proteobacteria",2,"Bacteria","IncC_1, JN157804, ","","catggtaatc_aaactcagta_3",21,276,141559,141305,1.58e-125,454,99.609,93,93
"NZ_KX147633.1","complete",546,"plasmid",154564,"SAMN14227154","","","Citrobacter freundii","species","cellular organisms; Bacteria; Proteobacteria; Gammaproteobacteria; Enterobacterales; Enterobacteriaceae; Citrobacter; Citrobacter freundii complex",546,"Citrobacter freundii",544,"Citrobacter",543,"Enterobacteriaceae",91347,"Enterobacterales",1236,"Gammaproteobacteria",1224,"Proteobacteria",2,"Bacteria","IncC_1, JN157804, ","","tgcttattcg_ccaactcata_3",24,744,141559,140838,0,1295,99.861,97,97
"NZ_KX147633.1","complete",546,"plasmid",154564,"SAMN14227154","","","Citrobacter freundii","species","cellular organisms; Bacteria; Proteobacteria; Gammaproteobacteria; Enterobacterales; Enterobacteriaceae; Citrobacter; Citrobacter freundii complex",546,"Citrobacter freundii",544,"Citrobacter",543,"Enterobacteriaceae",91347,"Enterobacterales",1236,"Gammaproteobacteria",1224,"Proteobacteria",2,"Bacteria","IncC_1, JN157804, ","","tatttctttc_gtgtcctcag_4",1,678,141516,140838,0,1197,99.266,100,100
"NZ_KX244760.1","complete",72407,"plasmid",8201,"SAMN04011444","pus swab (trachea)","Homo sapiens","Klebsiella pneumoniae subsp. pneumoniae","subspecies","cellular organisms; Bacteria; Proteobacteria; Gammaproteobacteria; Enterobacterales; Enterobacteriaceae; Klebsiella; Klebsiella pneumoniae",573,"Klebsiella pneumoniae",570,"Klebsiella",543,"Enterobacteriaceae",91347,"Enterobacterales",1236,"Gammaproteobacteria",1224,"Proteobacteria",2,"Bacteria","IncQ1_1, M28829, ","","gtttattgac_ttatacaccc_2",1,360,4239,4598,0,650,100,100,100
"NZ_KX244760.1","complete",72407,"plasmid",8201,"SAMN04011444","pus swab (trachea)","Homo sapiens","Klebsiella pneumoniae subsp. pneumoniae","subspecies","cellular organisms; Bacteria; Proteobacteria; Gammaproteobacteria; Enterobacterales; Enterobacteriaceae; Klebsiella; Klebsiella pneumoniae",573,"Klebsiella pneumoniae",570,"Klebsiella",543,"Enterobacteriaceae",91347,"Enterobacterales",1236,"Gammaproteobacteria",1224,"Proteobacteria",2,"Bacteria","IncQ1_1, M28829, ","","tcaggtgtac_agtctcaaga_2",1,519,4080,4598,0,937,100,100,100
"NZ_KX244760.1","complete",72407,"plasmid",8201,"SAMN04011444","pus swab (trachea)","Homo sapiens","Klebsiella pneumoniae subsp. pneumoniae","subspecies","cellular organisms; Bacteria; Proteobacteria; Gammaproteobacteria; Enterobacterales; Enterobacteriaceae; Klebsiella; Klebsiella pneumoniae",573,"Klebsiella pneumoniae",570,"Klebsiella",543,"Enterobacteriaceae",91347,"Enterobacterales",1236,"Gammaproteobacteria",1224,"Proteobacteria",2,"Bacteria","IncQ1_1, M28829, ","","acaaggttgt_gatttaaagt_2",1,360,4239,4598,0,650,100,100,100
"NZ_KX244760.1","complete",72407,"plasmid",8201,"SAMN04011444","pus swab (trachea)","Homo sapiens","Klebsiella pneumoniae subsp. pneumoniae","subspecies","cellular organisms; Bacteria; Proteobacteria; Gammaproteobacteria; Enterobacterales; Enterobacteriaceae; Klebsiella; Klebsiella pneumoniae",573,"Klebsiella pneumoniae",570,"Klebsiella",543,"Enterobacteriaceae",91347,"Enterobacterales",1236,"Gammaproteobacteria",1224,"Proteobacteria",2,"Bacteria","IncQ1_1, M28829, ","","gttgacgatc_tccaggagat_1",1,519,4080,4598,0,937,100,100,100
"NZ_KX348146.1","complete",573,"plasmid",49517,"SAMN14227127","","","Klebsiella pneumoniae","species","cellular organisms; Bacteria; Proteobacteria; Gammaproteobacteria; Enterobacterales; Enterobacteriaceae; Klebsiella",573,"Klebsiella pneumoniae",570,"Klebsiella",543,"Enterobacteriaceae",91347,"Enterobacterales",1236,"Gammaproteobacteria",1224,"Proteobacteria",2,"Bacteria","pKPC-CAV1193_1, CP013325, ","","tggctgcttg_ctacgtaact_2",1,516,12553,12039,0,923,99.806,100,100
"NZ_KX348146.1","complete",573,"plasmid",49517,"SAMN14227127","","","Klebsiella pneumoniae","species","cellular organisms; Bacteria; Proteobacteria; Gammaproteobacteria; Enterobacterales; Enterobacteriaceae; Klebsiella",573,"Klebsiella pneumoniae",570,"Klebsiella",543,"Enterobacteriaceae",91347,"Enterobacterales",1236,"Gammaproteobacteria",1224,"Proteobacteria",2,"Bacteria","pKPC-CAV1193_1, CP013325, ","","cagttaccac_acacctttgg_2",1,606,12553,11948,0,1094,100,100,100
"NZ_KX348146.1","complete",573,"plasmid",49517,"SAMN14227127","","","Klebsiella pneumoniae","species","cellular organisms; Bacteria; Proteobacteria; Gammaproteobacteria; Enterobacterales; Enterobacteriaceae; Klebsiella",573,"Klebsiella pneumoniae",570,"Klebsiella",543,"Enterobacteriaceae",91347,"Enterobacterales",1236,"Gammaproteobacteria",1224,"Proteobacteria",2,"Bacteria","pKPC-CAV1193_1, CP013325, ","","gtcaaaagcg_ccagtctagg_2",1,606,12553,11948,0,1094,100,100,100
"NZ_KX348146.1","complete",573,"plasmid",49517,"SAMN14227127","","","Klebsiella pneumoniae","species","cellular organisms; Bacteria; Proteobacteria; Gammaproteobacteria; Enterobacterales; Enterobacteriaceae; Klebsiella",573,"Klebsiella pneumoniae",570,"Klebsiella",543,"Enterobacteriaceae",91347,"Enterobacterales",1236,"Gammaproteobacteria",1224,"Proteobacteria",2,"Bacteria","pKPC-CAV1193_1, CP013325, ","","tggtcactgg_caatccggag_1",1,606,12553,11948,0,1094,100,100,100
"NZ_KX348146.1","complete",573,"plasmid",49517,"SAMN14227127","","","Klebsiella pneumoniae","species","cellular organisms; Bacteria; Proteobacteria; Gammaproteobacteria; Enterobacterales; Enterobacteriaceae; Klebsiella",573,"Klebsiella pneumoniae",570,"Klebsiella",543,"Enterobacteriaceae",91347,"Enterobacterales",1236,"Gammaproteobacteria",1224,"Proteobacteria",2,"Bacteria","pKPC-CAV1193_1, CP013325, ","","gacttaaact_cttagaaatc_2",1,606,12553,11948,0,1094,100,100,100
"NZ_KX348146.1","complete",573,"plasmid",49517,"SAMN14227127","","","Klebsiella pneumoniae","species","cellular organisms; Bacteria; Proteobacteria; Gammaproteobacteria; Enterobacterales; Enterobacteriaceae; Klebsiella",573,"Klebsiella pneumoniae",570,"Klebsiella",543,"Enterobacteriaceae",91347,"Enterobacterales",1236,"Gammaproteobacteria",1224,"Proteobacteria",2,"Bacteria","pKPC-CAV1193_1, CP013325, ","","cgaacgtgct_ttctatgaaa_2",1,606,12553,11948,0,1094,100,100,100
"NZ_KX443408.1","complete",573,"plasmid",89790,"SAMN14227088","","","Klebsiella pneumoniae","species","cellular organisms; Bacteria; Proteobacteria; Gammaproteobacteria; Enterobacterales; Enterobacteriaceae; Klebsiella",573,"Klebsiella pneumoniae",570,"Klebsiella",543,"Enterobacteriaceae",91347,"Enterobacterales",1236,"Gammaproteobacteria",1224,"Proteobacteria",2,"Bacteria","IncR_1, DQ449578, ","","gcagttctta_ctgagcatgg_2",1,861,73397,72537,0,1553,100,100,100
"NZ_KX443408.1","complete",573,"plasmid",89790,"SAMN14227088","","","Klebsiella pneumoniae","species","cellular organisms; Bacteria; Proteobacteria; Gammaproteobacteria; Enterobacterales; Enterobacteriaceae; Klebsiella",573,"Klebsiella pneumoniae",570,"Klebsiella",543,"Enterobacteriaceae",91347,"Enterobacterales",1236,"Gammaproteobacteria",1224,"Proteobacteria",2,"Bacteria","IncR_1, DQ449578, ","","ggtttccgtc_aaagatcttg_1",1,876,43686,44561,0,1581,100,100,100
"NZ_KX443408.1","complete",573,"plasmid",89790,"SAMN14227088","","","Klebsiella pneumoniae","species","cellular organisms; Bacteria; Proteobacteria; Gammaproteobacteria; Enterobacterales; Enterobacteriaceae; Klebsiella",573,"Klebsiella pneumoniae",570,"Klebsiella",543,"Enterobacteriaceae",91347,"Enterobacterales",1236,"Gammaproteobacteria",1224,"Proteobacteria",2,"Bacteria","IncR_1, DQ449578, ","","attctcgcat_aagacgctaa_3",1,744,73397,72652,0,1334,99.732,100,100
"NZ_KX443408.1","complete",573,"plasmid",89790,"SAMN14227088","","","Klebsiella pneumoniae","species","cellular organisms; Bacteria; Proteobacteria; Gammaproteobacteria; Enterobacterales; Enterobacteriaceae; Klebsiella",573,"Klebsiella pneumoniae",570,"Klebsiella",543,"Enterobacteriaceae",91347,"Enterobacterales",1236,"Gammaproteobacteria",1224,"Proteobacteria",2,"Bacteria","IncR_1, DQ449578, ","","ccatcacggt_caactgtcac_1",1,633,43686,44319,0,1136,99.842,100,100
"NZ_KX443408.1","complete",573,"plasmid",89790,"SAMN14227088","","","Klebsiella pneumoniae","species","cellular organisms; Bacteria; Proteobacteria; Gammaproteobacteria; Enterobacterales; Enterobacteriaceae; Klebsiella",573,"Klebsiella pneumoniae",570,"Klebsiella",543,"Enterobacteriaceae",91347,"Enterobacterales",1236,"Gammaproteobacteria",1224,"Proteobacteria",2,"Bacteria","IncR_1, DQ449578, ","","gtccacaaag_ctcgtggtac_4",4,591,43732,44319,0,1038,99.321,99,99
"NZ_KX863568.1","complete",546,"plasmid",35840,"SAMN05902587","environmental; wetland","","Citrobacter freundii","species","cellular organisms; Bacteria; Proteobacteria; Gammaproteobacteria; Enterobacterales; Enterobacteriaceae; Citrobacter; Citrobacter freundii complex",546,"Citrobacter freundii",544,"Citrobacter",543,"Enterobacteriaceae",91347,"Enterobacterales",1236,"Gammaproteobacteria",1224,"Proteobacteria",2,"Bacteria","IncP6_1, JF785550, ","","tgtctcctcg_taaattactc_1",112,753,15937,15301,2.75e-96,358,73.023,85,85
"NZ_KX863568.1","complete",546,"plasmid",35840,"SAMN05902587","environmental; wetland","","Citrobacter freundii","species","cellular organisms; Bacteria; Proteobacteria; Gammaproteobacteria; Enterobacterales; Enterobacteriaceae; Citrobacter; Citrobacter freundii complex",546,"Citrobacter freundii",544,"Citrobacter",543,"Enterobacteriaceae",91347,"Enterobacterales",1236,"Gammaproteobacteria",1224,"Proteobacteria",2,"Bacteria","IncP6_1, JF785550, ","","cataaagaga_gtagatggaa_2",15,893,15797,14925,1.4e-164,585,75.593,92,92
"NZ_KX889311.1","complete",287,"plasmid",30361,"SAMN14226962","","","Pseudomonas aeruginosa","species","cellular organisms; Bacteria; Proteobacteria; Gammaproteobacteria; Pseudomonadales; Pseudomonadaceae; Pseudomonas; Pseudomonas aeruginosa group",287,"Pseudomonas aeruginosa",286,"Pseudomonas",135621,"Pseudomonadaceae",72274,"Pseudomonadales",1236,"Gammaproteobacteria",1224,"Proteobacteria",2,"Bacteria","","","ttgtcacatg_taaataaaaa_1",207,463,9137,9393,5.91e-20,104,68.872,54,54
"NZ_KY128484.1","complete",1134687,"plasmid",69888,"SAMN14227366","","","Klebsiella michiganensis","species","cellular organisms; Bacteria; Proteobacteria; Gammaproteobacteria; Enterobacterales; Enterobacteriaceae; Klebsiella",1134687,"Klebsiella michiganensis",570,"Klebsiella",543,"Enterobacteriaceae",91347,"Enterobacterales",1236,"Gammaproteobacteria",1224,"Proteobacteria",2,"Bacteria","IncN_1, AY046276, ","IncN MLST(6):repN(2);traJ(4);korA(2)","gcaaactcgt_acatctaaga_4",1,123,39013,39135,1.9e-56,223,100,98,98
"NZ_LC473083.1","complete",1747,"plasmid",31440,"SAMN14229559","","","Cutibacterium acnes","species","cellular organisms; Bacteria; Terrabacteria group; Actinobacteria; Actinobacteria; Propionibacteriales; Propionibacteriaceae; Cutibacterium",1747,"Cutibacterium acnes",1912216,"Cutibacterium",31957,"Propionibacteriaceae",85009,"Propionibacteriales",1760,"Actinobacteria",201174,"Actinobacteria",2,"Bacteria","","","acacgaatgc_gattgttcga_2",1,1266,26586,25319,0,2267,99.763,100,100
"NZ_LC473083.1","complete",1747,"plasmid",31440,"SAMN14229559","","","Cutibacterium acnes","species","cellular organisms; Bacteria; Terrabacteria group; Actinobacteria; Actinobacteria; Propionibacteriales; Propionibacteriaceae; Cutibacterium",1747,"Cutibacterium acnes",1912216,"Cutibacterium",31957,"Propionibacteriaceae",85009,"Propionibacteriales",1760,"Actinobacteria",201174,"Actinobacteria",2,"Bacteria","","","tcaacggtac_agacccaaat_3",1,888,26206,25319,0,1575,99.324,100,100
"NZ_LC473083.1","complete",1747,"plasmid",31440,"SAMN14229559","","","Cutibacterium acnes","species","cellular organisms; Bacteria; Terrabacteria group; Actinobacteria; Actinobacteria; Propionibacteriales; Propionibacteriaceae; Cutibacterium",1747,"Cutibacterium acnes",1912216,"Cutibacterium",31957,"Propionibacteriaceae",85009,"Propionibacteriales",1760,"Actinobacteria",201174,"Actinobacteria",2,"Bacteria","","","acgaataggt_aaagcatatg_1",1,1080,26398,25319,0,1944,99.907,100,100
"NZ_LC473083.1","complete",1747,"plasmid",31440,"SAMN14229559","","","Cutibacterium acnes","species","cellular organisms; Bacteria; Terrabacteria group; Actinobacteria; Actinobacteria; Propionibacteriales; Propionibacteriaceae; Cutibacterium",1747,"Cutibacterium acnes",1912216,"Cutibacterium",31957,"Propionibacteriaceae",85009,"Propionibacteriales",1760,"Actinobacteria",201174,"Actinobacteria",2,"Bacteria","","","ttgggtacgg_agaacacgtt_2",1,717,26035,25319,0,1294,100,100,100
"NZ_LC473083.1","complete",1747,"plasmid",31440,"SAMN14229559","","","Cutibacterium acnes","species","cellular organisms; Bacteria; Terrabacteria group; Actinobacteria; Actinobacteria; Propionibacteriales; Propionibacteriaceae; Cutibacterium",1747,"Cutibacterium acnes",1912216,"Cutibacterium",31957,"Propionibacteriaceae",85009,"Propionibacteriales",1760,"Actinobacteria",201174,"Actinobacteria",2,"Bacteria","","","ctaagacaca_gccaaaaaat_1",1,1920,27238,25319,0,3463,100,100,100
"NZ_LC473083.1","complete",1747,"plasmid",31440,"SAMN14229559","","","Cutibacterium acnes","species","cellular organisms; Bacteria; Terrabacteria group; Actinobacteria; Actinobacteria; Propionibacteriales; Propionibacteriaceae; Cutibacterium",1747,"Cutibacterium acnes",1912216,"Cutibacterium",31957,"Propionibacteriaceae",85009,"Propionibacteriales",1760,"Actinobacteria",201174,"Actinobacteria",2,"Bacteria","","","attccgcctt_cactgtagat_2",1,1080,26398,25319,0,1948,100,100,100
"NZ_LC473083.1","complete",1747,"plasmid",31440,"SAMN14229559","","","Cutibacterium acnes","species","cellular organisms; Bacteria; Terrabacteria group; Actinobacteria; Actinobacteria; Propionibacteriales; Propionibacteriaceae; Cutibacterium",1747,"Cutibacterium acnes",1912216,"Cutibacterium",31957,"Propionibacteriaceae",85009,"Propionibacteriales",1760,"Actinobacteria",201174,"Actinobacteria",2,"Bacteria","","","ttttgtggta_gaaaaacagc_3",1,690,27238,26548,0,1239,99.855,100,100
"NZ_LC556210.1","complete",550,"plasmid",218194,"","","","Enterobacter cloacae","species","cellular organisms; Bacteria; Proteobacteria; Gammaproteobacteria; Enterobacterales; Enterobacteriaceae; Enterobacter; Enterobacter cloacae complex",550,"Enterobacter cloacae",547,"Enterobacter",543,"Enterobacteriaceae",91347,"Enterobacterales",1236,"Gammaproteobacteria",1224,"Proteobacteria",2,"Bacteria","IncC_1, JN157804, |IncQ1_1, M28829, ","","gagttttgaa_aaaagctgta_2",1,828,1685,2512,0,1494,100,100,100
"NZ_LC556210.1","complete",550,"plasmid",218194,"","","","Enterobacter cloacae","species","cellular organisms; Bacteria; Proteobacteria; Gammaproteobacteria; Enterobacterales; Enterobacteriaceae; Enterobacter; Enterobacter cloacae complex",550,"Enterobacter cloacae",547,"Enterobacter",543,"Enterobacteriaceae",91347,"Enterobacterales",1236,"Gammaproteobacteria",1224,"Proteobacteria",2,"Bacteria","IncC_1, JN157804, |IncQ1_1, M28829, ","","caactagcaa_taaattcaca_2",1,828,1685,2512,0,1494,100,100,100
"NZ_LN832562.1","complete",34004,"plasmid",740381,"SAMEA3320986","","","Paracoccus aminovorans","species","cellular organisms; Bacteria; Proteobacteria; Alphaproteobacteria; Rhodobacterales; Rhodobacteraceae; Paracoccus",34004,"Paracoccus aminovorans",265,"Paracoccus",31989,"Rhodobacteraceae",204455,"Rhodobacterales",28211,"Alphaproteobacteria",1224,"Proteobacteria",2,"Bacteria","","","tactaactgg_gacaacttga_2",13,516,152913,152410,2.39e-37,164,68.102,51,34
"NZ_LN832562.1","complete",34004,"plasmid",740381,"SAMEA3320986","","","Paracoccus aminovorans","species","cellular organisms; Bacteria; Proteobacteria; Alphaproteobacteria; Rhodobacterales; Rhodobacteraceae; Paracoccus",34004,"Paracoccus aminovorans",265,"Paracoccus",31989,"Rhodobacteraceae",204455,"Rhodobacterales",28211,"Alphaproteobacteria",1224,"Proteobacteria",2,"Bacteria","","","gtgcccttct_acactctcta_2",13,516,152913,152410,2.39e-37,164,68.102,51,34
"NZ_LN832562.1","complete",34004,"plasmid",740381,"SAMEA3320986","","","Paracoccus aminovorans","species","cellular organisms; Bacteria; Proteobacteria; Alphaproteobacteria; Rhodobacterales; Rhodobacteraceae; Paracoccus",34004,"Paracoccus aminovorans",265,"Paracoccus",31989,"Rhodobacteraceae",204455,"Rhodobacterales",28211,"Alphaproteobacteria",1224,"Proteobacteria",2,"Bacteria","","","gttcattcag_ggatcatgtt_2",13,516,152913,152410,1.24e-34,154,67.969,51,34
"NZ_LN832562.1","complete",34004,"plasmid",740381,"SAMEA3320986","","","Paracoccus aminovorans","species","cellular organisms; Bacteria; Proteobacteria; Alphaproteobacteria; Rhodobacterales; Rhodobacteraceae; Paracoccus",34004,"Paracoccus aminovorans",265,"Paracoccus",31989,"Rhodobacteraceae",204455,"Rhodobacterales",28211,"Alphaproteobacteria",1224,"Proteobacteria",2,"Bacteria","","","gatcagacag_tccaggatta_2",13,516,152913,152410,2.39e-37,164,68.102,51,34
"NZ_LN832562.1","complete",34004,"plasmid",740381,"SAMEA3320986","","","Paracoccus aminovorans","species","cellular organisms; Bacteria; Proteobacteria; Alphaproteobacteria; Rhodobacterales; Rhodobacteraceae; Paracoccus",34004,"Paracoccus aminovorans",265,"Paracoccus",31989,"Rhodobacteraceae",204455,"Rhodobacterales",28211,"Alphaproteobacteria",1224,"Proteobacteria",2,"Bacteria","","","gatgagatct_cagagtcatt_2",13,516,152913,152410,2.39e-37,164,68.102,51,34
"NZ_LN832562.1","complete",34004,"plasmid",740381,"SAMEA3320986","","","Paracoccus aminovorans","species","cellular organisms; Bacteria; Proteobacteria; Alphaproteobacteria; Rhodobacterales; Rhodobacteraceae; Paracoccus",34004,"Paracoccus aminovorans",265,"Paracoccus",31989,"Rhodobacteraceae",204455,"Rhodobacterales",28211,"Alphaproteobacteria",1224,"Proteobacteria",2,"Bacteria","","","acttagccca_aaaccaaaaa_3",33,543,517788,518298,9.24e-38,163,68.75,86,85
"NZ_LN832562.1","complete",34004,"plasmid",740381,"SAMEA3320986","","","Paracoccus aminovorans","species","cellular organisms; Bacteria; Proteobacteria; Alphaproteobacteria; Rhodobacterales; Rhodobacteraceae; Paracoccus",34004,"Paracoccus aminovorans",265,"Paracoccus",31989,"Rhodobacteraceae",204455,"Rhodobacterales",28211,"Alphaproteobacteria",1224,"Proteobacteria",2,"Bacteria","","","acgtcaaatt_cgagacactg_3",13,516,152913,152410,8.9e-38,164,68.102,87,87
"NZ_LR027520.1","complete",274,"plasmid",370865,"SAMEA4983637","","","Thermus thermophilus","species","cellular organisms; Bacteria; Terrabacteria group; Deinococcus-Thermus; Deinococci; Thermales; Thermaceae; Thermus",274,"Thermus thermophilus",270,"Thermus",188786,"Thermaceae",68933,"Thermales",188787,"Deinococci",1297,"Deinococcus-Thermus",2,"Bacteria","","","tttatttatc_gcagaaagta_2",335,369,134984,134951,0.029,47.3,91.429,4,4
"NZ_LR134451.1","complete",57704,"plasmid",415783,"SAMEA48409168","sputum","","Tsukamurella tyrosinosolvens","species","cellular organisms; Bacteria; Terrabacteria group; Actinobacteria; Actinobacteria; Corynebacteriales; Tsukamurellaceae; Tsukamurella",57704,"Tsukamurella tyrosinosolvens",2060,"Tsukamurella",85028,"Tsukamurellaceae",85007,"Corynebacteriales",1760,"Actinobacteria",201174,"Actinobacteria",2,"Bacteria","","","tgcccttctc_cctccccatg_2",232,368,7753,7889,2.9e-11,77,72.263,12,9
"NZ_LR134452.1","complete",57704,"plasmid",385671,"SAMEA48409168","sputum","","Tsukamurella tyrosinosolvens","species","cellular organisms; Bacteria; Terrabacteria group; Actinobacteria; Actinobacteria; Corynebacteriales; Tsukamurellaceae; Tsukamurella",57704,"Tsukamurella tyrosinosolvens",2060,"Tsukamurella",85028,"Tsukamurellaceae",85007,"Corynebacteriales",1760,"Actinobacteria",201174,"Actinobacteria",2,"Bacteria","","","tgtaccaagt_atggaccggg_3",297,385,89466,89378,0.001,52.7,74.444,5,5
"NZ_LR134456.1","complete",57704,"plasmid",402180,"SAMEA48409168","sputum","","Tsukamurella tyrosinosolvens","species","cellular organisms; Bacteria; Terrabacteria group; Actinobacteria; Actinobacteria; Corynebacteriales; Tsukamurellaceae; Tsukamurella",57704,"Tsukamurella tyrosinosolvens",2060,"Tsukamurella",85028,"Tsukamurellaceae",85007,"Corynebacteriales",1760,"Actinobacteria",201174,"Actinobacteria",2,"Bacteria","","","cctagtttat_gtaacgtacc_1",80,179,129174,129274,7.25e-11,76.1,77.228,9,9
"NZ_LR134465.1","complete",57704,"plasmid",413529,"SAMEA48409168","sputum","","Tsukamurella tyrosinosolvens","species","cellular organisms; Bacteria; Terrabacteria group; Actinobacteria; Actinobacteria; Corynebacteriales; Tsukamurellaceae; Tsukamurella",57704,"Tsukamurella tyrosinosolvens",2060,"Tsukamurella",85028,"Tsukamurellaceae",85007,"Corynebacteriales",1760,"Actinobacteria",201174,"Actinobacteria",2,"Bacteria","","","ccacaaggcg_caacgaccaa_3",661,900,13553,13793,1.61e-09,71.6,66.805,12,12
"NZ_LR723673.1","",1335061,"plasmid",150934,"SAMEA104296051","Paddy soil under the long-term application of triazophos insecticide","","Rhizobium flavum","species","cellular organisms; Bacteria; Proteobacteria; Alphaproteobacteria; Rhizobiales; Rhizobiaceae; Rhizobium/Agrobacterium group; Rhizobium",1335061,"Rhizobium flavum",379,"Rhizobium",82115,"Rhizobiaceae",356,"Rhizobiales",28211,"Alphaproteobacteria",1224,"Proteobacteria",2,"Bacteria","","","cattgttagc_caaccatccg_6",83,120,121917,121880,0.055,42.8,84.211,22,22
"NZ_LR723673.1","",1335061,"plasmid",150934,"SAMEA104296051","Paddy soil under the long-term application of triazophos insecticide","","Rhizobium flavum","species","cellular organisms; Bacteria; Proteobacteria; Alphaproteobacteria; Rhizobiales; Rhizobiaceae; Rhizobium/Agrobacterium group; Rhizobium",1335061,"Rhizobium flavum",379,"Rhizobium",82115,"Rhizobiaceae",356,"Rhizobiales",28211,"Alphaproteobacteria",1224,"Proteobacteria",2,"Bacteria","","","tttctcggga_acgtggtagg_1",59,96,121917,121880,0.046,42.8,84.211,25,25
"NZ_LT985269.1","complete",562,"plasmid",22308,"SAMEA104588844","","","Escherichia coli","species","cellular organisms; Bacteria; Proteobacteria; Gammaproteobacteria; Enterobacterales; Enterobacteriaceae; Escherichia",562,"Escherichia coli",561,"Escherichia",543,"Enterobacteriaceae",91347,"Enterobacterales",1236,"Gammaproteobacteria",1224,"Proteobacteria",2,"Bacteria","Col(pHAD28)_1, KU674895, ","","acgatctcgg_aaacggtctg_1",881,1397,14686,14169,4.34e-154,551,84.231,75,36
"NZ_LT985269.1","complete",562,"plasmid",22308,"SAMEA104588844","","","Escherichia coli","species","cellular organisms; Bacteria; Proteobacteria; Gammaproteobacteria; Enterobacterales; Enterobacteriaceae; Escherichia",562,"Escherichia coli",561,"Escherichia",543,"Enterobacteriaceae",91347,"Enterobacterales",1236,"Gammaproteobacteria",1224,"Proteobacteria",2,"Bacteria","Col(pHAD28)_1, KU674895, ","","gacccggcaa_tgagcctgag_1",878,1394,14686,14169,4.33e-154,551,84.231,75,36
"NZ_LT985269.1","complete",562,"plasmid",22308,"SAMEA104588844","","","Escherichia coli","species","cellular organisms; Bacteria; Proteobacteria; Gammaproteobacteria; Enterobacterales; Enterobacteriaceae; Escherichia",562,"Escherichia coli",561,"Escherichia",543,"Enterobacteriaceae",91347,"Enterobacterales",1236,"Gammaproteobacteria",1224,"Proteobacteria",2,"Bacteria","Col(pHAD28)_1, KU674895, ","","cctgatacag_aagaaaaatc_2",881,1398,14686,14169,2.9e-156,559,84.423,76,37
"NZ_LT985269.1","complete",562,"plasmid",22308,"SAMEA104588844","","","Escherichia coli","species","cellular organisms; Bacteria; Proteobacteria; Gammaproteobacteria; Enterobacterales; Enterobacteriaceae; Escherichia",562,"Escherichia coli",561,"Escherichia",543,"Enterobacteriaceae",91347,"Enterobacterales",1236,"Gammaproteobacteria",1224,"Proteobacteria",2,"Bacteria","Col(pHAD28)_1, KU674895, ","","tgttgatgat_tgctaatgcc_1",881,1398,14686,14169,2.92e-156,559,84.423,75,36
"NZ_LT985269.1","complete",562,"plasmid",22308,"SAMEA104588844","","","Escherichia coli","species","cellular organisms; Bacteria; Proteobacteria; Gammaproteobacteria; Enterobacterales; Enterobacteriaceae; Escherichia",562,"Escherichia coli",561,"Escherichia",543,"Enterobacteriaceae",91347,"Enterobacterales",1236,"Gammaproteobacteria",1224,"Proteobacteria",2,"Bacteria","Col(pHAD28)_1, KU674895, ","","tcgactttac_acgacgcata_3",880,1398,14686,14165,4.37e-154,551,84.16,74,36
"NZ_LT985269.1","complete",562,"plasmid",22308,"SAMEA104588844","","","Escherichia coli","species","cellular organisms; Bacteria; Proteobacteria; Gammaproteobacteria; Enterobacterales; Enterobacteriaceae; Escherichia",562,"Escherichia coli",561,"Escherichia",543,"Enterobacteriaceae",91347,"Enterobacterales",1236,"Gammaproteobacteria",1224,"Proteobacteria",2,"Bacteria","Col(pHAD28)_1, KU674895, ","","tactggaaac_gtaagaaaca_2",879,1396,14686,14169,2.92e-156,559,84.423,75,37
"NZ_LT985269.1","complete",562,"plasmid",22308,"SAMEA104588844","","","Escherichia coli","species","cellular organisms; Bacteria; Proteobacteria; Gammaproteobacteria; Enterobacterales; Enterobacteriaceae; Escherichia",562,"Escherichia coli",561,"Escherichia",543,"Enterobacteriaceae",91347,"Enterobacterales",1236,"Gammaproteobacteria",1224,"Proteobacteria",2,"Bacteria","Col(pHAD28)_1, KU674895, ","","cttatatttt_gaacggtgca_1",881,1398,14686,14169,2.93e-156,559,84.423,75,36
"NZ_LT985269.1","complete",562,"plasmid",22308,"SAMEA104588844","","","Escherichia coli","species","cellular organisms; Bacteria; Proteobacteria; Gammaproteobacteria; Enterobacterales; Enterobacteriaceae; Escherichia",562,"Escherichia coli",561,"Escherichia",543,"Enterobacteriaceae",91347,"Enterobacterales",1236,"Gammaproteobacteria",1224,"Proteobacteria",2,"Bacteria","Col(pHAD28)_1, KU674895, ","","tggctgtgtc_agtatagcgg_2",881,1398,14686,14169,2.92e-156,559,84.423,75,37
"NZ_LT985269.1","complete",562,"plasmid",22308,"SAMEA104588844","","","Escherichia coli","species","cellular organisms; Bacteria; Proteobacteria; Gammaproteobacteria; Enterobacterales; Enterobacteriaceae; Escherichia",562,"Escherichia coli",561,"Escherichia",543,"Enterobacteriaceae",91347,"Enterobacterales",1236,"Gammaproteobacteria",1224,"Proteobacteria",2,"Bacteria","Col(pHAD28)_1, KU674895, ","","gttcaattgc_actttgtttg_3",882,1399,14686,14169,2.91e-156,559,84.423,75,37
"NZ_LT985269.1","complete",562,"plasmid",22308,"SAMEA104588844","","","Escherichia coli","species","cellular organisms; Bacteria; Proteobacteria; Gammaproteobacteria; Enterobacterales; Enterobacteriaceae; Escherichia",562,"Escherichia coli",561,"Escherichia",543,"Enterobacteriaceae",91347,"Enterobacterales",1236,"Gammaproteobacteria",1224,"Proteobacteria",2,"Bacteria","Col(pHAD28)_1, KU674895, ","","gtcgacaatc_ttcataagaa_2",881,1398,14686,14169,2.93e-156,559,84.423,75,36
"NZ_LT985269.1","complete",562,"plasmid",22308,"SAMEA104588844","","","Escherichia coli","species","cellular organisms; Bacteria; Proteobacteria; Gammaproteobacteria; Enterobacterales; Enterobacteriaceae; Escherichia",562,"Escherichia coli",561,"Escherichia",543,"Enterobacteriaceae",91347,"Enterobacterales",1236,"Gammaproteobacteria",1224,"Proteobacteria",2,"Bacteria","Col(pHAD28)_1, KU674895, ","","cacatcagct_atcggtacgt_2",876,1392,14686,14169,4.32e-154,551,84.231,75,37
"NZ_LT985269.1","complete",562,"plasmid",22308,"SAMEA104588844","","","Escherichia coli","species","cellular organisms; Bacteria; Proteobacteria; Gammaproteobacteria; Enterobacterales; Enterobacteriaceae; Escherichia",562,"Escherichia coli",561,"Escherichia",543,"Enterobacteriaceae",91347,"Enterobacterales",1236,"Gammaproteobacteria",1224,"Proteobacteria",2,"Bacteria","Col(pHAD28)_1, KU674895, ","","tcaaccggga_tcactctgtt_2",877,1393,14686,14169,4.32e-154,551,84.231,75,37
"NZ_LT985269.1","complete",562,"plasmid",22308,"SAMEA104588844","","","Escherichia coli","species","cellular organisms; Bacteria; Proteobacteria; Gammaproteobacteria; Enterobacterales; Enterobacteriaceae; Escherichia",562,"Escherichia coli",561,"Escherichia",543,"Enterobacteriaceae",91347,"Enterobacterales",1236,"Gammaproteobacteria",1224,"Proteobacteria",2,"Bacteria","Col(pHAD28)_1, KU674895, ","","gtcacttgtt_agatagtgca_1",880,1397,14686,14169,2.92e-156,559,84.423,75,36
"NZ_LT985269.1","complete",562,"plasmid",22308,"SAMEA104588844","","","Escherichia coli","species","cellular organisms; Bacteria; Proteobacteria; Gammaproteobacteria; Enterobacterales; Enterobacteriaceae; Escherichia",562,"Escherichia coli",561,"Escherichia",543,"Enterobacteriaceae",91347,"Enterobacterales",1236,"Gammaproteobacteria",1224,"Proteobacteria",2,"Bacteria","Col(pHAD28)_1, KU674895, ","","tgtggaggcc_tcaagaaggt_1",882,1399,14686,14169,2.93e-156,559,84.423,75,36
"NZ_LT985269.1","complete",562,"plasmid",22308,"SAMEA104588844","","","Escherichia coli","species","cellular organisms; Bacteria; Proteobacteria; Gammaproteobacteria; Enterobacterales; Enterobacteriaceae; Escherichia",562,"Escherichia coli",561,"Escherichia",543,"Enterobacteriaceae",91347,"Enterobacterales",1236,"Gammaproteobacteria",1224,"Proteobacteria",2,"Bacteria","Col(pHAD28)_1, KU674895, ","","tcctactcag_cagctgtcac_3",884,1401,14686,14169,2.93e-156,559,84.423,75,36
"NZ_LT985269.1","complete",562,"plasmid",22308,"SAMEA104588844","","","Escherichia coli","species","cellular organisms; Bacteria; Proteobacteria; Gammaproteobacteria; Enterobacterales; Enterobacteriaceae; Escherichia",562,"Escherichia coli",561,"Escherichia",543,"Enterobacteriaceae",91347,"Enterobacterales",1236,"Gammaproteobacteria",1224,"Proteobacteria",2,"Bacteria","Col(pHAD28)_1, KU674895, ","","gcacgtccat_aatggataag_3",882,1399,14686,14169,2.93e-156,559,84.423,75,36
"NZ_LT985269.1","complete",562,"plasmid",22308,"SAMEA104588844","","","Escherichia coli","species","cellular organisms; Bacteria; Proteobacteria; Gammaproteobacteria; Enterobacterales; Enterobacteriaceae; Escherichia",562,"Escherichia coli",561,"Escherichia",543,"Enterobacteriaceae",91347,"Enterobacterales",1236,"Gammaproteobacteria",1224,"Proteobacteria",2,"Bacteria","Col(pHAD28)_1, KU674895, ","","acttgccgta_aacattaaga_1",882,1399,14686,14169,2.93e-156,559,84.423,75,36
"NZ_MF174859.1","complete",562,"plasmid",258114,"SAMN14227710","","","Escherichia coli","species","cellular organisms; Bacteria; Proteobacteria; Gammaproteobacteria; Enterobacterales; Enterobacteriaceae; Escherichia",562,"Escherichia coli",561,"Escherichia",543,"Enterobacteriaceae",91347,"Enterobacterales",1236,"Gammaproteobacteria",1224,"Proteobacteria",2,"Bacteria","IncHI2_1, BX664015, |IncHI2A_1, BX664015, ","IncHI2 DLST(3):smr0018(3);smr0199(2)","agacttccgc_cgggagaccg_1",10,460,87495,87949,3.91e-12,78.8,65.227,59,59
"NZ_MF174859.1","complete",562,"plasmid",258114,"SAMN14227710","","","Escherichia coli","species","cellular organisms; Bacteria; Proteobacteria; Gammaproteobacteria; Enterobacterales; Enterobacteriaceae; Escherichia",562,"Escherichia coli",561,"Escherichia",543,"Enterobacteriaceae",91347,"Enterobacterales",1236,"Gammaproteobacteria",1224,"Proteobacteria",2,"Bacteria","IncHI2_1, BX664015, |IncHI2A_1, BX664015, ","IncHI2 DLST(3):smr0018(3);smr0199(2)","cgatcatcga_atattgagga_2",10,460,87495,87949,3.91e-12,78.8,65.227,59,59
"NZ_MG591698.1","complete",562,"plasmid",353691,"SAMN14228427","","","Escherichia coli","species","cellular organisms; Bacteria; Proteobacteria; Gammaproteobacteria; Enterobacterales; Enterobacteriaceae; Escherichia",562,"Escherichia coli",561,"Escherichia",543,"Enterobacteriaceae",91347,"Enterobacterales",1236,"Gammaproteobacteria",1224,"Proteobacteria",2,"Bacteria","","","tggaacatcc_acgacttgga_2",2,1589,188677,190264,0,2522,95.214,99,99
"NZ_MG591701.1","complete",562,"plasmid",91597,"SAMN14228426","","","Escherichia coli","species","cellular organisms; Bacteria; Proteobacteria; Gammaproteobacteria; Enterobacterales; Enterobacteriaceae; Escherichia",562,"Escherichia coli",561,"Escherichia",543,"Enterobacteriaceae",91347,"Enterobacterales",1236,"Gammaproteobacteria",1224,"Proteobacteria",2,"Bacteria","IncFII(pHN7A8)_1, JN232517, ","IncF RST(F33:A-:B-):FIA(-);FIB(-);FIC(5?);FII(33);FIIK(-);FIIS(-);FIIY(-)","ccatcacggt_caactgtcac_6",1,363,84616,84979,0,649,99.725,100,100
"NZ_MH056209.1","complete",550,"plasmid",108256,"SAMN14228282","","","Enterobacter cloacae","species","cellular organisms; Bacteria; Proteobacteria; Gammaproteobacteria; Enterobacterales; Enterobacteriaceae; Enterobacter; Enterobacter cloacae complex",550,"Enterobacter cloacae",547,"Enterobacter",543,"Enterobacteriaceae",91347,"Enterobacterales",1236,"Gammaproteobacteria",1224,"Proteobacteria",2,"Bacteria","IncFIB(K)_1, JN233704, ","IncF RST(F-:A-:B-):FIA(-);FIB(-);FIC(-);FII(-);FIIK(-);FIIS(-);FIIY(-)","tagtagagta_gaagtattgg_2",10,482,64624,65096,7.94e-26,124,66.457,80,80
"NZ_MH056209.1","complete",550,"plasmid",108256,"SAMN14228282","","","Enterobacter cloacae","species","cellular organisms; Bacteria; Proteobacteria; Gammaproteobacteria; Enterobacterales; Enterobacteriaceae; Enterobacter; Enterobacter cloacae complex",550,"Enterobacter cloacae",547,"Enterobacter",543,"Enterobacteriaceae",91347,"Enterobacterales",1236,"Gammaproteobacteria",1224,"Proteobacteria",2,"Bacteria","IncFIB(K)_1, JN233704, ","IncF RST(F-:A-:B-):FIA(-);FIB(-);FIC(-);FII(-);FIIK(-);FIIS(-);FIIY(-)","atattttcta_gtaactagcg_2",157,242,64459,64544,4.95e-12,79.7,80.233,9,9
"NZ_MH056209.1","complete",550,"plasmid",108256,"SAMN14228282","","","Enterobacter cloacae","species","cellular organisms; Bacteria; Proteobacteria; Gammaproteobacteria; Enterobacterales; Enterobacteriaceae; Enterobacter; Enterobacter cloacae complex",550,"Enterobacter cloacae",547,"Enterobacter",543,"Enterobacteriaceae",91347,"Enterobacterales",1236,"Gammaproteobacteria",1224,"Proteobacteria",2,"Bacteria","IncFIB(K)_1, JN233704, ","IncF RST(F-:A-:B-):FIA(-);FIB(-);FIC(-);FII(-);FIIK(-);FIIS(-);FIIY(-)","atatgattta_gtatcttttt_1",134,392,64421,64679,9.68e-21,107,69.112,28,28
"NZ_MH220287.1","complete",108980,"plasmid",313407,"SAMN08708149","unavailable","Homo sapiens","Acinetobacter ursingii","species","cellular organisms; Bacteria; Proteobacteria; Gammaproteobacteria; Pseudomonadales; Moraxellaceae; Acinetobacter",108980,"Acinetobacter ursingii",469,"Acinetobacter",468,"Moraxellaceae",72274,"Pseudomonadales",1236,"Gammaproteobacteria",1224,"Proteobacteria",2,"Bacteria","","","gcaaactcgt_acatctaaga_3",1,228,23097,22869,7.04e-110,401,99.127,100,100
"NZ_MH733011.1","complete",573,"plasmid",313847,"SAMN14228053","","","Klebsiella pneumoniae","species","cellular organisms; Bacteria; Proteobacteria; Gammaproteobacteria; Enterobacterales; Enterobacteriaceae; Klebsiella",573,"Klebsiella pneumoniae",570,"Klebsiella",543,"Enterobacteriaceae",91347,"Enterobacterales",1236,"Gammaproteobacteria",1224,"Proteobacteria",2,"Bacteria","IncFIB(pNDM-Mar)_1, JN420336, |IncN_1, AY046276, |IncHI1B(pNDM-MAR)_1, JN420336, ","IncF RST(F-:A-:B-):FIA(-);FIB(-);FIC(-);FII(-);FIIK(-);FIIS(-);FIIY(-)|IncN MLST(-):repN(4);traJ(-);korA(-)|IncHI1 MLST(-):HCM1_043(-);HCM1_064(-);HCM1_099(-);HCM1_116(-);HCM1_178ac(-);HCM1_259(-);(-)","caactcaaaa_acaccagtta_1",218,1168,143977,144929,0,1604,97.377,70,70
"NZ_MH733011.1","complete",573,"plasmid",313847,"SAMN14228053","","","Klebsiella pneumoniae","species","cellular organisms; Bacteria; Proteobacteria; Gammaproteobacteria; Enterobacterales; Enterobacteriaceae; Klebsiella",573,"Klebsiella pneumoniae",570,"Klebsiella",543,"Enterobacteriaceae",91347,"Enterobacterales",1236,"Gammaproteobacteria",1224,"Proteobacteria",2,"Bacteria","IncFIB(pNDM-Mar)_1, JN420336, |IncN_1, AY046276, |IncHI1B(pNDM-MAR)_1, JN420336, ","IncF RST(F-:A-:B-):FIA(-);FIB(-);FIC(-);FII(-);FIIK(-);FIIS(-);FIIY(-)|IncN MLST(-):repN(4);traJ(-);korA(-)|IncHI1 MLST(-):HCM1_043(-);HCM1_064(-);HCM1_099(-);HCM1_116(-);HCM1_178ac(-);HCM1_259(-);(-)","gtcgccactt_agagcgaaca_2",1644,2595,143977,144929,0,1593,97.275,34,34
"NZ_MK295824.1","complete",941322,"plasmid",105664,"SAMN10175253","blood","Homo sapiens","Escherichia coli O25b:H4-ST131","strain","cellular organisms; Bacteria; Proteobacteria; Gammaproteobacteria; Enterobacterales; Enterobacteriaceae; Escherichia; Escherichia coli",562,"Escherichia coli",561,"Escherichia",543,"Enterobacteriaceae",91347,"Enterobacterales",1236,"Gammaproteobacteria",1224,"Proteobacteria",2,"Bacteria","IncFIA_1, AP001918, |IncFII(pRSB107)_1, AJ851089, |IncFIB(AP001918)_1, AP001918, ","IncF RST(F1:A6:B20):FIA(6);FIB(20);FIC(3?);FII(1);FIIK(-);FIIS(-);FIIY(-)","ttgatcatca_agacactaca_3",1,645,52115,52759,0,1164,100,100,100
"NZ_MK295824.1","complete",941322,"plasmid",105664,"SAMN10175253","blood","Homo sapiens","Escherichia coli O25b:H4-ST131","strain","cellular organisms; Bacteria; Proteobacteria; Gammaproteobacteria; Enterobacterales; Enterobacteriaceae; Escherichia; Escherichia coli",562,"Escherichia coli",561,"Escherichia",543,"Enterobacteriaceae",91347,"Enterobacterales",1236,"Gammaproteobacteria",1224,"Proteobacteria",2,"Bacteria","IncFIA_1, AP001918, |IncFII(pRSB107)_1, AJ851089, |IncFIB(AP001918)_1, AP001918, ","IncF RST(F1:A6:B20):FIA(6);FIB(20);FIC(3?);FII(1);FIIK(-);FIIS(-);FIIY(-)","ctacctctgg_gtcacggaga_3",1,876,51884,52759,0,1576,99.886,100,100
"NZ_MK295824.1","complete",941322,"plasmid",105664,"SAMN10175253","blood","Homo sapiens","Escherichia coli O25b:H4-ST131","strain","cellular organisms; Bacteria; Proteobacteria; Gammaproteobacteria; Enterobacterales; Enterobacteriaceae; Escherichia; Escherichia coli",562,"Escherichia coli",561,"Escherichia",543,"Enterobacteriaceae",91347,"Enterobacterales",1236,"Gammaproteobacteria",1224,"Proteobacteria",2,"Bacteria","IncFIA_1, AP001918, |IncFII(pRSB107)_1, AJ851089, |IncFIB(AP001918)_1, AP001918, ","IncF RST(F1:A6:B20):FIA(6);FIB(20);FIC(3?);FII(1);FIIK(-);FIIS(-);FIIY(-)","gctcgcaatg_gggcccctat_3",1,831,51928,52759,0,1489,99.76,100,100
"NZ_MK295824.1","complete",941322,"plasmid",105664,"SAMN10175253","blood","Homo sapiens","Escherichia coli O25b:H4-ST131","strain","cellular organisms; Bacteria; Proteobacteria; Gammaproteobacteria; Enterobacterales; Enterobacteriaceae; Escherichia; Escherichia coli",562,"Escherichia coli",561,"Escherichia",543,"Enterobacteriaceae",91347,"Enterobacterales",1236,"Gammaproteobacteria",1224,"Proteobacteria",2,"Bacteria","IncFIA_1, AP001918, |IncFII(pRSB107)_1, AJ851089, |IncFIB(AP001918)_1, AP001918, ","IncF RST(F1:A6:B20):FIA(6);FIB(20);FIC(3?);FII(1);FIIK(-);FIIS(-);FIIY(-)","tgtttcactt_ggggagcatt_3",1,876,51884,52759,0,1576,99.886,100,100
"NZ_MN657140.1","complete",1926290,"plasmid",74798,"","","","Cryobacterium sp.","species","cellular organisms; Bacteria; Terrabacteria group; Actinobacteria; Actinobacteria; Micrococcales; Microbacteriaceae; Cryobacterium; unclassified Cryobacterium",1926290,"Cryobacterium sp.",69578,"Cryobacterium",85023,"Microbacteriaceae",85006,"Micrococcales",1760,"Actinobacteria",201174,"Actinobacteria",2,"Bacteria","","","tccggttagt_caaggtcccc_2",943,975,41349,41381,0.033,47.3,90.909,3,3
"NZ_MN699848.1","complete",1563222,"plasmid",183921,"","","","Citrobacter pasteurii","species","cellular organisms; Bacteria; Proteobacteria; Gammaproteobacteria; Enterobacterales; Enterobacteriaceae; Citrobacter",1563222,"Citrobacter pasteurii",544,"Citrobacter",543,"Enterobacteriaceae",91347,"Enterobacterales",1236,"Gammaproteobacteria",1224,"Proteobacteria",2,"Bacteria","IncFIA(HI1)_1, AF250878, ","IncF RST(F-:A-:B-):FIA(~22);FIB(-);FIC(-);FII(-);FIIK(-);FIIS(-);FIIY(-)","tcaattcgtc_ccaaccgaaa_3",198,260,170698,170760,0.011,47.3,76.19,17,17
"NZ_MN699848.1","complete",1563222,"plasmid",183921,"","","","Citrobacter pasteurii","species","cellular organisms; Bacteria; Proteobacteria; Gammaproteobacteria; Enterobacterales; Enterobacteriaceae; Citrobacter",1563222,"Citrobacter pasteurii",544,"Citrobacter",543,"Enterobacteriaceae",91347,"Enterobacterales",1236,"Gammaproteobacteria",1224,"Proteobacteria",2,"Bacteria","IncFIA(HI1)_1, AF250878, ","IncF RST(F-:A-:B-):FIA(~22);FIB(-);FIC(-);FII(-);FIIK(-);FIIS(-);FIIY(-)","gtgtgtccgt_ttccccacgt_3",70,722,170168,170820,2.59e-46,193,66.921,81,81
"NZ_MN699848.1","complete",1563222,"plasmid",183921,"","","","Citrobacter pasteurii","species","cellular organisms; Bacteria; Proteobacteria; Gammaproteobacteria; Enterobacterales; Enterobacteriaceae; Citrobacter",1563222,"Citrobacter pasteurii",544,"Citrobacter",543,"Enterobacteriaceae",91347,"Enterobacterales",1236,"Gammaproteobacteria",1224,"Proteobacteria",2,"Bacteria","IncFIA(HI1)_1, AF250878, ","IncF RST(F-:A-:B-):FIA(~22);FIB(-);FIC(-);FII(-);FIIK(-);FIIS(-);FIIY(-)","catctgtaat_gaccaataca_2",328,768,170429,170869,7.13e-09,68,64.414,57,57
"NZ_MT439326.1","complete",573,"plasmid",199248,"","","","Klebsiella pneumoniae","species","cellular organisms; Bacteria; Proteobacteria; Gammaproteobacteria; Enterobacterales; Enterobacteriaceae; Klebsiella",573,"Klebsiella pneumoniae",570,"Klebsiella",543,"Enterobacteriaceae",91347,"Enterobacterales",1236,"Gammaproteobacteria",1224,"Proteobacteria",2,"Bacteria","IncFIB(K)_1, JN233704, |IncFII(K)_1, CP000648, ","IncF RST(K19:A-:B-):FIA(-);FIB(-);FIC(-);FII(-);FIIK(19);FIIS(-);FIIY(-)","tttgtgaatc_tcatgttacc_1",40,1214,194893,193719,0,1146,81.617,95,95
