Contig,sseqid,qstart,qend,sstart,send,evalue,bitscore,pident,qcovs,qcovhsp,GenBank_TaxIDs,phylum,class,order,family,genus,species
aaacccagct_tccaacagcg,gi|378976159|ref|NC_016845.1|,2,1334,1440244,1438910,0,2392,99.026,98,98,NC_016845.1,Proteobacteria,Gammaproteobacteria,Enterobacterales,Enterobacteriaceae,Klebsiella,Klebsiella pneumoniae
aaagttacct_actaaaactg,gi|378976159|ref|NC_016845.1|,2,1336,1440244,1438910,0,2394,99.027,98,98,NC_016845.1,Proteobacteria,Gammaproteobacteria,Enterobacterales,Enterobacteriaceae,Klebsiella,Klebsiella pneumoniae
aaatttgtgc_aagacatgta,gi|1124426730|ref|NZ_FNOD01000034.1|,2,1050,20185,21233,0,1849,98.475,92,92,NZ_FNOD01000034.1,Bacteroidetes,Bacteroidia,Bacteroidales,Bacteroidaceae,Bacteroides,Bacteroides stercoris
aacccgaatc_cgaacttacg,gi|378976159|ref|NC_016845.1|,2,1336,1438910,1440244,0,2405,99.176,98,98,NC_016845.1,Proteobacteria,Gammaproteobacteria,Enterobacterales,Enterobacteriaceae,Klebsiella,Klebsiella pneumoniae
aaccggagtt_aaagtcaccg,gi|928804415|ref|NZ_LN877293.1|,2,1516,2977751,2979265,0,2787,99.868,98,98,NZ_LN877293.1,Bacteroidetes,Bacteroidia,Bacteroidales,Bacteroidaceae,Bacteroides,Bacteroides fragilis
aacctcctat_tccactaatg,gi|1372070465|ref|NZ_CP023478.1|,2,2126,2640726,2642862,0,3775,98.643,99,99,NZ_CP023478.1,Proteobacteria,Gammaproteobacteria,Enterobacterales,Enterobacteriaceae,Klebsiella,Klebsiella quasipneumoniae
aactcattct_atcgtcgagt,gi|378976159|ref|NC_016845.1|,1,1130,2572877,2571747,0,2060,99.558,98,98,NC_016845.1,Proteobacteria,Gammaproteobacteria,Enterobacterales,Enterobacteriaceae,Klebsiella,Klebsiella pneumoniae
aactcggtta_ctcagctaat,gi|378976159|ref|NC_016845.1|,2,1132,2572877,2571747,0,2067,99.646,98,98,NC_016845.1,Proteobacteria,Gammaproteobacteria,Enterobacterales,Enterobacteriaceae,Klebsiella,Klebsiella pneumoniae
aagagatgat_ttcacgccat,gi|484070525|ref|NZ_ANID01000005.1|,1048,2776,203698,205426,0,2756,95.431,62,62,NZ_ANID01000005.1,Proteobacteria,Gammaproteobacteria,Enterobacterales,Enterobacteriaceae,Enterobacter,Enterobacter hormaechei
aagagcttaa_ataaatgtac,gi|378976159|ref|NC_016845.1|,2,1132,2572877,2571747,0,2067,99.646,98,98,NC_016845.1,Proteobacteria,Gammaproteobacteria,Enterobacterales,Enterobacteriaceae,Klebsiella,Klebsiella pneumoniae
aagtaccgac_aagcaactgt,gi|378976159|ref|NC_016845.1|,2,1131,2572877,2571747,0,2060,99.558,98,98,NC_016845.1,Proteobacteria,Gammaproteobacteria,Enterobacterales,Enterobacteriaceae,Klebsiella,Klebsiella pneumoniae
aagtatcgta_aatcgtgagg,gi|1932059471|ref|NZ_CP061527.1|,2,1210,1750073,1751282,0,2100,98.017,98,98,NZ_CP061527.1,Proteobacteria,Gammaproteobacteria,Enterobacterales,Enterobacteriaceae,Shigella,Shigella dysenteriae
aagtggacgg_caaccgtgct,gi|378976159|ref|NC_016845.1|,2,1131,2572877,2571747,0,2060,99.558,98,98,NC_016845.1,Proteobacteria,Gammaproteobacteria,Enterobacterales,Enterobacteriaceae,Klebsiella,Klebsiella pneumoniae
aagtgggagt_cacagctctg,gi|484070516|ref|NZ_ANID01000003.1|,142,1895,280911,279155,0,2732,94.764,92,92,NZ_ANID01000003.1,Proteobacteria,Gammaproteobacteria,Enterobacterales,Enterobacteriaceae,Enterobacter,Enterobacter hormaechei
aagtttagca_acagcaaaga,gi|378976159|ref|NC_016845.1|,2,1336,1440244,1438910,0,2405,99.176,98,98,NC_016845.1,Proteobacteria,Gammaproteobacteria,Enterobacterales,Enterobacteriaceae,Klebsiella,Klebsiella pneumoniae
aataaaggaa_ctcgcggctc,gi|1545162491|ref|NZ_LR134475.1|,2,1785,3832131,3833915,0,3134,98.375,99,99,NZ_LR134475.1,Proteobacteria,Gammaproteobacteria,Enterobacterales,Enterobacteriaceae,Klebsiella,Klebsiella aerogenes
aatccacgtc_cgctctagca,gi|1545162491|ref|NZ_LR134475.1|,2,1786,3832131,3833915,0,3142,98.431,99,99,NZ_LR134475.1,Proteobacteria,Gammaproteobacteria,Enterobacterales,Enterobacteriaceae,Klebsiella,Klebsiella aerogenes
aattattagt_tccagcacgc,gi|484070521|ref|NZ_ANID01000004.1|,3,1106,377833,378938,0,1869,97.2,98,98,NZ_ANID01000004.1,Proteobacteria,Gammaproteobacteria,Enterobacterales,Enterobacteriaceae,Enterobacter,Enterobacter hormaechei
aattcatttc_gtccaacacg,gi|928804415|ref|NZ_LN877293.1|,2,1516,2977751,2979265,0,2787,99.868,98,98,NZ_LN877293.1,Bacteroidetes,Bacteroidia,Bacteroidales,Bacteroidaceae,Bacteroides,Bacteroides fragilis
aattctttcc_cgatcaaact,gi|1372070465|ref|NZ_CP023478.1|,2,2135,2640726,2642862,0,3827,99.017,99,99,NZ_CP023478.1,Proteobacteria,Gammaproteobacteria,Enterobacterales,Enterobacteriaceae,Klebsiella,Klebsiella quasipneumoniae
aattttcaag_catgatacga,gi|1055453364|ref|NZ_BCUA01000020.1|,842,1251,9303,9719,1.14E-16,99,71.963,32,32,NZ_BCUA01000020.1,Proteobacteria,Alphaproteobacteria,Sphingomonadales,Sphingomonadaceae,Sphingopyxis,Sphingopyxis granuli
aatttttatg_tgaactgaaa,gi|1713190571|ref|NZ_VJOO01000014.1|,30,1468,38253,39682,0,1718,88.358,96,96,NZ_VJOO01000014.1,Proteobacteria,Betaproteobacteria,Burkholderiales,NA,Tepidimonas,Tepidimonas fonticaldi
acaaggttgt_gatttaaagt,gi|1918262153|ref|NZ_CP040449.1|,25,1007,3266979,3265998,0,1781,99.39,86,86,NZ_CP040449.1,Proteobacteria,Gammaproteobacteria,Aeromonadales,Aeromonadaceae,Aeromonas,Aeromonas simiae
acaagtgcct_agatcccaca,gi|1372070465|ref|NZ_CP023478.1|,244,935,3718684,3717993,0,1279,100,63,63,NZ_CP023478.1,Proteobacteria,Gammaproteobacteria,Enterobacterales,Enterobacteriaceae,Klebsiella,Klebsiella quasipneumoniae
acaatttccg_tatcggacaa,gi|378976159|ref|NC_016845.1|,2,1131,2572877,2571747,0,2060,99.558,98,98,NC_016845.1,Proteobacteria,Gammaproteobacteria,Enterobacterales,Enterobacteriaceae,Klebsiella,Klebsiella pneumoniae
acacgaatgc_gattgttcga,gi|1891544117|ref|NZ_JACHFW010000011.1|,2,2485,44952,42467,0,4567,99.839,99,99,NZ_JACHFW010000011.1,Firmicutes,Clostridia,Eubacteriales,Lachnospiraceae,Catenibacillus,Catenibacillus scindens
acataaccgg_gtgcaacgac,gi|740291840|ref|NZ_AUNB01000024.1|,269,304,9413,9448,2.52E-05,62.1,97.222,2,2,NZ_AUNB01000024.1,Proteobacteria,Alphaproteobacteria,Rhodobacterales,Rhodobacteraceae,Thioclava,Thioclava indica
acatagggga_agtcaaatga,gi|1816023474|ref|NZ_CP044484.1|,4,958,23997,24951,0,1764,100,96,96,NZ_CP044484.1,Proteobacteria,Gammaproteobacteria,Pseudomonadales,Moraxellaceae,Acinetobacter,Acinetobacter schindleri
acatattcat_tagacgggtt,gi|484070516|ref|NZ_ANID01000003.1|,1,1726,280912,279185,0,2686,94.734,99,99,NZ_ANID01000003.1,Proteobacteria,Gammaproteobacteria,Enterobacterales,Enterobacteriaceae,Enterobacter,Enterobacter hormaechei
acatgtacag_actagcacaa,gi|110645304|ref|NC_002516.2|,1127,2487,1076711,1075351,0,2514,100,54,54,NC_002516.2,Proteobacteria,Gammaproteobacteria,Pseudomonadales,Pseudomonadaceae,Pseudomonas,Pseudomonas aeruginosa
accagtgctt_ctcgtattcc,gi|739326886|ref|NZ_JOKJ01000001.1|,1,2044,452837,454895,0,1805,82.689,49,49,NZ_JOKJ01000001.1,Proteobacteria,Alphaproteobacteria,Rhizobiales,Rhizobiaceae,Pseudorhizobium,Pseudorhizobium pelagicum
accccaggag_ttaatcgatc,gi|1816023474|ref|NZ_CP044484.1|,3,959,23994,24951,0,1757,99.791,96,96,NZ_CP044484.1,Proteobacteria,Gammaproteobacteria,Pseudomonadales,Moraxellaceae,Acinetobacter,Acinetobacter schindleri
accccagtgc_agatgaaaag,gi|1222569331|ref|NZ_FODE01000103.1|,82,1510,210,1644,0,2540,98.677,46,46,NZ_FODE01000103.1,Proteobacteria,Alphaproteobacteria,Rhodobacterales,Rhodobacteraceae,Paracoccus,Paracoccus alcaliphilus
accggtattt_gacccagtac,gi|1372070465|ref|NZ_CP023478.1|,241,932,3718684,3717993,0,1262,99.567,64,64,NZ_CP023478.1,Proteobacteria,Gammaproteobacteria,Enterobacterales,Enterobacteriaceae,Klebsiella,Klebsiella quasipneumoniae
acctacactt_cgtaaggagt,gi|484070558|ref|NZ_KB205937.1|,950,2985,944613,942576,0,3518,97.841,68,68,NZ_KB205937.1,Proteobacteria,Gammaproteobacteria,Enterobacterales,Enterobacteriaceae,Enterobacter,Enterobacter hormaechei
acctcactac_actccctcgg,gi|1098654622|ref|NZ_MBTW01000021.1|,1,1224,79046,80270,0,2189,98.939,98,98,NZ_MBTW01000021.1,Proteobacteria,Gammaproteobacteria,Enterobacterales,Enterobacteriaceae,Citrobacter,Citrobacter koseri
acctgtatcg_aactaccata,gi|556503834|ref|NC_000913.3|,2,1253,1204295,1205548,0,2303,99.841,54,54,NC_000913.3,Proteobacteria,Gammaproteobacteria,Enterobacterales,Enterobacteriaceae,Escherichia,Escherichia coli
acctgttatt_agtggtacac,gi|1372070465|ref|NZ_CP023478.1|,241,932,3718684,3717993,0,1279,100,64,64,NZ_CP023478.1,Proteobacteria,Gammaproteobacteria,Enterobacterales,Enterobacteriaceae,Klebsiella,Klebsiella quasipneumoniae
accttcatta_ttaaaagcat,gi|378976159|ref|NC_016845.1|,2,1132,2572877,2571747,0,2067,99.646,98,98,NC_016845.1,Proteobacteria,Gammaproteobacteria,Enterobacterales,Enterobacteriaceae,Klebsiella,Klebsiella pneumoniae
acgaataggt_aaagcatatg,gi|1891544117|ref|NZ_JACHFW010000011.1|,2,2265,44652,42388,0,4170,99.912,88,88,NZ_JACHFW010000011.1,Firmicutes,Clostridia,Eubacteriales,Lachnospiraceae,Catenibacillus,Catenibacillus scindens
acgatctcgg_aaacggtctg,gi|1392614517|ref|NZ_LT556085.1|,2,1399,427941,429340,0,2529,99.286,98,98,NZ_LT556085.1,Proteobacteria,Gammaproteobacteria,Enterobacterales,Enterobacteriaceae,Citrobacter,Citrobacter amalonaticus
acgattaagt_gtggtctaac,gi|1545162491|ref|NZ_LR134475.1|,2,1785,3832131,3833915,0,3134,98.375,99,99,NZ_LR134475.1,Proteobacteria,Gammaproteobacteria,Enterobacterales,Enterobacteriaceae,Klebsiella,Klebsiella aerogenes
acgcttgcac_tttgaccggg,gi|1545162491|ref|NZ_LR134475.1|,2256,4038,3832131,3833915,0,3129,98.319,99,44,NZ_LR134475.1,Proteobacteria,Gammaproteobacteria,Enterobacterales,Enterobacteriaceae,Klebsiella,Klebsiella aerogenes
acgggcccca_tactacgatt,gi|1447699251|ref|NC_002695.2|,2,1250,4215816,4214568,0,2146,97.678,54,54,NC_002695.2,Proteobacteria,Gammaproteobacteria,Enterobacterales,Enterobacteriaceae,Escherichia,Escherichia coli
acgtatgagt_gccatgcatt,gi|484070516|ref|NZ_ANID01000003.1|,5,890,27776,26890,0,1426,95.716,96,96,NZ_ANID01000003.1,Proteobacteria,Gammaproteobacteria,Enterobacterales,Enterobacteriaceae,Enterobacter,Enterobacter hormaechei
acgtcaaatt_cgagacactg,gi|1372070465|ref|NZ_CP023478.1|,9,2585,2400266,2402847,0,4564,98.606,98,98,NZ_CP023478.1,Proteobacteria,Gammaproteobacteria,Enterobacterales,Enterobacteriaceae,Klebsiella,Klebsiella quasipneumoniae
acgtgcgtgc_gccgcatgaa,gi|1154878734|ref|NZ_FUYF01000016.1|,422,1787,35114,33748,0,2423,98.683,96,71,NZ_FUYF01000016.1,Firmicutes,Clostridia,Eubacteriales,NA,Gemmiger,Gemmiger formicilis
actcaatctg_caaatacata,gi|941748637|ref|NZ_CYYU01000007.1|,2,2176,58212,56034,0,3672,97.109,99,99,NZ_CYYU01000007.1,Firmicutes,Negativicutes,Selenomonadales,Selenomonadaceae,Mitsuokella,Mitsuokella jalaludinii
actcacaagt_aatgactggt,gi|1372070465|ref|NZ_CP023478.1|,2,2137,2640726,2642862,0,3840,99.111,99,99,NZ_CP023478.1,Proteobacteria,Gammaproteobacteria,Enterobacterales,Enterobacteriaceae,Klebsiella,Klebsiella quasipneumoniae
actcatggaa_gatgttgtca,gi|378976159|ref|NC_016845.1|,2,1132,2572877,2571747,0,2067,99.646,98,98,NC_016845.1,Proteobacteria,Gammaproteobacteria,Enterobacterales,Enterobacteriaceae,Klebsiella,Klebsiella pneumoniae
actcctgcaa_gggagtaccc,gi|928804415|ref|NZ_LN877293.1|,2,1615,2977652,2979265,0,2964,99.814,98,98,NZ_LN877293.1,Bacteroidetes,Bacteroidia,Bacteroidales,Bacteroidaceae,Bacteroides,Bacteroides fragilis
actctgcacc_gcccttaagg,gi|1906791355|ref|NZ_BMZD01000002.1|,40,1603,254578,253005,0,765,75.938,96,96,NZ_BMZD01000002.1,Proteobacteria,Alphaproteobacteria,Sphingomonadales,Sphingomonadaceae,Novosphingobium,Novosphingobium arvoryzae
actgctgggg_cacgcgcgta,gi|950211490|ref|NZ_CYYO01000006.1|,2,1489,215147,216634,0,2748,100,98,98,NZ_CYYO01000006.1,Bacteroidetes,Bacteroidia,Bacteroidales,Bacteroidaceae,Bacteroides,Bacteroides uniformis
actgttcaca_cgatccgagt,gi|1372070465|ref|NZ_CP023478.1|,241,932,3718684,3717993,0,1279,100,64,64,NZ_CP023478.1,Proteobacteria,Gammaproteobacteria,Enterobacterales,Enterobacteriaceae,Klebsiella,Klebsiella quasipneumoniae
acttagccca_aaaccaaaaa,gi|1060083451|ref|NZ_MASI01000006.1|,2697,2856,39345,39186,9.50E-26,130,81.25,5,5,NZ_MASI01000006.1,Proteobacteria,Alphaproteobacteria,Rhizobiales,Hyphomicrobiaceae,Methyloligella,Methyloligella halotolerans
acttgagaaa_cctatcaact,gi|950211490|ref|NZ_CYYO01000006.1|,2,1615,216803,215190,0,2937,99.504,99,99,NZ_CYYO01000006.1,Bacteroidetes,Bacteroidia,Bacteroidales,Bacteroidaceae,Bacteroides,Bacteroides uniformis
acttgccgta_aacattaaga,gi|1392614517|ref|NZ_LT556085.1|,2,1401,427941,429340,0,2558,99.643,98,98,NZ_LT556085.1,Proteobacteria,Gammaproteobacteria,Enterobacterales,Enterobacteriaceae,Citrobacter,Citrobacter amalonaticus
actttggatt_gctggggcgg,gi|1392614517|ref|NZ_LT556085.1|,1,1815,422296,424110,0,3308,99.559,99,99,NZ_LT556085.1,Proteobacteria,Gammaproteobacteria,Enterobacterales,Enterobacteriaceae,Citrobacter,Citrobacter amalonaticus
agaaattgat_ggagcacccg,gi|484070516|ref|NZ_ANID01000003.1|,2,546,27776,27229,0,749,91.455,39,39,NZ_ANID01000003.1,Proteobacteria,Gammaproteobacteria,Enterobacterales,Enterobacteriaceae,Enterobacter,Enterobacter hormaechei
agaaggcgat_gccgtaccac,gi|378976159|ref|NC_016845.1|,2,1132,2572877,2571747,0,2067,99.646,98,98,NC_016845.1,Proteobacteria,Gammaproteobacteria,Enterobacterales,Enterobacteriaceae,Klebsiella,Klebsiella pneumoniae
agaatattct_ataaaattga,gi|950211490|ref|NZ_CYYO01000006.1|,1,1493,216639,215147,0,2758,100,98,98,NZ_CYYO01000006.1,Bacteroidetes,Bacteroidia,Bacteroidales,Bacteroidaceae,Bacteroides,Bacteroides uniformis
agacgctatt_ggtctagtcc,gi|1545162491|ref|NZ_LR134475.1|,2,1786,3832131,3833915,0,3142,98.431,99,99,NZ_LR134475.1,Proteobacteria,Gammaproteobacteria,Enterobacterales,Enterobacteriaceae,Klebsiella,Klebsiella aerogenes
agacttacat_tgacggttag,gi|1909121368|ref|NZ_CP061512.1|,536,1657,131224,132344,0,2032,99.377,38,33,NZ_CP061512.1,Proteobacteria,Gammaproteobacteria,Enterobacterales,Erwiniaceae,Mixta,Mixta calida
agaggcagga_tagagtaaac,gi|378976159|ref|NC_016845.1|,2,1132,2572877,2571747,0,2067,99.646,98,98,NC_016845.1,Proteobacteria,Gammaproteobacteria,Enterobacterales,Enterobacteriaceae,Klebsiella,Klebsiella pneumoniae
agagtggtat_tggcgccgtc,gi|1816019282|ref|NZ_VKHP01000014.1|,1561,1735,23216,23042,5.70E-16,97.1,77.095,10,10,NZ_VKHP01000014.1,Proteobacteria,Alphaproteobacteria,Rhizobiales,Bradyrhizobiaceae,Bradyrhizobium,Bradyrhizobium uaiense
agccactgca_agagggaaac,gi|378976159|ref|NC_016845.1|,2,1336,1438910,1440244,0,2405,99.176,98,98,NC_016845.1,Proteobacteria,Gammaproteobacteria,Enterobacterales,Enterobacteriaceae,Klebsiella,Klebsiella pneumoniae
agccccgaaa_atacaaacat,gi|1473436130|ref|NZ_QRUP01000003.1|,2,1388,75937,74549,0,2281,96.328,98,98,NZ_QRUP01000003.1,Firmicutes,Erysipelotrichia,Erysipelotrichales,Erysipelotrichaceae,Holdemania,Holdemania filiformis
agccgcttga_gagtcgtctc,gi|1372070465|ref|NZ_CP023478.1|,2,2135,2640726,2642862,0,3827,99.017,99,99,NZ_CP023478.1,Proteobacteria,Gammaproteobacteria,Enterobacterales,Enterobacteriaceae,Klebsiella,Klebsiella quasipneumoniae
agcgcatgct_ccggagatcg,gi|1589932452|ref|NZ_SJSF01000003.1|,2,1477,40773,42249,0,2627,98.781,97,97,NZ_SJSF01000003.1,Proteobacteria,Gammaproteobacteria,Enterobacterales,Enterobacteriaceae,Citrobacter,Citrobacter braakii
agcgctggct_aactggaaac,gi|1816023474|ref|NZ_CP044484.1|,9,964,23997,24952,0,1766,100,95,95,NZ_CP044484.1,Proteobacteria,Gammaproteobacteria,Pseudomonadales,Moraxellaceae,Acinetobacter,Acinetobacter schindleri
agctcagtac_ggcgtatgga,gi|1310880961|ref|NZ_NNSR01000028.1|,2,1245,15753,14508,0,1851,93.499,98,98,NZ_NNSR01000028.1,Firmicutes,Clostridia,Eubacteriales,Oscillospiraceae,Ruminococcus,Ruminococcus bromii
agctcccgga_cactgaaaga,gi|1909121368|ref|NZ_CP061512.1|,482,1604,132344,131224,0,2039,99.466,59,52,NZ_CP061512.1,Proteobacteria,Gammaproteobacteria,Enterobacterales,Erwiniaceae,Mixta,Mixta calida
agctgtacat_taaagacaga,gi|1816023474|ref|NZ_CP044484.1|,1,1762,23998,25761,0,3245,99.887,83,83,NZ_CP044484.1,Proteobacteria,Gammaproteobacteria,Pseudomonadales,Moraxellaceae,Acinetobacter,Acinetobacter schindleri
aggaagatta_acgaatagga,gi|1222569331|ref|NZ_FODE01000103.1|,82,1511,210,1644,0,2545,98.747,46,46,NZ_FODE01000103.1,Proteobacteria,Alphaproteobacteria,Rhodobacterales,Rhodobacteraceae,Paracoccus,Paracoccus alcaliphilus
aggactgtct_tttctagtcc,gi|1888929283|ref|NZ_CP040530.1|,2,1660,4305809,4304147,0,3001,99.278,98,98,NZ_CP040530.1,Bacteroidetes,Bacteroidia,Bacteroidales,Bacteroidaceae,Bacteroides,Bacteroides thetaiotaomicron
aggctgtgga_tagcgcgtag,gi|1372070465|ref|NZ_CP023478.1|,2,2129,2640726,2642862,0,3788,98.737,98,98,NZ_CP023478.1,Proteobacteria,Gammaproteobacteria,Enterobacterales,Enterobacteriaceae,Klebsiella,Klebsiella quasipneumoniae
aggggcactc_aatggcccct,gi|1589932328|ref|NZ_SJSF01000001.1|,1,1435,335129,336563,0,2562,98.885,98,98,NZ_SJSF01000001.1,Proteobacteria,Gammaproteobacteria,Enterobacterales,Enterobacteriaceae,Citrobacter,Citrobacter braakii
aggttttctg_ggcaccactt,gi|484070521|ref|NZ_ANID01000004.1|,172,1279,377833,378942,0,1888,97.387,85,85,NZ_ANID01000004.1,Proteobacteria,Gammaproteobacteria,Enterobacterales,Enterobacteriaceae,Enterobacter,Enterobacter hormaechei
agtaaggatg_tggacgcagg,gi|1816023474|ref|NZ_CP044484.1|,8,963,23997,24951,0,1759,99.895,96,96,NZ_CP044484.1,Proteobacteria,Gammaproteobacteria,Pseudomonadales,Moraxellaceae,Acinetobacter,Acinetobacter schindleri
agtaagtgtg_caggaacagt,gi|736147397|ref|NZ_KI632509.1|,1752,1835,4223091,4223008,4.72E-12,84.2,84.706,4,4,NZ_KI632509.1,Actinobacteria,Actinomycetia,Pseudonocardiales,Pseudonocardiaceae,Haloechinothrix,Haloechinothrix halophila
agtatagcat_ggaaacgctg,gi|378976159|ref|NC_016845.1|,2,1334,1438910,1440244,0,2392,99.026,98,98,NC_016845.1,Proteobacteria,Gammaproteobacteria,Enterobacterales,Enterobacteriaceae,Klebsiella,Klebsiella pneumoniae
agtccggtaa_tccgctccaa,gi|1040108638|ref|NZ_JQSG02000003.1|,11,58,417146,417099,3.95E-07,67.6,91.667,3,3,NZ_JQSG02000003.1,Proteobacteria,Gammaproteobacteria,Chromatiales,Ectothiorhodospiraceae,Acidihalobacter,Acidihalobacter prosperus
agtctgtcat_gcagctaaaa,gi|1372070465|ref|NZ_CP023478.1|,2,1540,1834269,1835808,0,2787,99.351,99,59,NZ_CP023478.1,Proteobacteria,Gammaproteobacteria,Enterobacterales,Enterobacteriaceae,Klebsiella,Klebsiella quasipneumoniae
agtgctacag_gagcgcataa,gi|1372070465|ref|NZ_CP023478.1|,9,2588,2400266,2402847,0,4590,98.761,99,99,NZ_CP023478.1,Proteobacteria,Gammaproteobacteria,Enterobacterales,Enterobacteriaceae,Klebsiella,Klebsiella quasipneumoniae
agttatctaa_taatgaagcc,gi|1909121368|ref|NZ_CP061512.1|,536,1657,131224,132344,0,2032,99.377,59,52,NZ_CP061512.1,Proteobacteria,Gammaproteobacteria,Enterobacterales,Erwiniaceae,Mixta,Mixta calida
agttccccta_attaataaca,gi|1372070465|ref|NZ_CP023478.1|,2,2136,2640726,2642862,0,3834,99.064,99,99,NZ_CP023478.1,Proteobacteria,Gammaproteobacteria,Enterobacterales,Enterobacteriaceae,Klebsiella,Klebsiella quasipneumoniae
agttcggata_tatgcgagca,gi|378976159|ref|NC_016845.1|,2,1130,2572877,2571747,0,2054,99.469,98,98,NC_016845.1,Proteobacteria,Gammaproteobacteria,Enterobacterales,Enterobacteriaceae,Klebsiella,Klebsiella pneumoniae
agttgattac_aaaaagtcaa,gi|378976159|ref|NC_016845.1|,1330,3451,1530853,1528726,0,3819,99.108,99,61,NC_016845.1,Proteobacteria,Gammaproteobacteria,Enterobacterales,Enterobacteriaceae,Klebsiella,Klebsiella pneumoniae
atacatctca_atagacgtgg,gi|655005295|ref|NZ_ATZJ01000005.1|,1382,1409,31662,31635,0.012,52.8,100,2,2,NZ_ATZJ01000005.1,Proteobacteria,Betaproteobacteria,Neisseriales,Chromobacteriaceae,Chitinilyticum,Chitinilyticum litopenaei
atacgcatgc_aactcaaggc,gi|1816023474|ref|NZ_CP044484.1|,4,958,23997,24951,0,1764,100,96,96,NZ_CP044484.1,Proteobacteria,Gammaproteobacteria,Pseudomonadales,Moraxellaceae,Acinetobacter,Acinetobacter schindleri
atagatcccc_tgcacatgac,gi|1545162491|ref|NZ_LR134475.1|,8,1791,3832131,3833915,0,3134,98.375,98,98,NZ_LR134475.1,Proteobacteria,Gammaproteobacteria,Enterobacterales,Enterobacteriaceae,Klebsiella,Klebsiella aerogenes
atagtatata_gtaacaacac,gi|1071970318|ref|NZ_LAJE02000152.1|,33,1226,13867,12677,0,828,79.402,66,66,NZ_LAJE02000152.1,Proteobacteria,Alphaproteobacteria,Rhizobiales,Hyphomicrobiaceae,Devosia,Devosia insulae
atatgattta_gtatcttttt,gi|1056941294|ref|NZ_CP016033.1|,214,1216,2809451,2810456,4.88E-130,475,75.492,73,73,NZ_CP016033.1,Proteobacteria,Alphaproteobacteria,Sphingomonadales,Erythrobacteraceae,Erythrobacter,Erythrobacter neustonensis
atattttcta_gtaactagcg,gi|1376368641|ref|NZ_PHHF01000043.1|,2046,2473,15680,15253,9.38E-100,375,82.517,17,17,NZ_PHHF01000043.1,Proteobacteria,Alphaproteobacteria,Sphingomonadales,Sphingomonadaceae,Sphingomonas,Sphingomonas fennica
atcaatagtg_gagtgacagg,gi|1816023474|ref|NZ_CP044484.1|,6,961,23997,24951,0,1759,99.895,96,96,NZ_CP044484.1,Proteobacteria,Gammaproteobacteria,Pseudomonadales,Moraxellaceae,Acinetobacter,Acinetobacter schindleri
atcacaacgg_cgaagggcca,gi|1724030143|ref|NZ_BKAG01000025.1|,1341,2146,37418,36612,8.86E-120,442,76.81,33,33,NZ_BKAG01000025.1,Verrucomicrobia,Verrucomicrobiae,Verrucomicrobiales,Verrucomicrobiaceae,Brevifollis,Brevifollis gellanilyticus
atcatgagtt_acagctgcgt,gi|1124426689|ref|NZ_FNOD01000003.1|,1,1728,244357,242633,0,3160,99.711,99,99,NZ_FNOD01000003.1,Bacteroidetes,Bacteroidia,Bacteroidales,Bacteroidaceae,Bacteroides,Bacteroides stercoris
atcgcaacgt_tcattcccag,gi|545465923|ref|NZ_BATI01000037.1|,928,1359,2292,2723,4.34E-37,167,74.208,24,24,NZ_BATI01000037.1,Proteobacteria,Gammaproteobacteria,Pseudomonadales,Pseudomonadaceae,Pseudomonas,Pseudomonas alcaligenes
atctacctgt_ctgaacggaa,gi|1909121368|ref|NZ_CP061512.1|,482,1603,132344,131224,0,2032,99.377,59,52,NZ_CP061512.1,Proteobacteria,Gammaproteobacteria,Enterobacterales,Erwiniaceae,Mixta,Mixta calida
atctacttcc_aacggctgtt,gi|344915202|ref|NC_004337.2|,949,2420,4065298,4063826,0,2569,98.168,46,46,NC_004337.2,Proteobacteria,Gammaproteobacteria,Enterobacterales,Enterobacteriaceae,Shigella,Shigella flexneri
atctgacact_cctgcaccat,gi|1372070465|ref|NZ_CP023478.1|,2,2134,2640726,2642862,0,3832,99.064,99,99,NZ_CP023478.1,Proteobacteria,Gammaproteobacteria,Enterobacterales,Enterobacteriaceae,Klebsiella,Klebsiella quasipneumoniae
atctgcacgc_caggaacgat,gi|1816023474|ref|NZ_CP044484.1|,4,958,23997,24951,0,1764,100,97,97,NZ_CP044484.1,Proteobacteria,Gammaproteobacteria,Pseudomonadales,Moraxellaceae,Acinetobacter,Acinetobacter schindleri
atcttattct_ccggattaaa,gi|1372070465|ref|NZ_CP023478.1|,241,932,3718684,3717993,0,1279,100,64,64,NZ_CP023478.1,Proteobacteria,Gammaproteobacteria,Enterobacterales,Enterobacteriaceae,Klebsiella,Klebsiella quasipneumoniae
atgagctttg_ataaacaaga,gi|1128958399|ref|NZ_LT670820.1|,2,2913,2448132,2451016,0,4831,96.775,66,66,NZ_LT670820.1,Bacteroidetes,Bacteroidia,Bacteroidales,Bacteroidaceae,Bacteroides,Bacteroides togonis
atgattacgt_gcacgtatcc,gi|1934323532|ref|NZ_JADNOP010000014.1|,4,1350,104782,103436,0,1175,82.47,98,98,NZ_JADNOP010000014.1,Firmicutes,Clostridia,Eubacteriales,Lachnospiraceae,Fusicatenibacter,Fusicatenibacter saccharivorans
atgcatgatt_aacagtcaac,gi|1589932452|ref|NZ_SJSF01000003.1|,2,1478,40773,42251,0,2625,98.715,56,56,NZ_SJSF01000003.1,Proteobacteria,Gammaproteobacteria,Enterobacterales,Enterobacteriaceae,Citrobacter,Citrobacter braakii
atgccaccct_ctacaccgcc,gi|378976159|ref|NC_016845.1|,2,1336,1440244,1438910,0,2405,99.176,97,97,NC_016845.1,Proteobacteria,Gammaproteobacteria,Enterobacterales,Enterobacteriaceae,Klebsiella,Klebsiella pneumoniae
atgcgtgtta_aaataagctc,gi|1816023474|ref|NZ_CP044484.1|,7,961,23997,24951,0,1764,100,96,96,NZ_CP044484.1,Proteobacteria,Gammaproteobacteria,Pseudomonadales,Moraxellaceae,Acinetobacter,Acinetobacter schindleri
atggttggct_tccggctaca,gi|1372070465|ref|NZ_CP023478.1|,2,2136,2640726,2642862,0,3834,99.064,99,61,NZ_CP023478.1,Proteobacteria,Gammaproteobacteria,Enterobacterales,Enterobacteriaceae,Klebsiella,Klebsiella quasipneumoniae
atgtccataa_ttgcgattga,gi|1589932452|ref|NZ_SJSF01000003.1|,2,1477,40773,42249,0,2627,98.781,97,97,NZ_SJSF01000003.1,Proteobacteria,Gammaproteobacteria,Enterobacterales,Enterobacteriaceae,Citrobacter,Citrobacter braakii
attagatttg_aaatatacaa,gi|1310880972|ref|NZ_NNSR01000039.1|,627,793,1314,1149,4.76E-41,180,86.391,11,11,NZ_NNSR01000039.1,Firmicutes,Clostridia,Eubacteriales,Oscillospiraceae,Ruminococcus,Ruminococcus bromii
attagcgaag_catgagcgcg,gi|1634078715|ref|NZ_CP039690.1|,290,319,690616,690587,0.000664,56.5,100,2,2,NZ_CP039690.1,Proteobacteria,Alphaproteobacteria,NA,NA,Phreatobacter,Phreatobacter stygius
attagtagca_aataatcccc,gi|1337415698|ref|NZ_PPEL01000042.1|,353,380,10470,10443,0.009,52.8,100,2,2,NZ_PPEL01000042.1,Actinobacteria,Coriobacteriia,Eggerthellales,Eggerthellaceae,Rubneribacter,Rubneribacter badeniensis
attagttacc_tcatttgact,gi|950211490|ref|NZ_CYYO01000006.1|,2,1856,217001,215147,0,3426,100,99,99,NZ_CYYO01000006.1,Bacteroidetes,Bacteroidia,Bacteroidales,Bacteroidaceae,Bacteroides,Bacteroides uniformis
attatcttcc_aatttagcca,gi|484070516|ref|NZ_ANID01000003.1|,1,1728,280912,279185,0,2687,94.737,98,98,NZ_ANID01000003.1,Proteobacteria,Gammaproteobacteria,Enterobacterales,Enterobacteriaceae,Enterobacter,Enterobacter hormaechei
attatgttcc_taccactaca,gi|1372070465|ref|NZ_CP023478.1|,241,931,3718684,3717993,0,1266,99.711,64,64,NZ_CP023478.1,Proteobacteria,Gammaproteobacteria,Enterobacterales,Enterobacteriaceae,Klebsiella,Klebsiella quasipneumoniae
attattgctt_ttgagcatgc,gi|950211490|ref|NZ_CYYO01000006.1|,1,1363,216639,215277,0,2468,99.34,98,98,NZ_CYYO01000006.1,Bacteroidetes,Bacteroidia,Bacteroidales,Bacteroidaceae,Bacteroides,Bacteroides uniformis
attccccagt_caagtgaaag,gi|950211490|ref|NZ_CYYO01000006.1|,2,1855,215147,217001,0,3419,99.946,99,99,NZ_CYYO01000006.1,Bacteroidetes,Bacteroidia,Bacteroidales,Bacteroidaceae,Bacteroides,Bacteroides uniformis
attccgcctt_cactgtagat,gi|1891544117|ref|NZ_JACHFW010000011.1|,2,2579,45045,42467,0,4756,99.961,99,99,NZ_JACHFW010000011.1,Firmicutes,Clostridia,Eubacteriales,Lachnospiraceae,Catenibacillus,Catenibacillus scindens
attctaacat_aatcaaactt,gi|928804415|ref|NZ_LN877293.1|,2,1513,2977751,2979265,0,2767,99.67,98,98,NZ_LN877293.1,Bacteroidetes,Bacteroidia,Bacteroidales,Bacteroidaceae,Bacteroides,Bacteroides fragilis
attctcgcat_aagacgctaa,gi|1215555992|ref|NZ_CP022359.1|,94,2768,162254,159579,0,4918,99.851,69,69,NZ_CP022359.1,Proteobacteria,Gammaproteobacteria,Alteromonadales,Shewanellaceae,Shewanella,Shewanella bicestrii
attgagggtc_atgcactctc,gi|1545162491|ref|NZ_LR134475.1|,2,1785,3832131,3833915,0,3134,98.375,99,99,NZ_LR134475.1,Proteobacteria,Gammaproteobacteria,Enterobacterales,Enterobacteriaceae,Klebsiella,Klebsiella aerogenes
attgtttata_aggcaatagt,gi|1372070465|ref|NZ_CP023478.1|,9,2586,2400266,2402847,0,4577,98.683,99,99,NZ_CP023478.1,Proteobacteria,Gammaproteobacteria,Enterobacterales,Enterobacteriaceae,Klebsiella,Klebsiella quasipneumoniae
atttgaaggg_acaagtcacc,gi|1816023474|ref|NZ_CP044484.1|,1,954,23998,24951,0,1762,100,97,97,NZ_CP044484.1,Proteobacteria,Gammaproteobacteria,Pseudomonadales,Moraxellaceae,Acinetobacter,Acinetobacter schindleri
atttggggcg_caggctaaag,gi|1528518285|ref|NZ_RQTJ01000072.1|,2,1296,217,1511,0,2104,95.991,63,63,NZ_RQTJ01000072.1,Bacteroidetes,Flavobacteriia,Flavobacteriales,Flavobacteriaceae,Flavobacterium,Flavobacterium viscosus
attttcacag_ctagatgatc,gi|1372070465|ref|NZ_CP023478.1|,241,932,3718684,3717993,0,1279,100,64,64,NZ_CP023478.1,Proteobacteria,Gammaproteobacteria,Enterobacterales,Enterobacteriaceae,Klebsiella,Klebsiella quasipneumoniae
atttttagct_cgagacaacc,gi|1565700665|ref|NZ_SDHX01000002.1|,1471,1974,969564,970068,1.04E-48,206,74.856,25,25,NZ_SDHX01000002.1,Verrucomicrobia,Opitutae,Opitutales,Opitutaceae,Oleiharenicola,Oleiharenicola lentus
attttttcct_gaacaaacga,gi|378976159|ref|NC_016845.1|,2,1333,1438910,1440244,0,2379,98.876,98,98,NC_016845.1,Proteobacteria,Gammaproteobacteria,Enterobacterales,Enterobacteriaceae,Klebsiella,Klebsiella pneumoniae
caacatttca_ccaggcgata,gi|1718484720|ref|NZ_VLLE01000004.1|,132,1342,338276,339486,5.65E-135,492,74.117,76,76,NZ_VLLE01000004.1,Bacteroidetes,Chitinophagia,Chitinophagales,Chitinophagaceae,Lacibacter,Lacibacter cauensis
caactagcaa_taaattcaca,gi|1888225700|ref|NZ_CP043575.1|,534,1412,568971,569849,0,1624,100,95,60,NZ_CP043575.1,Proteobacteria,Betaproteobacteria,Burkholderiales,Comamonadaceae,Comamonas,Comamonas koreensis
caactcaaaa_acaccagtta,gi|378976159|ref|NC_016845.1|,2,1334,1438910,1440244,0,2392,99.026,99,99,NC_016845.1,Proteobacteria,Gammaproteobacteria,Enterobacterales,Enterobacteriaceae,Klebsiella,Klebsiella pneumoniae
caacttattg_ggggtctcga,gi|1392614517|ref|NZ_LT556085.1|,2,1875,634393,632520,0,3389,99.306,91,51,NZ_LT556085.1,Proteobacteria,Gammaproteobacteria,Enterobacterales,Enterobacteriaceae,Citrobacter,Citrobacter amalonaticus
caataatacc_ccttttccta,gi|1231405997|ref|NZ_NQBD01000094.1|,2,2003,101776,103778,0,3415,97.454,99,99,NZ_NQBD01000094.1,Proteobacteria,Gammaproteobacteria,Enterobacterales,Enterobacteriaceae,Shigella,Shigella sonnei
caatggtcca_atgtccaaaa,gi|1538760543|ref|NZ_AP019004.1|,2,1360,1558694,1557335,0,2460,99.338,98,98,NZ_AP019004.1,Firmicutes,Negativicutes,Acidaminococcales,Acidaminococcaceae,Phascolarctobacterium,Phascolarctobacterium faecium
caattgtatc_cagcattctt,gi|1222455127|ref|NZ_FOWX01000012.1|,188,220,113455,113486,0.003,54.7,96.97,2,2,NZ_FOWX01000012.1,Proteobacteria,Gammaproteobacteria,Pseudomonadales,Pseudomonadaceae,Pseudomonas,Pseudomonas borbori
caattttcat_gcactaaaac,gi|1372070465|ref|NZ_CP023478.1|,2,2136,2640726,2642862,0,3834,99.064,99,99,NZ_CP023478.1,Proteobacteria,Gammaproteobacteria,Enterobacterales,Enterobacteriaceae,Klebsiella,Klebsiella quasipneumoniae
cacaaagtcc_tagtggataa,gi|378976159|ref|NC_016845.1|,2,1132,2572877,2571747,0,2067,99.646,98,98,NC_016845.1,Proteobacteria,Gammaproteobacteria,Enterobacterales,Enterobacteriaceae,Klebsiella,Klebsiella pneumoniae
cacatcagct_atcggtacgt,gi|1392614517|ref|NZ_LT556085.1|,2,1394,427941,429340,0,2512,99.143,98,98,NZ_LT556085.1,Proteobacteria,Gammaproteobacteria,Enterobacterales,Enterobacteriaceae,Citrobacter,Citrobacter amalonaticus
cacgctttcg_cagtatgggc,gi|484070516|ref|NZ_ANID01000003.1|,1,1756,280912,279155,0,2963,97.104,99,99,NZ_ANID01000003.1,Proteobacteria,Gammaproteobacteria,Enterobacterales,Enterobacteriaceae,Enterobacter,Enterobacter hormaechei
cactccctgg_ctaccaccaa,gi|1372070465|ref|NZ_CP023478.1|,254,945,3718684,3717993,0,1279,100,63,63,NZ_CP023478.1,Proteobacteria,Gammaproteobacteria,Enterobacterales,Enterobacteriaceae,Klebsiella,Klebsiella quasipneumoniae
cactgtcctt_catcctttta,gi|378976159|ref|NC_016845.1|,2,1132,2572877,2571747,0,2067,99.646,98,98,NC_016845.1,Proteobacteria,Gammaproteobacteria,Enterobacterales,Enterobacteriaceae,Klebsiella,Klebsiella pneumoniae
cagcaatccg_ttgaaggacc,gi|1589932452|ref|NZ_SJSF01000003.1|,2,1476,40773,42249,0,2621,98.714,97,97,NZ_SJSF01000003.1,Proteobacteria,Gammaproteobacteria,Enterobacterales,Enterobacteriaceae,Citrobacter,Citrobacter braakii
caggtcgttt_taaacgtttt,gi|1816023474|ref|NZ_CP044484.1|,6,960,23997,24951,0,1764,100,96,96,NZ_CP044484.1,Proteobacteria,Gammaproteobacteria,Pseudomonadales,Moraxellaceae,Acinetobacter,Acinetobacter schindleri
cagttaccac_acacctttgg,gi|1918262153|ref|NZ_CP040449.1|,15,998,3266979,3265998,0,1788,99.492,79,79,NZ_CP040449.1,Proteobacteria,Gammaproteobacteria,Aeromonadales,Aeromonadaceae,Aeromonas,Aeromonas simiae
cagttttgta_cacagggcag,gi|1372070465|ref|NZ_CP023478.1|,1,2142,2640719,2642862,0,3847,99.067,99,99,NZ_CP023478.1,Proteobacteria,Gammaproteobacteria,Enterobacterales,Enterobacteriaceae,Klebsiella,Klebsiella quasipneumoniae
cataaagaga_gtagatggaa,gi|110645304|ref|NC_002516.2|,2,3297,4593892,4597192,0,6063,99.849,99,99,NC_002516.2,Proteobacteria,Gammaproteobacteria,Pseudomonadales,Pseudomonadaceae,Pseudomonas,Pseudomonas aeruginosa
catagtatat_taacctcacc,gi|1896245976|ref|NZ_JACOGH010000004.1|,2,1739,36412,38149,0,3160,99.482,99,99,NZ_JACOGH010000004.1,Firmicutes,Clostridia,Eubacteriales,Lachnospiraceae,Blautia,Blautia massiliensis
catcaactcg_agaaaataat,gi|484070516|ref|NZ_ANID01000003.1|,1,1727,280912,279185,0,2691,94.792,99,99,NZ_ANID01000003.1,Proteobacteria,Gammaproteobacteria,Enterobacterales,Enterobacteriaceae,Enterobacter,Enterobacter hormaechei
catctgtaat_gaccaataca,gi|1927758810|ref|NZ_JADDOJ010000058.1|,2110,2157,18560,18513,2.78E-10,78.7,95.833,2,2,NZ_JADDOJ010000058.1,Proteobacteria,Betaproteobacteria,Burkholderiales,Comamonadaceae,Ramlibacter,Ramlibacter aquaticus
catggatgcc_taccagtgat,gi|1372070465|ref|NZ_CP023478.1|,2,2137,2640726,2642864,0,3842,99.112,96,60,NZ_CP023478.1,Proteobacteria,Gammaproteobacteria,Enterobacterales,Enterobacteriaceae,Klebsiella,Klebsiella quasipneumoniae
catggtaatc_aaactcagta,gi|1816023474|ref|NZ_CP044484.1|,1,1761,23998,25761,0,3238,99.83,83,83,NZ_CP044484.1,Proteobacteria,Gammaproteobacteria,Pseudomonadales,Moraxellaceae,Acinetobacter,Acinetobacter schindleri
catggttttt_tgaactaacg,gi|1545162491|ref|NZ_LR134475.1|,2,1784,3832131,3833915,0,3129,98.319,99,99,NZ_LR134475.1,Proteobacteria,Gammaproteobacteria,Enterobacterales,Enterobacteriaceae,Klebsiella,Klebsiella aerogenes
catgtcatag_ggacactaaa,gi|1439321257|ref|NZ_DF970146.1|,1131,1331,11861,12061,9.71E-59,239,88.119,11,11,NZ_DF970146.1,Proteobacteria,Gammaproteobacteria,Xanthomonadales,Rhodanobacteraceae,Mizugakiibacter,Mizugakiibacter sediminis
cattgacggg_gcggctctca,gi|378976159|ref|NC_016845.1|,2,1137,2572877,2571742,0,2071,99.56,97,97,NC_016845.1,Proteobacteria,Gammaproteobacteria,Enterobacterales,Enterobacteriaceae,Klebsiella,Klebsiella pneumoniae
cattgttagc_caaccatccg,gi|378976159|ref|NC_016845.1|,2,3497,650412,653908,0,6373,99.571,99,99,NC_016845.1,Proteobacteria,Gammaproteobacteria,Enterobacterales,Enterobacteriaceae,Klebsiella,Klebsiella pneumoniae
ccaacactag_aaacgtctga,gi|1528518285|ref|NZ_RQTJ01000072.1|,2,1296,217,1511,0,2104,95.991,94,94,NZ_RQTJ01000072.1,Bacteroidetes,Flavobacteriia,Flavobacteriales,Flavobacteriaceae,Flavobacterium,Flavobacterium viscosus
ccaagttacc_ccacgcagat,gi|1909121368|ref|NZ_CP061512.1|,536,1657,131224,132344,0,2032,99.377,58,52,NZ_CP061512.1,Proteobacteria,Gammaproteobacteria,Enterobacterales,Erwiniaceae,Mixta,Mixta calida
ccaattttcg_ttaatgcgga,gi|1545162491|ref|NZ_LR134475.1|,2,1785,3832131,3833915,0,3134,98.375,99,99,NZ_LR134475.1,Proteobacteria,Gammaproteobacteria,Enterobacterales,Enterobacteriaceae,Klebsiella,Klebsiella aerogenes
ccacgggccc_aacgggtgtt,gi|378976159|ref|NC_016845.1|,2,1333,1440244,1438910,0,2385,98.951,98,98,NC_016845.1,Proteobacteria,Gammaproteobacteria,Enterobacterales,Enterobacteriaceae,Klebsiella,Klebsiella pneumoniae
ccagggtact_tgtaaacgct,gi|1372070465|ref|NZ_CP023478.1|,241,932,3718684,3717993,0,1273,99.855,64,64,NZ_CP023478.1,Proteobacteria,Gammaproteobacteria,Enterobacterales,Enterobacteriaceae,Klebsiella,Klebsiella quasipneumoniae
ccagtattgc_gagaatagaa,gi|1124426701|ref|NZ_FNOD01000006.1|,1,1352,44778,46129,0,2436,99.187,98,98,NZ_FNOD01000006.1,Bacteroidetes,Bacteroidia,Bacteroidales,Bacteroidaceae,Bacteroides,Bacteroides stercoris
ccagttccgt_ttccttttca,gi|1909121368|ref|NZ_CP061512.1|,482,1603,132344,131224,0,2032,99.377,59,52,NZ_CP061512.1,Proteobacteria,Gammaproteobacteria,Enterobacterales,Erwiniaceae,Mixta,Mixta calida
ccagttctct_atcgacatat,gi|1372070465|ref|NZ_CP023478.1|,2,2134,2640726,2642862,0,3821,98.971,98,98,NZ_CP023478.1,Proteobacteria,Gammaproteobacteria,Enterobacterales,Enterobacteriaceae,Klebsiella,Klebsiella quasipneumoniae
ccatcacggt_caactgtcac,gi|1893751414|ref|NZ_JABBJF010000052.1|,1,1319,7818,9137,0,2425,99.848,41,41,NZ_JABBJF010000052.1,Proteobacteria,Gammaproteobacteria,Enterobacterales,Enterobacteriaceae,Kluyvera,Kluyvera sichuanensis
ccatgtggta_caacgcagac,gi|1372070465|ref|NZ_CP023478.1|,241,932,3718684,3717993,0,1279,100,64,64,NZ_CP023478.1,Proteobacteria,Gammaproteobacteria,Enterobacterales,Enterobacteriaceae,Klebsiella,Klebsiella quasipneumoniae
ccatttgttg_gagcatacca,gi|378976159|ref|NC_016845.1|,2,1132,2572877,2571747,0,2067,99.646,98,98,NC_016845.1,Proteobacteria,Gammaproteobacteria,Enterobacterales,Enterobacteriaceae,Klebsiella,Klebsiella pneumoniae
cccaagcgtt_aatgaccgga,gi|950211490|ref|NZ_CYYO01000006.1|,2,1498,215147,216644,0,2737,99.666,99,99,NZ_CYYO01000006.1,Bacteroidetes,Bacteroidia,Bacteroidales,Bacteroidaceae,Bacteroides,Bacteroides uniformis
cccaagtaaa_aattggtacc,gi|378976159|ref|NC_016845.1|,2,2436,2846411,2848845,0,4442,99.589,99,99,NC_016845.1,Proteobacteria,Gammaproteobacteria,Enterobacterales,Enterobacteriaceae,Klebsiella,Klebsiella pneumoniae
cccatggtac_cagtgaggtg,gi|378976159|ref|NC_016845.1|,2,1332,1440244,1438910,0,2379,98.876,98,98,NC_016845.1,Proteobacteria,Gammaproteobacteria,Enterobacterales,Enterobacteriaceae,Klebsiella,Klebsiella pneumoniae
cccatgtccc_cacgatgaga,gi|1850457287|ref|NZ_JABMKY010000001.1|,129,220,517856,517765,1.68E-13,87.9,83.696,10,10,NZ_JABMKY010000001.1,Firmicutes,Bacilli,Bacillales,Paenibacillaceae,Paenibacillus,Paenibacillus qinlingensis
cccctcttgt_agagcgacga,gi|1226637191|ref|NZ_NMQT01000035.1|,633,758,30005,29880,1.24E-13,89.8,79.845,6,6,NZ_NMQT01000035.1,Actinobacteria,Actinomycetia,Pseudonocardiales,Pseudonocardiaceae,Amycolatopsis,Amycolatopsis thailandensis
cccgcgcgga_atatattcac,gi|1589932452|ref|NZ_SJSF01000003.1|,2,1477,40773,42249,0,2627,98.781,97,97,NZ_SJSF01000003.1,Proteobacteria,Gammaproteobacteria,Enterobacterales,Enterobacteriaceae,Citrobacter,Citrobacter braakii
cccgtcattc_catcggcaag,gi|1905466273|ref|NZ_CP053698.1|,2,1175,248821,247648,0,1969,96.934,99,83,NZ_CP053698.1,Bacteroidetes,Flavobacteriia,Flavobacteriales,Weeksellaceae,Empedobacter,Empedobacter stercoris
ccgattcttc_tccaccggga,gi|1892248598|ref|NZ_JACHMK010000001.1|,2,2230,848417,850647,0,4108,99.91,99,99,NZ_JACHMK010000001.1,Actinobacteria,Actinomycetia,Actinomycetales,Actinomycetaceae,Schaalia,Schaalia hyovaginalis
ccgcattcca_gtaccgggac,gi|1372070465|ref|NZ_CP023478.1|,241,932,3718684,3717993,0,1279,100,64,64,NZ_CP023478.1,Proteobacteria,Gammaproteobacteria,Enterobacterales,Enterobacteriaceae,Klebsiella,Klebsiella quasipneumoniae
ccgccatctt_aacgtatccg,gi|1098654588|ref|NZ_MBTW01000020.1|,1,2039,488806,490847,0,3685,99.265,99,99,NZ_MBTW01000020.1,Proteobacteria,Gammaproteobacteria,Enterobacterales,Enterobacteriaceae,Citrobacter,Citrobacter koseri
ccgcttggtc_gatggctaga,gi|1372070465|ref|NZ_CP023478.1|,2,2136,2640726,2642862,0,3834,99.064,99,99,NZ_CP023478.1,Proteobacteria,Gammaproteobacteria,Enterobacterales,Enterobacteriaceae,Klebsiella,Klebsiella quasipneumoniae
ccggcatcat_aaatataata,gi|1545162491|ref|NZ_LR134475.1|,2,1786,3832131,3833915,0,3142,98.431,99,99,NZ_LR134475.1,Proteobacteria,Gammaproteobacteria,Enterobacterales,Enterobacteriaceae,Klebsiella,Klebsiella aerogenes
ccggcccatg_caaggaagat,gi|1372070465|ref|NZ_CP023478.1|,241,932,3718684,3717993,0,1279,100,64,64,NZ_CP023478.1,Proteobacteria,Gammaproteobacteria,Enterobacterales,Enterobacteriaceae,Klebsiella,Klebsiella quasipneumoniae
cctaccttta_atccacgaac,gi|1713149167|ref|NZ_VKKG01000003.1|,496,892,146357,145961,1.08E-22,119,72.993,25,25,NZ_VKKG01000003.1,Actinobacteria,Actinomycetia,Propionibacteriales,Propionibacteriaceae,Tessaracoccus,Tessaracoccus rhinocerotis
cctagattta_tatcccaaaa,gi|1057564785|ref|NZ_LT556036.1|,266,2240,406752,404777,0,3642,99.949,87,87,NZ_LT556036.1,Bacteroidetes,Bacteroidia,Bacteroidales,Prevotellaceae,Prevotella,Prevotella lascolaii
cctagtttat_gtaacgtacc,gi|1718710900|ref|NZ_CP036348.1|,59,553,2650242,2649746,1.68E-29,141,72.387,43,43,NZ_CP036348.1,Planctomycetes,Planctomycetia,Pirellulales,Pirellulaceae,Rosistilla,Rosistilla carotiformis
cctattaggt_tgcacccaac,gi|1011446330|ref|NZ_BBXC01000016.1|,34,61,122501,122528,0.01,52.8,100,2,2,NZ_BBXC01000016.1,Actinobacteria,Actinomycetia,Streptosporangiales,Streptosporangiaceae,Herbidospora,Herbidospora sakaeratensis
cctctagttt_atcaaaacta,gi|950211488|ref|NZ_CYYO01000004.1|,3,1204,336206,335002,0,2145,98.838,98,98,NZ_CYYO01000004.1,Bacteroidetes,Bacteroidia,Bacteroidales,Bacteroidaceae,Bacteroides,Bacteroides uniformis
cctgatacag_aagaaaaatc,gi|1392614517|ref|NZ_LT556085.1|,2,1400,427941,429340,0,2551,99.571,99,99,NZ_LT556085.1,Proteobacteria,Gammaproteobacteria,Enterobacterales,Enterobacteriaceae,Citrobacter,Citrobacter amalonaticus
cctgatgatt_tgctaactcg,gi|1890994982|ref|NZ_JACHWB010000002.1|,1043,1267,653001,653225,1.68E-15,95.3,74.449,16,16,NZ_JACHWB010000002.1,Proteobacteria,Alphaproteobacteria,Rhizobiales,Methylobacteriaceae,Microvirga,Microvirga lupini
cctgtcctcc_ggggcgatag,gi|1909121368|ref|NZ_CP061512.1|,536,1657,131224,132344,0,2032,99.377,59,52,NZ_CP061512.1,Proteobacteria,Gammaproteobacteria,Enterobacterales,Erwiniaceae,Mixta,Mixta calida
cctgtcggcg_atacagtgga,gi|1816023474|ref|NZ_CP044484.1|,4,958,23997,24951,0,1764,100,96,96,NZ_CP044484.1,Proteobacteria,Gammaproteobacteria,Pseudomonadales,Moraxellaceae,Acinetobacter,Acinetobacter schindleri
ccttcaaagt_aatatggaca,gi|1392614517|ref|NZ_LT556085.1|,1,1810,422296,424110,0,3275,99.284,98,98,NZ_LT556085.1,Proteobacteria,Gammaproteobacteria,Enterobacterales,Enterobacteriaceae,Citrobacter,Citrobacter amalonaticus
ccttcatggt_ccttatacgg,gi|1109557564|ref|NC_003197.2|,2,2281,2240144,2237863,0,4069,98.861,57,56,NC_003197.2,Proteobacteria,Gammaproteobacteria,Enterobacterales,Enterobacteriaceae,Salmonella,Salmonella enterica
cctttcgtta_taagatacgt,gi|1816023474|ref|NZ_CP044484.1|,3,957,23997,24952,0,1759,99.895,96,96,NZ_CP044484.1,Proteobacteria,Gammaproteobacteria,Pseudomonadales,Moraxellaceae,Acinetobacter,Acinetobacter schindleri
cctttttgaa_catgaaccca,gi|378976159|ref|NC_016845.1|,2,1132,2572877,2571747,0,2067,99.646,98,98,NC_016845.1,Proteobacteria,Gammaproteobacteria,Enterobacterales,Enterobacteriaceae,Klebsiella,Klebsiella pneumoniae
cgaacgtgct_ttctatgaaa,gi|1918262153|ref|NZ_CP040449.1|,6,987,3266979,3265998,0,1797,99.695,83,83,NZ_CP040449.1,Proteobacteria,Gammaproteobacteria,Aeromonadales,Aeromonadaceae,Aeromonas,Aeromonas simiae
cgaccgcaaa_tagccgtttt,gi|1816023474|ref|NZ_CP044484.1|,1015,1969,23998,24952,0,1764,100,32,32,NZ_CP044484.1,Proteobacteria,Gammaproteobacteria,Pseudomonadales,Moraxellaceae,Acinetobacter,Acinetobacter schindleri
cgaccgtccg_gcagccagca,gi|1816023474|ref|NZ_CP044484.1|,3,956,23997,24951,0,1757,99.895,97,97,NZ_CP044484.1,Proteobacteria,Gammaproteobacteria,Pseudomonadales,Moraxellaceae,Acinetobacter,Acinetobacter schindleri
cgactactat_acccgtccat,gi|484070516|ref|NZ_ANID01000003.1|,1,1724,280912,279185,0,2673,94.618,99,99,NZ_ANID01000003.1,Proteobacteria,Gammaproteobacteria,Enterobacterales,Enterobacteriaceae,Enterobacter,Enterobacter hormaechei
cgagccagga_gtgtcgcagc,gi|1372070465|ref|NZ_CP023478.1|,1,1066,3718890,3717828,0,1943,99.625,98,98,NZ_CP023478.1,Proteobacteria,Gammaproteobacteria,Enterobacterales,Enterobacteriaceae,Klebsiella,Klebsiella quasipneumoniae
cgaggaccac_tactaaccgg,gi|378976159|ref|NC_016845.1|,2,1333,1438910,1440244,0,2385,98.951,98,98,NC_016845.1,Proteobacteria,Gammaproteobacteria,Enterobacterales,Enterobacteriaceae,Klebsiella,Klebsiella pneumoniae
cgaggctcca_cgtcgcaata,gi|150002608|ref|NC_009614.1|,45,1983,3735511,3733573,0,3470,98.969,96,96,NC_009614.1,Bacteroidetes,Bacteroidia,Bacteroidales,NA,Phocaeicola,Phocaeicola vulgatus
cgataatagt_acctaatgcc,gi|1098654226|ref|NZ_MBTW01000001.1|,7,1035,375307,374278,0,1879,99.612,96,96,NZ_MBTW01000001.1,Proteobacteria,Gammaproteobacteria,Enterobacterales,Enterobacteriaceae,Citrobacter,Citrobacter koseri
cgatgaacac_cccagatctt,gi|378976159|ref|NC_016845.1|,2,1131,2572877,2571747,0,2060,99.558,84,84,NC_016845.1,Proteobacteria,Gammaproteobacteria,Enterobacterales,Enterobacteriaceae,Klebsiella,Klebsiella pneumoniae
cgcaagtgat_ctgggacgat,gi|1589932452|ref|NZ_SJSF01000003.1|,2,1478,40773,42249,0,2634,98.849,97,97,NZ_SJSF01000003.1,Proteobacteria,Gammaproteobacteria,Enterobacterales,Enterobacteriaceae,Citrobacter,Citrobacter braakii
cgcacattcc_gcaagacaag,gi|1372070465|ref|NZ_CP023478.1|,2,2136,2640726,2642862,0,3834,99.064,99,99,NZ_CP023478.1,Proteobacteria,Gammaproteobacteria,Enterobacterales,Enterobacteriaceae,Klebsiella,Klebsiella quasipneumoniae
cgcatccagg_tcaactactc,gi|1718866776|ref|NZ_CP036278.1|,637,741,3238950,3239055,2.59E-32,150,92.453,10,10,NZ_CP036278.1,Planctomycetes,Planctomycetia,Pirellulales,Lacipirellulaceae,Aeoliella,Aeoliella mucimassa
cgccgctctt_gacggcttaa,gi|378976159|ref|NC_016845.1|,2,1335,1440244,1438910,0,2398,99.101,98,98,NC_016845.1,Proteobacteria,Gammaproteobacteria,Enterobacterales,Enterobacteriaceae,Klebsiella,Klebsiella pneumoniae
cgcggctcga_atgagacaaa,gi|1372070465|ref|NZ_CP023478.1|,241,932,3718684,3717993,0,1279,100,64,64,NZ_CP023478.1,Proteobacteria,Gammaproteobacteria,Enterobacterales,Enterobacteriaceae,Klebsiella,Klebsiella quasipneumoniae
cgcttccgga_acacctcgat,gi|739648424|ref|NZ_KK073876.1|,1,1061,872581,871519,0,843,81.157,83,83,NZ_KK073876.1,Proteobacteria,Alphaproteobacteria,Sphingomonadales,Sphingomonadaceae,Sphingomonas,Sphingomonas jaspsi
cggaatcctc_ctcactgtag,gi|484070516|ref|NZ_ANID01000003.1|,1,1725,280912,279185,0,2667,94.563,99,99,NZ_ANID01000003.1,Proteobacteria,Gammaproteobacteria,Enterobacterales,Enterobacteriaceae,Enterobacter,Enterobacter hormaechei
cggacgacga_gggagttcag,gi|760072324|ref|NZ_AONC01000040.1|,190,394,10460,10665,1.10E-32,152,80.288,13,13,NZ_AONC01000040.1,Proteobacteria,Gammaproteobacteria,Chromatiales,Chromatiaceae,Imhoffiella,Imhoffiella purpurea
cggatatact_gactgatcag,gi|1372070465|ref|NZ_CP023478.1|,2,1739,2640726,2642463,0,3099,98.851,98,84,NZ_CP023478.1,Proteobacteria,Gammaproteobacteria,Enterobacterales,Enterobacteriaceae,Klebsiella,Klebsiella quasipneumoniae
cggcccgatt_ttaaaactgt,gi|1179597712|ref|NZ_LT629790.1|,1255,1392,1458813,1458676,8.12E-12,84.2,78.014,4,4,NZ_LT629790.1,Proteobacteria,Gammaproteobacteria,Pseudomonadales,Pseudomonadaceae,Pseudomonas,Pseudomonas mediterranea
cggcctgttc_catctccgaa,gi|1731111638|ref|NZ_CABKPU010000003.1|,2,1641,186457,188096,0,2763,97.073,99,99,NZ_CABKPU010000003.1,Bacteroidetes,Bacteroidia,Bacteroidales,NA,Phocaeicola,Phocaeicola plebeius
cggcgggcta_cgtagtagtt,gi|1372070465|ref|NZ_CP023478.1|,2,2127,2640726,2642862,0,3775,98.643,99,99,NZ_CP023478.1,Proteobacteria,Gammaproteobacteria,Enterobacterales,Enterobacteriaceae,Klebsiella,Klebsiella quasipneumoniae
cggcgtcccg_aaatagtcaa,gi|1589932452|ref|NZ_SJSF01000003.1|,2,1478,40773,42249,0,2634,98.849,97,97,NZ_SJSF01000003.1,Proteobacteria,Gammaproteobacteria,Enterobacterales,Enterobacteriaceae,Citrobacter,Citrobacter braakii
cggcttcgaa_aactgtagat,gi|1885822567|ref|NZ_CP057657.1|,1,1574,2007779,2009362,0,2302,93.028,62,62,NZ_CP057657.1,Proteobacteria,Gammaproteobacteria,Enterobacterales,Enterobacteriaceae,Escherichia,Escherichia fergusonii
cgggccatct_cccaatgttg,gi|1545162491|ref|NZ_LR134475.1|,2,1785,3832131,3833915,0,3134,98.375,99,99,NZ_LR134475.1,Proteobacteria,Gammaproteobacteria,Enterobacterales,Enterobacteriaceae,Klebsiella,Klebsiella aerogenes
cggtatggtc_acactgcccc,gi|378976159|ref|NC_016845.1|,2,1131,2572877,2571747,0,2060,99.558,98,98,NC_016845.1,Proteobacteria,Gammaproteobacteria,Enterobacterales,Enterobacteriaceae,Klebsiella,Klebsiella pneumoniae
cggtattggc_tacaatttcc,gi|1545162491|ref|NZ_LR134475.1|,2,1789,3832131,3833915,0,3116,98.155,99,99,NZ_LR134475.1,Proteobacteria,Gammaproteobacteria,Enterobacterales,Enterobacteriaceae,Klebsiella,Klebsiella aerogenes
cgtacccagg_ctctagcgta,gi|1222569331|ref|NZ_FODE01000103.1|,1602,3031,1644,210,0,2545,98.747,46,46,NZ_FODE01000103.1,Proteobacteria,Alphaproteobacteria,Rhodobacterales,Rhodobacteraceae,Paracoccus,Paracoccus alcaliphilus
cgtcacctcc_tcaataatag,gi|1816023474|ref|NZ_CP044484.1|,10,964,23997,24951,0,1764,100,96,96,NZ_CP044484.1,Proteobacteria,Gammaproteobacteria,Pseudomonadales,Moraxellaceae,Acinetobacter,Acinetobacter schindleri
cgtcctccct_accagggacc,gi|1222569331|ref|NZ_FODE01000103.1|,1280,2709,210,1644,0,2545,98.747,33,33,NZ_FODE01000103.1,Proteobacteria,Alphaproteobacteria,Rhodobacterales,Rhodobacteraceae,Paracoccus,Paracoccus alcaliphilus
cgtctgctgt_tagcgtttga,gi|1372070465|ref|NZ_CP023478.1|,2,2121,2640726,2642862,0,3725,98.269,99,99,NZ_CP023478.1,Proteobacteria,Gammaproteobacteria,Enterobacterales,Enterobacteriaceae,Klebsiella,Klebsiella quasipneumoniae
cgtgctagga_aaagatactg,gi|378976159|ref|NC_016845.1|,2,1132,2572877,2571747,0,2067,99.646,98,98,NC_016845.1,Proteobacteria,Gammaproteobacteria,Enterobacterales,Enterobacteriaceae,Klebsiella,Klebsiella pneumoniae
cgttcttggt_agtgctcatc,gi|740291840|ref|NZ_AUNB01000024.1|,478,513,9413,9448,2.95E-05,62.1,97.222,1,1,NZ_AUNB01000024.1,Proteobacteria,Alphaproteobacteria,Rhodobacterales,Rhodobacteraceae,Thioclava,Thioclava indica
ctaacattct_tacaccacac,gi|1124426651|ref|NZ_FNOD01000001.1|,2,1611,368379,366770,0,2891,99.068,98,98,NZ_FNOD01000001.1,Bacteroidetes,Bacteroidia,Bacteroidales,Bacteroidaceae,Bacteroides,Bacteroides stercoris
ctaacatttg_aatcgtgcca,gi|378976159|ref|NC_016845.1|,2,2434,2846411,2848845,0,4434,99.548,99,99,NC_016845.1,Proteobacteria,Gammaproteobacteria,Enterobacterales,Enterobacteriaceae,Klebsiella,Klebsiella pneumoniae
ctaagacaca_gccaaaaaat,gi|1119976308|ref|NZ_FRAH01000024.1|,2,2161,36346,34187,0,3973,99.861,99,99,NZ_FRAH01000024.1,Firmicutes,Clostridia,Eubacteriales,Lachnospiraceae,Anaerotignum,Anaerotignum lactatifermentans
ctaattcttt_taaaaaggaa,gi|385808586|ref|NC_017464.1|,265,367,2284638,2284536,9.54E-08,69.4,78.846,8,8,NC_017464.1,Ignavibacteriae,Ignavibacteria,Ignavibacteriales,Ignavibacteriaceae,Ignavibacterium,Ignavibacterium album
ctacctctgg_gtcacggaga,gi|1893751414|ref|NZ_JABBJF010000052.1|,1868,3191,9137,7814,0,2435,99.849,41,41,NZ_JABBJF010000052.1,Proteobacteria,Gammaproteobacteria,Enterobacterales,Enterobacteriaceae,Kluyvera,Kluyvera sichuanensis
ctactcaaga_gagacgggca,gi|1545162491|ref|NZ_LR134475.1|,2,1786,3832131,3833915,0,3142,98.431,99,99,NZ_LR134475.1,Proteobacteria,Gammaproteobacteria,Enterobacterales,Enterobacteriaceae,Klebsiella,Klebsiella aerogenes
ctagactccc_tagaaagcaa,gi|950211490|ref|NZ_CYYO01000006.1|,2,1477,216622,215147,0,2726,100,98,98,NZ_CYYO01000006.1,Bacteroidetes,Bacteroidia,Bacteroidales,Bacteroidaceae,Bacteroides,Bacteroides uniformis
ctaggtgtcg_cactgtgatg,gi|378976159|ref|NC_016845.1|,2,1131,2572877,2571747,0,2060,99.558,98,98,NC_016845.1,Proteobacteria,Gammaproteobacteria,Enterobacterales,Enterobacteriaceae,Klebsiella,Klebsiella pneumoniae
ctagtcgaac_ttaatatagg,gi|484070516|ref|NZ_ANID01000003.1|,2,1624,280808,279185,0,2532,94.828,99,99,NZ_ANID01000003.1,Proteobacteria,Gammaproteobacteria,Enterobacterales,Enterobacteriaceae,Enterobacter,Enterobacter hormaechei
ctagtcttct_caatagttca,gi|1816023474|ref|NZ_CP044484.1|,4,957,23998,24951,0,1762,100,96,96,NZ_CP044484.1,Proteobacteria,Gammaproteobacteria,Pseudomonadales,Moraxellaceae,Acinetobacter,Acinetobacter schindleri
ctataggata_ttaacaatcg,gi|378976159|ref|NC_016845.1|,2,2433,2846411,2848845,0,4421,99.466,99,99,NC_016845.1,Proteobacteria,Gammaproteobacteria,Enterobacterales,Enterobacteriaceae,Klebsiella,Klebsiella pneumoniae
ctatatcgtt_taggagatct,gi|378976159|ref|NC_016845.1|,2,2433,2846411,2848845,0,4427,99.507,99,99,NC_016845.1,Proteobacteria,Gammaproteobacteria,Enterobacterales,Enterobacteriaceae,Klebsiella,Klebsiella pneumoniae
ctatcttcga_atttcctaag,gi|950211490|ref|NZ_CYYO01000006.1|,2,1811,217086,215277,0,3343,100,99,99,NZ_CYYO01000006.1,Bacteroidetes,Bacteroidia,Bacteroidales,Bacteroidaceae,Bacteroides,Bacteroides uniformis
ctatggacgt_acatagtgat,gi|1934323519|ref|NZ_JADNOP010000001.1|,2,1831,235804,237633,0,3308,99.29,99,99,NZ_JADNOP010000001.1,Firmicutes,Clostridia,Eubacteriales,Lachnospiraceae,Fusicatenibacter,Fusicatenibacter saccharivorans
ctcaccgctc_gtttctcatt,gi|922784506|ref|NZ_CP011801.1|,4,1542,210671,209133,0,693,75.16,93,93,NZ_CP011801.1,Nitrospirae,Nitrospira,Nitrospirales,Nitrospiraceae,Nitrospira,Nitrospira moscoviensis
ctcatgactc_aattgagatt,gi|1124426710|ref|NZ_FNOD01000015.1|,2,1581,46668,45080,0,2787,98.427,98,98,NZ_FNOD01000015.1,Bacteroidetes,Bacteroidia,Bacteroidales,Bacteroidaceae,Bacteroides,Bacteroides stercoris
ctccaggggt_ctacaatgtt,gi|1372070465|ref|NZ_CP023478.1|,241,932,3718684,3717993,0,1279,100,64,64,NZ_CP023478.1,Proteobacteria,Gammaproteobacteria,Enterobacterales,Enterobacteriaceae,Klebsiella,Klebsiella quasipneumoniae
ctccggtgga_aaccccgacc,gi|1372070465|ref|NZ_CP023478.1|,2,2132,2640726,2642862,0,3808,98.877,98,98,NZ_CP023478.1,Proteobacteria,Gammaproteobacteria,Enterobacterales,Enterobacteriaceae,Klebsiella,Klebsiella quasipneumoniae
ctcgatgaaa_tgtcactggg,gi|1747324376|ref|NZ_VWAM01000012.1|,2,1436,102788,104222,0,2612,99.512,98,98,NZ_VWAM01000012.1,Bacteroidetes,Bacteroidia,Bacteroidales,Bacteroidaceae,Bacteroides,Bacteroides finegoldii
ctcggtgctg_aacgggaaag,gi|484070516|ref|NZ_ANID01000003.1|,1,1724,280912,279185,0,2667,94.56,99,99,NZ_ANID01000003.1,Proteobacteria,Gammaproteobacteria,Enterobacterales,Enterobacteriaceae,Enterobacter,Enterobacter hormaechei
ctctctagga_acactctaat,gi|1372070465|ref|NZ_CP023478.1|,241,932,3718684,3717993,0,1279,100,64,64,NZ_CP023478.1,Proteobacteria,Gammaproteobacteria,Enterobacterales,Enterobacteriaceae,Klebsiella,Klebsiella quasipneumoniae
ctctctgatt_cgtcacaacg,gi|1909121368|ref|NZ_CP061512.1|,536,1657,131224,132344,0,2032,99.377,59,52,NZ_CP061512.1,Proteobacteria,Gammaproteobacteria,Enterobacterales,Erwiniaceae,Mixta,Mixta calida
ctctgcaaga_agcgttaccg,gi|950211490|ref|NZ_CYYO01000006.1|,2,1439,215190,216622,0,2601,99.374,98,98,NZ_CYYO01000006.1,Bacteroidetes,Bacteroidia,Bacteroidales,Bacteroidaceae,Bacteroides,Bacteroides uniformis
ctctgcctgg_ccctagtcgg,gi|378976159|ref|NC_016845.1|,1129,4135,4257352,4260405,0,5031,96.674,99,72,NC_016845.1,Proteobacteria,Gammaproteobacteria,Enterobacterales,Enterobacteriaceae,Klebsiella,Klebsiella pneumoniae
ctctgtctat_aatattcggt,gi|950211490|ref|NZ_CYYO01000006.1|,2,1476,215147,216622,0,2708,99.797,98,98,NZ_CYYO01000006.1,Bacteroidetes,Bacteroidia,Bacteroidales,Bacteroidaceae,Bacteroides,Bacteroides uniformis
ctcttcccag_agtgtgaacc,gi|928804415|ref|NZ_LN877293.1|,2,1615,2977652,2979265,0,2970,99.876,99,99,NZ_LN877293.1,Bacteroidetes,Bacteroidia,Bacteroidales,Bacteroidaceae,Bacteroides,Bacteroides fragilis
ctctttactt_gccacgcaat,gi|1372070465|ref|NZ_CP023478.1|,2,2134,2640726,2642862,0,3832,99.064,99,99,NZ_CP023478.1,Proteobacteria,Gammaproteobacteria,Enterobacterales,Enterobacteriaceae,Klebsiella,Klebsiella quasipneumoniae
ctgatctaga_ccgcgtatga,gi|484070521|ref|NZ_ANID01000004.1|,3,1109,377833,378942,0,1869,97.12,98,98,NZ_ANID01000004.1,Proteobacteria,Gammaproteobacteria,Enterobacterales,Enterobacteriaceae,Enterobacter,Enterobacter hormaechei
ctgattgggg_ggatcgcaaa,gi|484070521|ref|NZ_ANID01000004.1|,3,1111,377833,378942,0,1882,97.3,98,98,NZ_ANID01000004.1,Proteobacteria,Gammaproteobacteria,Enterobacterales,Enterobacteriaceae,Enterobacter,Enterobacter hormaechei
ctgcacggtg_ataaatagaa,gi|1372070465|ref|NZ_CP023478.1|,241,932,3718684,3717993,0,1279,100,64,64,NZ_CP023478.1,Proteobacteria,Gammaproteobacteria,Enterobacterales,Enterobacteriaceae,Klebsiella,Klebsiella quasipneumoniae
ctgctaatga_gagaagaagt,gi|1816023474|ref|NZ_CP044484.1|,5,959,23997,24951,0,1764,100,96,96,NZ_CP044484.1,Proteobacteria,Gammaproteobacteria,Pseudomonadales,Moraxellaceae,Acinetobacter,Acinetobacter schindleri
ctgctatcgg_caatcatccc,gi|1545162491|ref|NZ_LR134475.1|,2,1786,3832131,3833915,0,3142,98.431,99,99,NZ_LR134475.1,Proteobacteria,Gammaproteobacteria,Enterobacterales,Enterobacteriaceae,Klebsiella,Klebsiella aerogenes
ctggattcct_ggtcccatgc,gi|378976159|ref|NC_016845.1|,2,1132,2572877,2571747,0,2067,99.646,98,98,NC_016845.1,Proteobacteria,Gammaproteobacteria,Enterobacterales,Enterobacteriaceae,Klebsiella,Klebsiella pneumoniae
ctgtaagata_ctcatatcag,gi|1891964421|ref|NZ_JACHGF010000003.1|,152,206,638817,638764,8.28E-09,73.1,90.909,4,4,NZ_JACHGF010000003.1,Bacteroidetes,Cytophagia,Cytophagales,Cytophagaceae,Rhabdobacter,Rhabdobacter roseus
ctgtacttgg_actactaata,gi|1816023474|ref|NZ_CP044484.1|,4,958,23997,24951,0,1753,99.791,96,96,NZ_CP044484.1,Proteobacteria,Gammaproteobacteria,Pseudomonadales,Moraxellaceae,Acinetobacter,Acinetobacter schindleri
ctgtatcgcg_agattctgca,gi|1899938373|ref|NZ_JACTUZ010000107.1|,262,336,14577,14503,2.76E-17,100,90.789,7,7,NZ_JACTUZ010000107.1,Proteobacteria,Alphaproteobacteria,Rhodospirillales,Acetobacteraceae,Roseomonas,Roseomonas ludipueritiae
ctgtcccgtt_acatcaattt,gi|1909121368|ref|NZ_CP061512.1|,482,1603,132344,131224,0,2032,99.377,59,52,NZ_CP061512.1,Proteobacteria,Gammaproteobacteria,Enterobacterales,Erwiniaceae,Mixta,Mixta calida
ctgtgattat_cagctgcacc,gi|378976159|ref|NC_016845.1|,2,1132,2572877,2571747,0,2067,99.646,98,98,NC_016845.1,Proteobacteria,Gammaproteobacteria,Enterobacterales,Enterobacteriaceae,Klebsiella,Klebsiella pneumoniae
ctgttcggcg_gccggtagtc,gi|1372070465|ref|NZ_CP023478.1|,241,932,3718684,3717993,0,1279,100,64,64,NZ_CP023478.1,Proteobacteria,Gammaproteobacteria,Enterobacterales,Enterobacteriaceae,Klebsiella,Klebsiella quasipneumoniae
cttatatttt_gaacggtgca,gi|1392614517|ref|NZ_LT556085.1|,2,1400,427941,429340,0,2529,99.286,98,98,NZ_LT556085.1,Proteobacteria,Gammaproteobacteria,Enterobacterales,Enterobacteriaceae,Citrobacter,Citrobacter amalonaticus
cttcagcatc_acaatcacca,gi|378976159|ref|NC_016845.1|,2,1132,2572877,2571747,0,2067,99.646,98,98,NC_016845.1,Proteobacteria,Gammaproteobacteria,Enterobacterales,Enterobacteriaceae,Klebsiella,Klebsiella pneumoniae
cttggcggga_agagtattgc,gi|378976159|ref|NC_016845.1|,2,1131,2572877,2571747,0,2060,99.558,98,98,NC_016845.1,Proteobacteria,Gammaproteobacteria,Enterobacterales,Enterobacteriaceae,Klebsiella,Klebsiella pneumoniae
cttgtcggta_gcccaatcct,gi|657656347|ref|NZ_JNJA01000017.1|,126,153,65157,65184,0.004,52.8,100,5,5,NZ_JNJA01000017.1,Proteobacteria,Deltaproteobacteria,Desulfovibrionales,Desulfovibrionaceae,Desulfovibrio,Desulfovibrio alcoholivorans
cttgtcttgt_aatgaaacat,gi|746622803|ref|NZ_JXBL01000001.1|,2,1345,1489554,1488208,0,2407,98.961,99,99,NZ_JXBL01000001.1,Proteobacteria,Deltaproteobacteria,Desulfuromonadales,Geobacteraceae,Geobacter,Geobacter soli
ctttcaggtc_gtccgggcgt,gi|1372070465|ref|NZ_CP023478.1|,2,2135,2640726,2642862,0,3827,99.017,99,99,NZ_CP023478.1,Proteobacteria,Gammaproteobacteria,Enterobacterales,Enterobacteriaceae,Klebsiella,Klebsiella quasipneumoniae
ctttcccttc_gcctgcagac,gi|1909121368|ref|NZ_CP061512.1|,535,1657,131224,132344,0,2039,99.466,59,52,NZ_CP061512.1,Proteobacteria,Gammaproteobacteria,Enterobacterales,Erwiniaceae,Mixta,Mixta calida
cttttacggc_gataaaagta,gi|1443164133|ref|NZ_UGHU01000001.1|,4,1431,1781648,1783073,0,2026,92.318,98,98,NZ_UGHU01000001.1,Proteobacteria,Gammaproteobacteria,Pasteurellales,Pasteurellaceae,Haemophilus,Haemophilus parainfluenzae
cttttcgcac_aaacaggagc,gi|1816023474|ref|NZ_CP044484.1|,5,959,23997,24951,0,1764,100,96,96,NZ_CP044484.1,Proteobacteria,Gammaproteobacteria,Pseudomonadales,Moraxellaceae,Acinetobacter,Acinetobacter schindleri
gaaaatcgtt_ttgcgttgga,gi|1589932452|ref|NZ_SJSF01000003.1|,2,1475,40773,42247,0,2623,98.78,97,97,NZ_SJSF01000003.1,Proteobacteria,Gammaproteobacteria,Enterobacterales,Enterobacteriaceae,Citrobacter,Citrobacter braakii
gaaaatctgt_agtaagtcgc,gi|950211490|ref|NZ_CYYO01000006.1|,3,1480,215147,216622,0,2656,99.121,98,98,NZ_CYYO01000006.1,Bacteroidetes,Bacteroidia,Bacteroidales,Bacteroidaceae,Bacteroides,Bacteroides uniformis
gaaattggca_gcacatgacg,gi|1909121368|ref|NZ_CP061512.1|,535,1655,131224,132344,0,2026,99.288,59,52,NZ_CP061512.1,Proteobacteria,Gammaproteobacteria,Enterobacterales,Erwiniaceae,Mixta,Mixta calida
gaagcgaata_cgccgatacg,gi|1589932452|ref|NZ_SJSF01000003.1|,2,1477,40773,42249,0,2627,98.781,98,98,NZ_SJSF01000003.1,Proteobacteria,Gammaproteobacteria,Enterobacterales,Enterobacteriaceae,Citrobacter,Citrobacter braakii
gacaggtttg_ctccttcgcc,gi|1372070465|ref|NZ_CP023478.1|,2,2136,2640726,2642862,0,3834,99.064,99,99,NZ_CP023478.1,Proteobacteria,Gammaproteobacteria,Enterobacterales,Enterobacteriaceae,Klebsiella,Klebsiella quasipneumoniae
gacatgcacg_gcctctaatg,gi|378976159|ref|NC_016845.1|,2,1132,2572877,2571747,0,2067,99.646,98,98,NC_016845.1,Proteobacteria,Gammaproteobacteria,Enterobacterales,Enterobacteriaceae,Klebsiella,Klebsiella pneumoniae
gacccggcaa_tgagcctgag,gi|1392614517|ref|NZ_LT556085.1|,2,1396,427941,429340,0,2525,99.286,98,98,NZ_LT556085.1,Proteobacteria,Gammaproteobacteria,Enterobacterales,Enterobacteriaceae,Citrobacter,Citrobacter amalonaticus
gacctggata_cattaggtga,gi|1816023474|ref|NZ_CP044484.1|,1,1797,23998,25793,0,3312,99.944,99,99,NZ_CP044484.1,Proteobacteria,Gammaproteobacteria,Pseudomonadales,Moraxellaceae,Acinetobacter,Acinetobacter schindleri
gacgatttca_tgagactgtt,gi|378976159|ref|NC_016845.1|,2,1130,2572877,2571747,0,2054,99.469,98,98,NC_016845.1,Proteobacteria,Gammaproteobacteria,Enterobacterales,Enterobacteriaceae,Klebsiella,Klebsiella pneumoniae
gactaagtca_aaaaacaggc,gi|423340855|ref|NZ_JH976465.1|,2,1601,166774,165171,0,2892,99.252,99,99,NZ_JH976465.1,Bacteroidetes,Bacteroidia,Bacteroidales,Tannerellaceae,Parabacteroides,Parabacteroides johnsonii
gactctacac_aatcatactt,gi|1909121368|ref|NZ_CP061512.1|,534,1655,131224,132344,0,2032,99.377,59,52,NZ_CP061512.1,Proteobacteria,Gammaproteobacteria,Enterobacterales,Erwiniaceae,Mixta,Mixta calida
gactggtaag_cagacacaac,gi|378976159|ref|NC_016845.1|,2,1132,2572877,2571747,0,2067,99.646,98,98,NC_016845.1,Proteobacteria,Gammaproteobacteria,Enterobacterales,Enterobacteriaceae,Klebsiella,Klebsiella pneumoniae
gactgtaagc_aaatccttct,gi|1423745326|ref|NZ_QFRW01000073.1|,573,728,17925,17769,4.29E-17,100,78.616,9,9,NZ_QFRW01000073.1,Actinobacteria,Actinomycetia,Glycomycetales,Glycomycetaceae,Glycomyces,Glycomyces dulcitolivorans
gacttaaact_cttagaaatc,gi|1918262153|ref|NZ_CP040449.1|,7,988,3266979,3265998,0,1786,99.491,79,79,NZ_CP040449.1,Proteobacteria,Gammaproteobacteria,Aeromonadales,Aeromonadaceae,Aeromonas,Aeromonas simiae
gagagtaaat_atacatgctc,gi|1392614517|ref|NZ_LT556085.1|,7,555,2209798,2209251,0,996,99.454,94,94,NZ_LT556085.1,Proteobacteria,Gammaproteobacteria,Enterobacterales,Enterobacteriaceae,Citrobacter,Citrobacter amalonaticus
gagggtcgtt_ctgttcacgg,gi|1909121368|ref|NZ_CP061512.1|,482,1604,132344,131224,0,2039,99.466,59,52,NZ_CP061512.1,Proteobacteria,Gammaproteobacteria,Enterobacterales,Erwiniaceae,Mixta,Mixta calida
gaggtctggg_cctaaatgta,gi|1545162491|ref|NZ_LR134475.1|,2,1785,3832131,3833915,0,3134,98.375,99,99,NZ_LR134475.1,Proteobacteria,Gammaproteobacteria,Enterobacterales,Enterobacteriaceae,Klebsiella,Klebsiella aerogenes
gagtcctgaa_aaagaccgtc,gi|1222569331|ref|NZ_FODE01000103.1|,1602,3031,1644,210,0,2545,98.747,46,46,NZ_FODE01000103.1,Proteobacteria,Alphaproteobacteria,Rhodobacterales,Rhodobacteraceae,Paracoccus,Paracoccus alcaliphilus
gagttttgaa_aaaagctgta,gi|1888225700|ref|NZ_CP043575.1|,564,1445,568967,569849,0,1624,99.887,59,59,NZ_CP043575.1,Proteobacteria,Betaproteobacteria,Burkholderiales,Comamonadaceae,Comamonas,Comamonas koreensis
gatcagacag_tccaggatta,gi|1372070465|ref|NZ_CP023478.1|,9,2586,2400266,2402847,0,4582,98.722,98,98,NZ_CP023478.1,Proteobacteria,Gammaproteobacteria,Enterobacterales,Enterobacteriaceae,Klebsiella,Klebsiella quasipneumoniae
gatctttaag_tatgatccac,gi|110645304|ref|NC_002516.2|,1058,2283,866670,867902,0,2226,99.351,53,53,NC_002516.2,Proteobacteria,Gammaproteobacteria,Pseudomonadales,Pseudomonadaceae,Pseudomonas,Pseudomonas aeruginosa
gatgagatct_cagagtcatt,gi|1372070465|ref|NZ_CP023478.1|,9,2590,2400266,2402847,0,4602,98.838,99,99,NZ_CP023478.1,Proteobacteria,Gammaproteobacteria,Enterobacterales,Enterobacteriaceae,Klebsiella,Klebsiella quasipneumoniae
gatgctgagc_cgcgatctat,gi|1545162491|ref|NZ_LR134475.1|,2,1786,3832131,3833915,0,3142,98.431,99,99,NZ_LR134475.1,Proteobacteria,Gammaproteobacteria,Enterobacterales,Enterobacteriaceae,Klebsiella,Klebsiella aerogenes
gatggacccc_cgtctcgaac,gi|1222569331|ref|NZ_FODE01000103.1|,1602,3033,1644,210,0,2531,98.54,46,46,NZ_FODE01000103.1,Proteobacteria,Alphaproteobacteria,Rhodobacterales,Rhodobacteraceae,Paracoccus,Paracoccus alcaliphilus
gattcctttc_tgtctccctg,gi|1109557564|ref|NC_003197.2|,950,2576,4487920,4486292,0,2841,98.158,63,63,NC_003197.2,Proteobacteria,Gammaproteobacteria,Enterobacterales,Enterobacteriaceae,Salmonella,Salmonella enterica
gcaaactcgt_acatctaaga,gi|1918262153|ref|NZ_CP040449.1|,2,980,3266979,3265998,0,1772,99.287,79,79,NZ_CP040449.1,Proteobacteria,Gammaproteobacteria,Aeromonadales,Aeromonadaceae,Aeromonas,Aeromonas simiae
gcaacaccta_caataacgat,gi|1372070465|ref|NZ_CP023478.1|,241,932,3718684,3717993,0,1279,100,64,64,NZ_CP023478.1,Proteobacteria,Gammaproteobacteria,Enterobacterales,Enterobacteriaceae,Klebsiella,Klebsiella quasipneumoniae
gcacattcgc_gttctcgcag,gi|950211490|ref|NZ_CYYO01000006.1|,2,1900,217086,215190,0,3494,99.895,98,98,NZ_CYYO01000006.1,Bacteroidetes,Bacteroidia,Bacteroidales,Bacteroidaceae,Bacteroides,Bacteroides uniformis
gcacgtccat_aatggataag,gi|1392614517|ref|NZ_LT556085.1|,2,1401,427941,429340,0,2558,99.643,98,98,NZ_LT556085.1,Proteobacteria,Gammaproteobacteria,Enterobacterales,Enterobacteriaceae,Citrobacter,Citrobacter amalonaticus
gcaggacatc_acctacgaaa,gi|484070516|ref|NZ_ANID01000003.1|,1,1726,279186,280912,0,2689,94.789,43,43,NZ_ANID01000003.1,Proteobacteria,Gammaproteobacteria,Enterobacterales,Enterobacteriaceae,Enterobacter,Enterobacter hormaechei
gcagttctta_ctgagcatgg,gi|1215555992|ref|NZ_CP022359.1|,94,2767,162254,159579,0,4924,99.888,69,69,NZ_CP022359.1,Proteobacteria,Gammaproteobacteria,Alteromonadales,Shewanellaceae,Shewanella,Shewanella bicestrii
gcatagtgca_gctgccgtag,gi|378976159|ref|NC_016845.1|,383,1718,1438908,1440244,0,2401,99.102,77,77,NC_016845.1,Proteobacteria,Gammaproteobacteria,Enterobacterales,Enterobacteriaceae,Klebsiella,Klebsiella pneumoniae
gcattcagta_acgagactct,gi|378976159|ref|NC_016845.1|,2,1132,2572877,2571747,0,2067,99.646,98,98,NC_016845.1,Proteobacteria,Gammaproteobacteria,Enterobacterales,Enterobacteriaceae,Klebsiella,Klebsiella pneumoniae
gcatttatat_ttcgggaggt,gi|1333936306|ref|NZ_MPDH01000042.1|,950,2114,1341,179,0,1779,94.259,55,55,NZ_MPDH01000042.1,Firmicutes,Bacilli,Bacillales,Listeriaceae,Listeria,Listeria newyorkensis
gccggcgccc_actacgtaaa,gi|1545162491|ref|NZ_LR134475.1|,52,1835,3832131,3833915,0,3134,98.375,96,96,NZ_LR134475.1,Proteobacteria,Gammaproteobacteria,Enterobacterales,Enterobacteriaceae,Klebsiella,Klebsiella aerogenes
gccgtaacca_taggcaattg,gi|378976159|ref|NC_016845.1|,2,2430,2848845,2846411,0,4392,99.261,99,65,NC_016845.1,Proteobacteria,Gammaproteobacteria,Enterobacterales,Enterobacteriaceae,Klebsiella,Klebsiella pneumoniae
gcctgcaatc_acattaataa,gi|950211490|ref|NZ_CYYO01000006.1|,2,1658,215147,216803,0,3061,100,99,99,NZ_CYYO01000006.1,Bacteroidetes,Bacteroidia,Bacteroidales,Bacteroidaceae,Bacteroides,Bacteroides uniformis
gcctgttccg_aactgctgtg,gi|484070521|ref|NZ_ANID01000004.1|,3,1107,377833,378938,0,1886,97.468,98,98,NZ_ANID01000004.1,Proteobacteria,Gammaproteobacteria,Enterobacterales,Enterobacteriaceae,Enterobacter,Enterobacter hormaechei
gccttcgtac_acttcgctga,gi|378976159|ref|NC_016845.1|,12,1142,2572877,2571747,0,2067,99.646,97,97,NC_016845.1,Proteobacteria,Gammaproteobacteria,Enterobacterales,Enterobacteriaceae,Klebsiella,Klebsiella pneumoniae
gcgaatctca_aatgaagagc,gi|1909121368|ref|NZ_CP061512.1|,485,1607,132344,131224,0,2039,99.466,59,52,NZ_CP061512.1,Proteobacteria,Gammaproteobacteria,Enterobacterales,Erwiniaceae,Mixta,Mixta calida
gcgacgtgct_gaacccgtgt,gi|1372070465|ref|NZ_CP023478.1|,2,2136,2640726,2642862,0,3834,99.064,99,99,NZ_CP023478.1,Proteobacteria,Gammaproteobacteria,Enterobacterales,Enterobacteriaceae,Klebsiella,Klebsiella quasipneumoniae
gcggggtatc_gggctaacgg,gi|1816023474|ref|NZ_CP044484.1|,4,957,23997,24951,0,1746,99.686,97,97,NZ_CP044484.1,Proteobacteria,Gammaproteobacteria,Pseudomonadales,Moraxellaceae,Acinetobacter,Acinetobacter schindleri
gcgtgttcaa_cagcctccgt,gi|378976159|ref|NC_016845.1|,11,2432,2848845,2846411,0,4329,98.852,98,98,NC_016845.1,Proteobacteria,Gammaproteobacteria,Enterobacterales,Enterobacteriaceae,Klebsiella,Klebsiella pneumoniae
gctagcaatt_acctaatcct,gi|740291840|ref|NZ_AUNB01000024.1|,269,304,9413,9448,2.52E-05,62.1,97.222,2,2,NZ_AUNB01000024.1,Proteobacteria,Alphaproteobacteria,Rhodobacterales,Rhodobacteraceae,Thioclava,Thioclava indica
gctatctgag_agggacacta,gi|1816023474|ref|NZ_CP044484.1|,1,1764,23998,25761,0,3258,100,83,83,NZ_CP044484.1,Proteobacteria,Gammaproteobacteria,Pseudomonadales,Moraxellaceae,Acinetobacter,Acinetobacter schindleri
gctcattcta_acgacttacg,gi|1372070465|ref|NZ_CP023478.1|,2,2135,2640726,2642862,0,3827,99.017,99,99,NZ_CP023478.1,Proteobacteria,Gammaproteobacteria,Enterobacterales,Enterobacteriaceae,Klebsiella,Klebsiella quasipneumoniae
gctcgcaatg_gggcccctat,gi|1893751414|ref|NZ_JABBJF010000052.1|,1870,3192,9137,7814,0,2427,99.773,41,41,NZ_JABBJF010000052.1,Proteobacteria,Gammaproteobacteria,Enterobacterales,Enterobacteriaceae,Kluyvera,Kluyvera sichuanensis
gctcggctaa_gagtatggca,gi|950211490|ref|NZ_CYYO01000006.1|,2,1717,217001,215277,0,2784,95.884,99,99,NZ_CYYO01000006.1,Bacteroidetes,Bacteroidia,Bacteroidales,Bacteroidaceae,Bacteroides,Bacteroides uniformis
gctctggagc_cctttacgct,gi|484070516|ref|NZ_ANID01000003.1|,1,1726,280912,279185,0,2669,94.563,99,99,NZ_ANID01000003.1,Proteobacteria,Gammaproteobacteria,Enterobacterales,Enterobacteriaceae,Enterobacter,Enterobacter hormaechei
gcttccatca_taatattctg,gi|1372070465|ref|NZ_CP023478.1|,241,932,3718684,3717993,0,1279,100,64,64,NZ_CP023478.1,Proteobacteria,Gammaproteobacteria,Enterobacterales,Enterobacteriaceae,Klebsiella,Klebsiella quasipneumoniae
gcttcggccc_tcaccagcaa,gi|484070516|ref|NZ_ANID01000003.1|,1,1726,280912,279185,0,2686,94.734,99,99,NZ_ANID01000003.1,Proteobacteria,Gammaproteobacteria,Enterobacterales,Enterobacteriaceae,Enterobacter,Enterobacter hormaechei
gctttaaaaa_taagggagat,gi|378976159|ref|NC_016845.1|,2,1336,1438910,1440244,0,2405,99.176,98,98,NC_016845.1,Proteobacteria,Gammaproteobacteria,Enterobacterales,Enterobacteriaceae,Klebsiella,Klebsiella pneumoniae
ggaataccat_accagattag,gi|110645304|ref|NC_002516.2|,3,832,4787881,4787050,0,1480,98.798,97,97,NC_002516.2,Proteobacteria,Gammaproteobacteria,Pseudomonadales,Pseudomonadaceae,Pseudomonas,Pseudomonas aeruginosa
ggaattgttt_agtctcagga,gi|484070521|ref|NZ_ANID01000004.1|,3,1110,377833,378942,0,1877,97.21,98,98,NZ_ANID01000004.1,Proteobacteria,Gammaproteobacteria,Enterobacterales,Enterobacteriaceae,Enterobacter,Enterobacter hormaechei
ggacgctgta_gaacaaacgt,gi|1372070465|ref|NZ_CP023478.1|,2,2135,2640726,2642862,0,3838,99.111,99,99,NZ_CP023478.1,Proteobacteria,Gammaproteobacteria,Enterobacterales,Enterobacteriaceae,Klebsiella,Klebsiella quasipneumoniae
ggacggggtt_gatagcgacg,gi|1398001651|ref|NZ_CP015136.1|,549,1578,5708076,5709120,0,752,80.076,64,64,NZ_CP015136.1,Acidobacteria,Vicinamibacteria,NA,Vicinamibacteraceae,Luteitalea,Luteitalea pratensis
ggactacgtc_acgtatctat,gi|1224945075|ref|NZ_FMTU01000007.1|,1389,1417,161706,161678,0.004,54.7,100,1,1,NZ_FMTU01000007.1,Proteobacteria,Alphaproteobacteria,Sphingomonadales,Sphingomonadaceae,Sphingobium,Sphingobium faniae
ggagaacctt_cagcttttcc,gi|378976159|ref|NC_016845.1|,2,2434,2848845,2846411,0,4434,99.548,99,99,NC_016845.1,Proteobacteria,Gammaproteobacteria,Enterobacterales,Enterobacteriaceae,Klebsiella,Klebsiella pneumoniae
ggagtttctt_gaacatggaa,gi|950211490|ref|NZ_CYYO01000006.1|,2,1347,216622,215277,0,2436,99.331,98,98,NZ_CYYO01000006.1,Bacteroidetes,Bacteroidia,Bacteroidales,Bacteroidaceae,Bacteroides,Bacteroides uniformis
ggatgtccgt_acgcggcaag,gi|378976159|ref|NC_016845.1|,1397,2730,1440245,1438910,0,2394,99.027,48,48,NC_016845.1,Proteobacteria,Gammaproteobacteria,Enterobacterales,Enterobacteriaceae,Klebsiella,Klebsiella pneumoniae
ggcaatttaa_ctcaacacaa,gi|1267205665|ref|NZ_PDEA01000001.1|,1030,1061,3761354,3761384,0.009,52.8,96.875,2,2,NZ_PDEA01000001.1,Proteobacteria,Betaproteobacteria,Burkholderiales,Comamonadaceae,Comamonas,Comamonas terrigena
ggcacgacag_tcattcacaa,gi|378976159|ref|NC_016845.1|,2,1134,2572877,2571742,0,2045,99.208,98,98,NC_016845.1,Proteobacteria,Gammaproteobacteria,Enterobacterales,Enterobacteriaceae,Klebsiella,Klebsiella pneumoniae
ggcactaaga_catcttagga,gi|1475624713|ref|NZ_CP023009.1|,1050,2208,2046384,2047543,0,1714,93.362,52,52,NZ_CP023009.1,Proteobacteria,Gammaproteobacteria,Enterobacterales,Pectobacteriaceae,Lonsdalea,Lonsdalea britannica
ggccatagta_ataacttctg,gi|1816023474|ref|NZ_CP044484.1|,7,961,23997,24951,0,1764,100,96,96,NZ_CP044484.1,Proteobacteria,Gammaproteobacteria,Pseudomonadales,Moraxellaceae,Acinetobacter,Acinetobacter schindleri
ggccctgctg_tgagcgagaa,gi|1816023474|ref|NZ_CP044484.1|,8,964,23997,24951,0,1755,99.791,96,96,NZ_CP044484.1,Proteobacteria,Gammaproteobacteria,Pseudomonadales,Moraxellaceae,Acinetobacter,Acinetobacter schindleri
ggccggttcc_ctggttaaga,gi|950211490|ref|NZ_CYYO01000006.1|,2,1723,217001,215277,0,3127,99.42,99,99,NZ_CYYO01000006.1,Bacteroidetes,Bacteroidia,Bacteroidales,Bacteroidaceae,Bacteroides,Bacteroides uniformis
ggctcataac_gttgcgagag,gi|1905569419|ref|NZ_BMDC01000001.1|,1728,1762,1340994,1341027,0.000274,58.4,97.143,2,2,NZ_BMDC01000001.1,Actinobacteria,Actinomycetia,Micrococcales,Micrococcaceae,Rothia,Rothia aerolata
ggcttctttt_taacaagtct,gi|1816023474|ref|NZ_CP044484.1|,8,963,23997,24951,0,1759,99.895,95,95,NZ_CP044484.1,Proteobacteria,Gammaproteobacteria,Pseudomonadales,Moraxellaceae,Acinetobacter,Acinetobacter schindleri
ggcttggcgt_gtgccagcga,gi|950211490|ref|NZ_CYYO01000006.1|,2,1478,216622,215146,0,2501,97.224,44,44,NZ_CYYO01000006.1,Bacteroidetes,Bacteroidia,Bacteroidales,Bacteroidaceae,Bacteroides,Bacteroides uniformis
gggaccatta_gtgagtaata,gi|1372070465|ref|NZ_CP023478.1|,241,932,3718684,3717993,0,1279,100,64,64,NZ_CP023478.1,Proteobacteria,Gammaproteobacteria,Enterobacterales,Enterobacteriaceae,Klebsiella,Klebsiella quasipneumoniae
gggaggaaaa_gattaaatgg,gi|378976159|ref|NC_016845.1|,2,2434,2846411,2848845,0,4434,99.548,99,99,NC_016845.1,Proteobacteria,Gammaproteobacteria,Enterobacterales,Enterobacteriaceae,Klebsiella,Klebsiella pneumoniae
gggagtactc_tacacacccc,gi|484070516|ref|NZ_ANID01000003.1|,1,1727,280912,279185,0,2691,94.792,99,99,NZ_ANID01000003.1,Proteobacteria,Gammaproteobacteria,Enterobacterales,Enterobacteriaceae,Enterobacter,Enterobacter hormaechei
gggccatatt_cttctcgttt,gi|1909121368|ref|NZ_CP061512.1|,532,1650,131224,132344,0,2013,99.11,59,52,NZ_CP061512.1,Proteobacteria,Gammaproteobacteria,Enterobacterales,Erwiniaceae,Mixta,Mixta calida
gggctcaaag_agatatcgcc,gi|1372070465|ref|NZ_CP023478.1|,241,932,3718684,3717993,0,1279,100,62,28,NZ_CP023478.1,Proteobacteria,Gammaproteobacteria,Enterobacterales,Enterobacteriaceae,Klebsiella,Klebsiella quasipneumoniae
ggggaacttg_aataacagca,gi|1545162491|ref|NZ_LR134475.1|,11,1794,3832131,3833915,0,3134,98.375,98,98,NZ_LR134475.1,Proteobacteria,Gammaproteobacteria,Enterobacterales,Enterobacteriaceae,Klebsiella,Klebsiella aerogenes
gggtcgggtg_ataagttcgg,gi|378976159|ref|NC_016845.1|,2,1131,2572877,2571747,0,2060,99.558,98,98,NC_016845.1,Proteobacteria,Gammaproteobacteria,Enterobacterales,Enterobacteriaceae,Klebsiella,Klebsiella pneumoniae
gggtgactcc_tagtagtagg,gi|737623530|ref|NZ_ARYM01000001.1|,6,1697,171691,173379,0,1914,87.123,98,98,NZ_ARYM01000001.1,Proteobacteria,Alphaproteobacteria,Hyphomonadales,Hyphomonadaceae,Hyphomonas,Hyphomonas polymorpha
gggttaacgg_ggtagggacg,gi|1909121368|ref|NZ_CP061512.1|,535,1656,131224,132344,0,2032,99.377,59,52,NZ_CP061512.1,Proteobacteria,Gammaproteobacteria,Enterobacterales,Erwiniaceae,Mixta,Mixta calida
ggtacaaact_attccacttg,gi|1222569331|ref|NZ_FODE01000103.1|,1602,3031,1644,210,0,2545,98.747,46,46,NZ_FODE01000103.1,Proteobacteria,Alphaproteobacteria,Rhodobacterales,Rhodobacteraceae,Paracoccus,Paracoccus alcaliphilus
ggtcagcaag_gtatacgcta,gi|1372070465|ref|NZ_CP023478.1|,16,2592,2400266,2402847,0,4564,98.606,99,99,NZ_CP023478.1,Proteobacteria,Gammaproteobacteria,Enterobacterales,Enterobacteriaceae,Klebsiella,Klebsiella quasipneumoniae
ggtctagtta_aaacgtggaa,gi|1816023474|ref|NZ_CP044484.1|,8,961,23997,24951,0,1746,99.686,96,96,NZ_CP044484.1,Proteobacteria,Gammaproteobacteria,Pseudomonadales,Moraxellaceae,Acinetobacter,Acinetobacter schindleri
ggtcttttgt_taccaattga,gi|110645304|ref|NC_002516.2|,10,571,2291075,2291637,0,989,98.401,92,92,NC_002516.2,Proteobacteria,Gammaproteobacteria,Pseudomonadales,Pseudomonadaceae,Pseudomonas,Pseudomonas aeruginosa
ggtgcttcat_catgagagag,gi|1816023474|ref|NZ_CP044484.1|,11,965,23997,24951,0,1753,99.791,95,95,NZ_CP044484.1,Proteobacteria,Gammaproteobacteria,Pseudomonadales,Moraxellaceae,Acinetobacter,Acinetobacter schindleri
ggtggttgct_ttaacctcaa,gi|1589932452|ref|NZ_SJSF01000003.1|,2,1476,40773,42249,0,2610,98.579,97,97,NZ_SJSF01000003.1,Proteobacteria,Gammaproteobacteria,Enterobacterales,Enterobacteriaceae,Citrobacter,Citrobacter braakii
ggttaaggat_tgcatgtata,gi|1869608517|ref|NZ_JACCCW010000001.1|,673,700,1148721,1148748,0.007,52.8,100,3,3,NZ_JACCCW010000001.1,Acidobacteria,Acidobacteriia,Acidobacteriales,Acidobacteriaceae,Granulicella,Granulicella arctica
ggttggtagt_atggatatgg,gi|1545162491|ref|NZ_LR134475.1|,2,1785,3832131,3833915,0,3134,98.375,99,99,NZ_LR134475.1,Proteobacteria,Gammaproteobacteria,Enterobacterales,Enterobacteriaceae,Klebsiella,Klebsiella aerogenes
ggttgtgggt_atatgtccgc,gi|1816023474|ref|NZ_CP044484.1|,3,957,23997,24951,0,1764,100,97,97,NZ_CP044484.1,Proteobacteria,Gammaproteobacteria,Pseudomonadales,Moraxellaceae,Acinetobacter,Acinetobacter schindleri
ggtttccgtc_aaagatcttg,gi|1893751414|ref|NZ_JABBJF010000052.1|,1,1369,9183,7814,0,2523,99.927,99,99,NZ_JABBJF010000052.1,Proteobacteria,Gammaproteobacteria,Enterobacterales,Enterobacteriaceae,Kluyvera,Kluyvera sichuanensis
ggttttccgc_gtaatcacca,gi|378976159|ref|NC_016845.1|,13,1141,2572877,2571747,0,2054,99.469,85,85,NC_016845.1,Proteobacteria,Gammaproteobacteria,Enterobacterales,Enterobacteriaceae,Klebsiella,Klebsiella pneumoniae
gtaaacatta_ctttacaggt,gi|378976159|ref|NC_016845.1|,2,2433,2846411,2848845,0,4427,99.507,99,99,NC_016845.1,Proteobacteria,Gammaproteobacteria,Enterobacterales,Enterobacteriaceae,Klebsiella,Klebsiella pneumoniae
gtaagttgac_tcgatgggtc,gi|928804415|ref|NZ_LN877293.1|,2,1516,2977751,2979265,0,2787,99.868,98,98,NZ_LN877293.1,Bacteroidetes,Bacteroidia,Bacteroidales,Bacteroidaceae,Bacteroides,Bacteroides fragilis
gtaatcttga_ttactaggag,gi|1372070465|ref|NZ_CP023478.1|,241,931,3718684,3717993,0,1271,99.855,64,64,NZ_CP023478.1,Proteobacteria,Gammaproteobacteria,Enterobacterales,Enterobacteriaceae,Klebsiella,Klebsiella quasipneumoniae
gtacacttag_aaggactcta,gi|1392614517|ref|NZ_LT556085.1|,1,1814,422296,424110,0,3301,99.504,99,99,NZ_LT556085.1,Proteobacteria,Gammaproteobacteria,Enterobacterales,Enterobacteriaceae,Citrobacter,Citrobacter amalonaticus
gtacagacgc_ggcgcctaaa,gi|1407973107|ref|NZ_NPEX01000072.1|,18,1327,7420,6104,1.27E-116,431,73.333,81,81,NZ_NPEX01000072.1,Proteobacteria,Alphaproteobacteria,Rhizobiales,Hyphomicrobiaceae,Rhodoplanes,Rhodoplanes roseus
gtacgaatca_aaaatcatac,gi|752689269|ref|NZ_HF545616.1|,2,1906,2203887,2205795,0,3173,96.702,99,99,NZ_HF545616.1,Firmicutes,Clostridia,Eubacteriales,Oscillospiraceae,Ruminococcus,Ruminococcus bicirculans
gtactagacg_ctgccaagcg,gi|320159410|ref|NC_014960.1|,242,580,3180555,3180894,1.59E-25,128,73.837,24,24,NC_014960.1,Chloroflexi,Anaerolineae,Anaerolineales,Anaerolineaceae,Anaerolinea,Anaerolinea thermophila
gtagttagta_ccacgcccct,gi|378976159|ref|NC_016845.1|,2,1334,1438910,1440244,0,2392,99.026,98,98,NC_016845.1,Proteobacteria,Gammaproteobacteria,Enterobacterales,Enterobacteriaceae,Klebsiella,Klebsiella pneumoniae
gtataagtca_aaaagaaacg,gi|378976159|ref|NC_016845.1|,2,1132,2572877,2571747,0,2067,99.646,98,98,NC_016845.1,Proteobacteria,Gammaproteobacteria,Enterobacterales,Enterobacteriaceae,Klebsiella,Klebsiella pneumoniae
gtatttggtc_agttggtgtc,gi|1222569331|ref|NZ_FODE01000103.1|,1602,3030,1644,210,0,2540,98.677,46,46,NZ_FODE01000103.1,Proteobacteria,Alphaproteobacteria,Rhodobacterales,Rhodobacteraceae,Paracoccus,Paracoccus alcaliphilus
gtcaaaagcg_ccagtctagg,gi|1918262153|ref|NZ_CP040449.1|,2,983,3266979,3265998,0,1797,99.695,80,80,NZ_CP040449.1,Proteobacteria,Gammaproteobacteria,Aeromonadales,Aeromonadaceae,Aeromonas,Aeromonas simiae
gtcactctca_acgtataagc,gi|1816023474|ref|NZ_CP044484.1|,4,958,23997,24951,0,1764,100,97,97,NZ_CP044484.1,Proteobacteria,Gammaproteobacteria,Pseudomonadales,Moraxellaceae,Acinetobacter,Acinetobacter schindleri
gtcacttgtt_agatagtgca,gi|1392614517|ref|NZ_LT556085.1|,2,1399,427941,429340,0,2540,99.429,98,98,NZ_LT556085.1,Proteobacteria,Gammaproteobacteria,Enterobacterales,Enterobacteriaceae,Citrobacter,Citrobacter amalonaticus
gtcagggtca_agaatctatg,gi|1553131883|ref|NZ_BIMA01000034.1|,1939,1966,3068,3095,0.017,52.8,100,1,1,NZ_BIMA01000034.1,Firmicutes,Bacilli,Bacillales,Paenibacillaceae,Paenibacillus,Paenibacillus koleovorans
gtcattagcg_tgtcgacaga,gi|950211490|ref|NZ_CYYO01000006.1|,2,1477,216622,215147,0,2726,100,98,98,NZ_CYYO01000006.1,Bacteroidetes,Bacteroidia,Bacteroidales,Bacteroidaceae,Bacteroides,Bacteroides uniformis
gtccacaaag_ctcgtggtac,gi|1893751414|ref|NZ_JABBJF010000052.1|,1867,3184,9137,7817,0,2381,99.244,33,33,NZ_JABBJF010000052.1,Proteobacteria,Gammaproteobacteria,Enterobacterales,Enterobacteriaceae,Kluyvera,Kluyvera sichuanensis
gtccaggtct_ggtacggtag,gi|1816023474|ref|NZ_CP044484.1|,1,1762,23998,25761,0,3245,99.887,82,82,NZ_CP044484.1,Proteobacteria,Gammaproteobacteria,Pseudomonadales,Moraxellaceae,Acinetobacter,Acinetobacter schindleri
gtccattaaa_agtgtgatag,gi|378976159|ref|NC_016845.1|,2,1132,2572877,2571747,0,2067,99.646,98,98,NC_016845.1,Proteobacteria,Gammaproteobacteria,Enterobacterales,Enterobacteriaceae,Klebsiella,Klebsiella pneumoniae
gtcccgggga_ggaatcaatg,gi|378976159|ref|NC_016845.1|,2,1332,1438910,1440244,0,2379,98.876,98,98,NC_016845.1,Proteobacteria,Gammaproteobacteria,Enterobacterales,Enterobacteriaceae,Klebsiella,Klebsiella pneumoniae
gtccgctcca_gattgatatg,gi|1731111640|ref|NZ_CABKPU010000005.1|,2,1633,46866,48497,0,2959,99.387,99,99,NZ_CABKPU010000005.1,Bacteroidetes,Bacteroidia,Bacteroidales,NA,Phocaeicola,Phocaeicola plebeius
gtcctattaa_aaaacacaag,gi|432329452|ref|NC_019943.1|,660,1583,2586100,2587025,8.99E-173,617,78.908,57,57,NC_019943.1,Euryarchaeota,Methanomicrobia,Methanomicrobiales,Methanoregulaceae,Methanoregula,Methanoregula formicica
gtcgacaatc_ttcataagaa,gi|1392614517|ref|NZ_LT556085.1|,2,1400,427941,429340,0,2551,99.571,98,98,NZ_LT556085.1,Proteobacteria,Gammaproteobacteria,Enterobacterales,Enterobacteriaceae,Citrobacter,Citrobacter amalonaticus
gtcgccactt_agagcgaaca,gi|1372070465|ref|NZ_CP023478.1|,2,1431,4900288,4898858,0,2586,99.301,99,51,NZ_CP023478.1,Proteobacteria,Gammaproteobacteria,Enterobacterales,Enterobacteriaceae,Klebsiella,Klebsiella quasipneumoniae
gtcgctctcc_ctgggattag,gi|950211490|ref|NZ_CYYO01000006.1|,2,1527,215277,216803,0,2813,99.935,98,98,NZ_CYYO01000006.1,Bacteroidetes,Bacteroidia,Bacteroidales,Bacteroidaceae,Bacteroides,Bacteroides uniformis
gtcgtacggc_aacgctggat,gi|378976159|ref|NC_016845.1|,2,1336,1440244,1438910,0,2399,99.101,98,98,NC_016845.1,Proteobacteria,Gammaproteobacteria,Enterobacterales,Enterobacteriaceae,Klebsiella,Klebsiella pneumoniae
gtcgtgttac_cgagacaatc,gi|1392614517|ref|NZ_LT556085.1|,1,1813,422296,424110,0,3295,99.449,99,99,NZ_LT556085.1,Proteobacteria,Gammaproteobacteria,Enterobacterales,Enterobacteriaceae,Citrobacter,Citrobacter amalonaticus
gtcgttttgt_atcgctacgc,gi|950211490|ref|NZ_CYYO01000006.1|,2,1476,216622,215147,0,2697,99.661,97,97,NZ_CYYO01000006.1,Bacteroidetes,Bacteroidia,Bacteroidales,Bacteroidaceae,Bacteroides,Bacteroides uniformis
gtctaagaag_attccacagg,gi|1906791355|ref|NZ_BMZD01000002.1|,2,1565,253005,254578,0,721,75.483,96,96,NZ_BMZD01000002.1,Proteobacteria,Alphaproteobacteria,Sphingomonadales,Sphingomonadaceae,Novosphingobium,Novosphingobium arvoryzae
gtctatgtcc_atactttccg,gi|1463996528|ref|NZ_LSRW01000001.1|,692,869,88410,88232,2.58E-24,124,79.33,10,10,NZ_LSRW01000001.1,Proteobacteria,Gammaproteobacteria,Nevskiales,Steroidobacteraceae,Steroidobacter,Steroidobacter cummioxidans
gtctcctacg_tgcaataggg,gi|484070521|ref|NZ_ANID01000004.1|,3,1105,377833,378938,0,1873,97.288,97,97,NZ_ANID01000004.1,Proteobacteria,Gammaproteobacteria,Enterobacterales,Enterobacteriaceae,Enterobacter,Enterobacter hormaechei
gtcttcgttt_agatggtaaa,gi|484070516|ref|NZ_ANID01000003.1|,1,1749,280912,279155,0,2684,94.315,99,99,NZ_ANID01000003.1,Proteobacteria,Gammaproteobacteria,Enterobacterales,Enterobacteriaceae,Enterobacter,Enterobacter hormaechei
gtgaactctg_agattgcttg,gi|1545162491|ref|NZ_LR134475.1|,2,1785,3832131,3833915,0,3134,98.375,99,99,NZ_LR134475.1,Proteobacteria,Gammaproteobacteria,Enterobacterales,Enterobacteriaceae,Klebsiella,Klebsiella aerogenes
gtgaatggcg_aaactacaca,gi|1852178793|ref|NZ_CP054254.1|,8,564,1199708,1200268,0,867,94.662,94,94,NZ_CP054254.1,Proteobacteria,Gammaproteobacteria,Enterobacterales,Enterobacteriaceae,Klebsiella,Klebsiella variicola
gtgattctcc_gagacgtagc,gi|950211490|ref|NZ_CYYO01000006.1|,2,1658,215147,216803,0,3061,100,98,98,NZ_CYYO01000006.1,Bacteroidetes,Bacteroidia,Bacteroidales,Bacteroidaceae,Bacteroides,Bacteroides uniformis
gtgccagtgc_tgtggtgtca,gi|1372070465|ref|NZ_CP023478.1|,241,932,3718684,3717993,0,1279,100,64,64,NZ_CP023478.1,Proteobacteria,Gammaproteobacteria,Enterobacterales,Enterobacteriaceae,Klebsiella,Klebsiella quasipneumoniae
gtgcccttct_acactctcta,gi|1372070465|ref|NZ_CP023478.1|,9,2583,2400266,2402847,0,4551,98.528,98,98,NZ_CP023478.1,Proteobacteria,Gammaproteobacteria,Enterobacterales,Enterobacteriaceae,Klebsiella,Klebsiella quasipneumoniae
gtgccttcgt_gcacaccgct,gi|1372070465|ref|NZ_CP023478.1|,241,932,3718684,3717993,0,1279,100,64,64,NZ_CP023478.1,Proteobacteria,Gammaproteobacteria,Enterobacterales,Enterobacteriaceae,Klebsiella,Klebsiella quasipneumoniae
gtggatcgcg_agcaaaatca,gi|378976159|ref|NC_016845.1|,2,1132,2572877,2571747,0,2067,99.646,98,98,NC_016845.1,Proteobacteria,Gammaproteobacteria,Enterobacterales,Enterobacteriaceae,Klebsiella,Klebsiella pneumoniae
gtggcggacc_caacaagcta,gi|653253824|ref|NZ_KI912532.1|,68,1686,3471604,3469980,0,2431,93.731,94,94,NZ_KI912532.1,Proteobacteria,Betaproteobacteria,Rhodocyclales,Azonexaceae,Dechloromonas,Dechloromonas agitata
gtggcttcgt_cccgcgagtg,gi|1545162491|ref|NZ_LR134475.1|,2,1785,3832131,3833915,0,3134,98.375,99,99,NZ_LR134475.1,Proteobacteria,Gammaproteobacteria,Enterobacterales,Enterobacteriaceae,Klebsiella,Klebsiella aerogenes
gtgtaactgg_tgagttcaac,gi|759673918|ref|NZ_JPMI01000040.1|,1213,2157,2789,1843,1.39E-82,318,73.013,43,43,NZ_JPMI01000040.1,Proteobacteria,Deltaproteobacteria,Myxococcales,Archangiaceae,Archangium,Archangium violaceum
gtgtcccgcc_gcagggatag,gi|1372070465|ref|NZ_CP023478.1|,2,1166,17180,16015,0,2135,99.743,99,52,NZ_CP023478.1,Proteobacteria,Gammaproteobacteria,Enterobacterales,Enterobacteriaceae,Klebsiella,Klebsiella quasipneumoniae
gtgtggcttc_actaactttt,gi|950211490|ref|NZ_CYYO01000006.1|,1,1493,216639,215147,0,2758,100,98,98,NZ_CYYO01000006.1,Bacteroidetes,Bacteroidia,Bacteroidales,Bacteroidaceae,Bacteroides,Bacteroides uniformis
gtgtgtccgt_ttccccacgt,gi|189345558|ref|NC_010803.1|,712,1312,1378432,1377832,2.80E-94,357,77.668,29,29,NC_010803.1,Chlorobi,Chlorobia,Chlorobiales,Chlorobiaceae,Chlorobium,Chlorobium limicola
gttcaattgc_actttgtttg,gi|1392614517|ref|NZ_LT556085.1|,2,1401,427941,429340,0,2558,99.643,99,99,NZ_LT556085.1,Proteobacteria,Gammaproteobacteria,Enterobacterales,Enterobacteriaceae,Citrobacter,Citrobacter amalonaticus
gttcattcag_ggatcatgtt,gi|1372070465|ref|NZ_CP023478.1|,9,2590,2400266,2402847,0,4591,98.761,99,99,NZ_CP023478.1,Proteobacteria,Gammaproteobacteria,Enterobacterales,Enterobacteriaceae,Klebsiella,Klebsiella quasipneumoniae
gttccgtcgt_gaatccgtaa,gi|378976159|ref|NC_016845.1|,2,1335,1440244,1438910,0,2398,99.101,97,97,NC_016845.1,Proteobacteria,Gammaproteobacteria,Enterobacterales,Enterobacteriaceae,Klebsiella,Klebsiella pneumoniae
gttctttctg_agtaatcgta,gi|950211490|ref|NZ_CYYO01000006.1|,2,1476,215147,216622,0,2708,99.797,98,98,NZ_CYYO01000006.1,Bacteroidetes,Bacteroidia,Bacteroidales,Bacteroidaceae,Bacteroides,Bacteroides uniformis
gttgacgatc_tccaggagat,gi|1918262153|ref|NZ_CP040449.1|,6,985,3266979,3265998,0,1784,99.491,79,79,NZ_CP040449.1,Proteobacteria,Gammaproteobacteria,Aeromonadales,Aeromonadaceae,Aeromonas,Aeromonas simiae
gttgctctcg_tgcgccagtc,gi|484070516|ref|NZ_ANID01000003.1|,2,1460,263598,265058,0,2370,95.962,98,98,NZ_ANID01000003.1,Proteobacteria,Gammaproteobacteria,Enterobacterales,Enterobacteriaceae,Enterobacter,Enterobacter hormaechei
gttggatccc_tcgggtgctg,gi|1545162491|ref|NZ_LR134475.1|,2,1784,3832131,3833915,0,3129,98.319,99,99,NZ_LR134475.1,Proteobacteria,Gammaproteobacteria,Enterobacterales,Enterobacteriaceae,Klebsiella,Klebsiella aerogenes
gttgtgctgt_aaaagtaact,gi|484070525|ref|NZ_ANID01000005.1|,1049,2520,399693,398221,0,2531,97.692,58,58,NZ_ANID01000005.1,Proteobacteria,Gammaproteobacteria,Enterobacterales,Enterobacteriaceae,Enterobacter,Enterobacter hormaechei
gtttacattc_catagaacga,gi|1372070465|ref|NZ_CP023478.1|,241,932,3718684,3717993,0,1279,100,64,64,NZ_CP023478.1,Proteobacteria,Gammaproteobacteria,Enterobacterales,Enterobacteriaceae,Klebsiella,Klebsiella quasipneumoniae
gtttattgac_ttatacaccc,gi|1918262153|ref|NZ_CP040449.1|,7,987,3266979,3265998,0,1751,98.881,91,91,NZ_CP040449.1,Proteobacteria,Gammaproteobacteria,Aeromonadales,Aeromonadaceae,Aeromonas,Aeromonas simiae
gtttcaaacg_ccgagcacta,gi|378976159|ref|NC_016845.1|,2,1131,2572877,2571747,0,2060,99.558,98,98,NC_016845.1,Proteobacteria,Gammaproteobacteria,Enterobacterales,Enterobacteriaceae,Klebsiella,Klebsiella pneumoniae
gtttggatta_ttaatcgacc,gi|378976159|ref|NC_016845.1|,2,1132,2572877,2571747,0,2067,99.646,98,98,NC_016845.1,Proteobacteria,Gammaproteobacteria,Enterobacterales,Enterobacteriaceae,Klebsiella,Klebsiella pneumoniae
gttttatacg_aatgtaaaag,gi|1816023474|ref|NZ_CP044484.1|,1,1763,23999,25761,0,3251,99.943,83,83,NZ_CP044484.1,Proteobacteria,Gammaproteobacteria,Pseudomonadales,Moraxellaceae,Acinetobacter,Acinetobacter schindleri
gttttggtca_tcatcacaag,gi|378976159|ref|NC_016845.1|,2,1336,1438910,1440244,0,2405,99.176,98,98,NC_016845.1,Proteobacteria,Gammaproteobacteria,Enterobacterales,Enterobacteriaceae,Klebsiella,Klebsiella pneumoniae
taaaacttct_ttcaaccgat,gi|378976159|ref|NC_016845.1|,2,1131,2572877,2571747,0,2060,99.558,98,98,NC_016845.1,Proteobacteria,Gammaproteobacteria,Enterobacterales,Enterobacteriaceae,Klebsiella,Klebsiella pneumoniae
taaaaggggg_aataagagtt,gi|484070516|ref|NZ_ANID01000003.1|,1,1758,280912,279155,0,2743,94.827,98,98,NZ_ANID01000003.1,Proteobacteria,Gammaproteobacteria,Enterobacterales,Enterobacteriaceae,Enterobacter,Enterobacter hormaechei
taaaggcaga_cctatagcaa,gi|1909121368|ref|NZ_CP061512.1|,535,1658,131224,132344,0,2045,99.555,58,52,NZ_CP061512.1,Proteobacteria,Gammaproteobacteria,Enterobacterales,Erwiniaceae,Mixta,Mixta calida
taacattcgg_aatcgaggag,gi|1816023474|ref|NZ_CP044484.1|,14,966,23998,24951,0,1744,99.686,95,95,NZ_CP044484.1,Proteobacteria,Gammaproteobacteria,Pseudomonadales,Moraxellaceae,Acinetobacter,Acinetobacter schindleri
taacgtatac_aaccaagagc,gi|1372070465|ref|NZ_CP023478.1|,2,2132,2640726,2642862,0,3819,98.971,99,99,NZ_CP023478.1,Proteobacteria,Gammaproteobacteria,Enterobacterales,Enterobacteriaceae,Klebsiella,Klebsiella quasipneumoniae
taagaattgc_atttcgaggg,gi|1372070465|ref|NZ_CP023478.1|,241,932,3718684,3717993,0,1279,100,64,64,NZ_CP023478.1,Proteobacteria,Gammaproteobacteria,Enterobacterales,Enterobacteriaceae,Klebsiella,Klebsiella quasipneumoniae
taatctggcg_aacgggtatg,gi|319899888|ref|NC_014933.1|,5,572,3187513,3186941,1.33E-132,483,82.024,88,88,NC_014933.1,Bacteroidetes,Bacteroidia,Bacteroidales,Bacteroidaceae,Bacteroides,Bacteroides helcogenes
tacaagctct_gaacggctac,gi|1372070465|ref|NZ_CP023478.1|,2,2134,2640726,2642862,0,3821,98.971,99,99,NZ_CP023478.1,Proteobacteria,Gammaproteobacteria,Enterobacterales,Enterobacteriaceae,Klebsiella,Klebsiella quasipneumoniae
tacatccggg_tatgattaac,gi|224826710|ref|NZ_ACIS01000010.1|,1041,1092,82732,82783,2.74E-09,75,92.453,3,3,NZ_ACIS01000010.1,Proteobacteria,Betaproteobacteria,Neisseriales,Chromobacteriaceae,Pseudogulbenkiania,Pseudogulbenkiania ferrooxidans
tacatccgta_agtcatagca,gi|1057564785|ref|NZ_LT556036.1|,13,1725,404467,406182,0,3149,99.825,98,98,NZ_LT556036.1,Bacteroidetes,Bacteroidia,Bacteroidales,Prevotellaceae,Prevotella,Prevotella lascolaii
tacattagta_agtagcctaa,gi|378976159|ref|NC_016845.1|,2,1132,2572877,2571747,0,2067,99.646,98,98,NC_016845.1,Proteobacteria,Gammaproteobacteria,Enterobacterales,Enterobacteriaceae,Klebsiella,Klebsiella pneumoniae
tacccgatac_gtccgagtag,gi|378976159|ref|NC_016845.1|,2,2436,2848845,2846411,0,4447,99.63,99,99,NC_016845.1,Proteobacteria,Gammaproteobacteria,Enterobacterales,Enterobacteriaceae,Klebsiella,Klebsiella pneumoniae
taccggatca_gctgccttag,gi|1109557564|ref|NC_003197.2|,11,891,397932,397053,0,1620,99.886,95,95,NC_003197.2,Proteobacteria,Gammaproteobacteria,Enterobacterales,Enterobacteriaceae,Salmonella,Salmonella enterica
tacgctggtg_tcggatttca,gi|1128958399|ref|NZ_LT670820.1|,2,1249,3027437,3026188,0,2263,99.36,98,98,NZ_LT670820.1,Bacteroidetes,Bacteroidia,Bacteroidales,Bacteroidaceae,Bacteroides,Bacteroides togonis
tacggttgtt_taatggagta,gi|1816023474|ref|NZ_CP044484.1|,10,965,23997,24951,0,1759,99.895,96,96,NZ_CP044484.1,Proteobacteria,Gammaproteobacteria,Pseudomonadales,Moraxellaceae,Acinetobacter,Acinetobacter schindleri
tacgtatagc_accgaagtaa,gi|1698025247|ref|NZ_AP019734.1|,2,1696,2906929,2905232,0,3066,99.293,99,99,NZ_AP019734.1,Bacteroidetes,Bacteroidia,Bacteroidales,Rikenellaceae,Alistipes,Alistipes onderdonkii
tactaactgg_gacaacttga,gi|1372070465|ref|NZ_CP023478.1|,2,2572,2402847,2400266,0,4530,98.412,99,99,NZ_CP023478.1,Proteobacteria,Gammaproteobacteria,Enterobacterales,Enterobacteriaceae,Klebsiella,Klebsiella quasipneumoniae
tactatacaa_aagagatcag,gi|484070516|ref|NZ_ANID01000003.1|,1,1724,280912,279185,0,2673,94.618,99,99,NZ_ANID01000003.1,Proteobacteria,Gammaproteobacteria,Enterobacterales,Enterobacteriaceae,Enterobacter,Enterobacter hormaechei
tactggaaac_gtaagaaaca,gi|1392614517|ref|NZ_LT556085.1|,1,1398,427941,429340,0,2540,99.429,99,99,NZ_LT556085.1,Proteobacteria,Gammaproteobacteria,Enterobacterales,Enterobacteriaceae,Citrobacter,Citrobacter amalonaticus
tactggcact_cgtcgcattc,gi|378976159|ref|NC_016845.1|,2,2435,2846411,2848845,0,4429,99.507,99,99,NC_016845.1,Proteobacteria,Gammaproteobacteria,Enterobacterales,Enterobacteriaceae,Klebsiella,Klebsiella pneumoniae
tacttatgta_ataagttgtc,gi|763388712|ref|NZ_ASRX01000044.1|,1519,1712,1507,1314,1.73E-06,65.8,73.892,10,10,NZ_ASRX01000044.1,Proteobacteria,Deltaproteobacteria,Myxococcales,Polyangiaceae,Chondromyces,Chondromyces apiculatus
tagagttgct_aatgtgctgg,gi|483441157|ref|NZ_DF158896.1|,1934,2163,28161,28390,8.05E-110,409,98.696,11,11,NZ_DF158896.1,Firmicutes,Clostridia,Eubacteriales,Oscillospiraceae,Oscillibacter,Oscillibacter ruminantium
tagatgtggt_cagacactag,gi|378976159|ref|NC_016845.1|,2,1131,2572877,2571747,0,2060,99.558,98,98,NC_016845.1,Proteobacteria,Gammaproteobacteria,Enterobacterales,Enterobacteriaceae,Klebsiella,Klebsiella pneumoniae
tagcgatcta_ttcgatgatg,gi|483870845|ref|NZ_KB890329.1|,2,1702,57862,56161,0,3097,99.53,99,99,NZ_KB890329.1,Bacteroidetes,Bacteroidia,Bacteroidales,NA,Phocaeicola,Phocaeicola massiliensis
tagcgttgac_aagccaaccg,gi|378976159|ref|NC_016845.1|,3,1338,1438910,1440244,0,2394,99.027,51,51,NC_016845.1,Proteobacteria,Gammaproteobacteria,Enterobacterales,Enterobacteriaceae,Klebsiella,Klebsiella pneumoniae
tagctatact_acttaacacg,gi|378976159|ref|NC_016845.1|,2,1131,2572877,2571747,0,2060,99.558,98,98,NC_016845.1,Proteobacteria,Gammaproteobacteria,Enterobacterales,Enterobacteriaceae,Klebsiella,Klebsiella pneumoniae
tagctcgata_aatccgcccc,gi|1475661882|ref|NZ_QWEG01000027.1|,2,1386,8642,10027,0,2459,98.702,50,50,NZ_QWEG01000027.1,Firmicutes,Bacilli,Bacillales,Bacillaceae,Neobacillus,Neobacillus notoginsengisoli
taggaacgac_gtccctcttg,gi|1443164133|ref|NZ_UGHU01000001.1|,2,1690,708899,710589,0,2795,96.511,99,99,NZ_UGHU01000001.1,Proteobacteria,Gammaproteobacteria,Pasteurellales,Pasteurellaceae,Haemophilus,Haemophilus parainfluenzae
taggcgtatt_aaccagtcta,gi|484070516|ref|NZ_ANID01000003.1|,1,1721,280912,279185,0,2652,94.444,99,99,NZ_ANID01000003.1,Proteobacteria,Gammaproteobacteria,Enterobacterales,Enterobacteriaceae,Enterobacter,Enterobacter hormaechei
tagggtattt_ctacctacct,gi|1054973844|ref|NZ_BCYY01000005.1|,122,645,142983,142460,2.11E-106,398,80.455,20,20,NZ_BCYY01000005.1,Proteobacteria,Alphaproteobacteria,Sphingomonadales,Sphingomonadaceae,Sphingomonas,Sphingomonas pituitosa
tagtagagta_gaagtattgg,gi|1833033057|ref|NZ_JAAZQD010000004.1|,1155,1682,431375,430848,7.89E-129,472,82.863,31,31,NZ_JAAZQD010000004.1,Proteobacteria,Gammaproteobacteria,Xanthomonadales,Rhodanobacteraceae,Oleiagrimonas,Oleiagrimonas citrea
tagttccatg_atgcgaaagc,gi|378976159|ref|NC_016845.1|,2,2434,2848845,2846411,0,4434,99.548,99,99,NC_016845.1,Proteobacteria,Gammaproteobacteria,Enterobacterales,Enterobacteriaceae,Klebsiella,Klebsiella pneumoniae
tagttttgtc_ccttaacgcg,gi|746443161|ref|NZ_JSYN01000048.1|,305,360,4177,4232,4.09E-08,71.3,89.286,3,3,NZ_JSYN01000048.1,Bacteroidetes,Sphingobacteriia,Sphingobacteriales,Sphingobacteriaceae,Pedobacter,Pedobacter kyungheensis
tataatcgtc_ccatgtccga,gi|1231405977|ref|NZ_NQBD01000074.1|,1,1421,41439,40016,0,2483,98.174,98,98,NZ_NQBD01000074.1,Proteobacteria,Gammaproteobacteria,Enterobacterales,Enterobacteriaceae,Shigella,Shigella sonnei
tatagcgttg_agagcaatga,gi|1816023474|ref|NZ_CP044484.1|,6,959,23998,24951,0,1762,100,96,96,NZ_CP044484.1,Proteobacteria,Gammaproteobacteria,Pseudomonadales,Moraxellaceae,Acinetobacter,Acinetobacter schindleri
tatcatcttt_agcccgatct,gi|378976159|ref|NC_016845.1|,2,1335,1438910,1440244,0,2398,99.101,98,98,NC_016845.1,Proteobacteria,Gammaproteobacteria,Enterobacterales,Enterobacteriaceae,Klebsiella,Klebsiella pneumoniae
tatcccgtat_caaggactac,gi|1372070465|ref|NZ_CP023478.1|,241,932,3718684,3717993,0,1279,100,64,64,NZ_CP023478.1,Proteobacteria,Gammaproteobacteria,Enterobacterales,Enterobacteriaceae,Klebsiella,Klebsiella quasipneumoniae
tatccgccgt_cacacgtaac,gi|378976159|ref|NC_016845.1|,2,2434,2846411,2848845,0,4434,99.548,99,99,NC_016845.1,Proteobacteria,Gammaproteobacteria,Enterobacterales,Enterobacteriaceae,Klebsiella,Klebsiella pneumoniae
tatctgttgc_actattctgt,gi|1545162491|ref|NZ_LR134475.1|,2,1786,3832131,3833915,0,3142,98.431,99,99,NZ_LR134475.1,Proteobacteria,Gammaproteobacteria,Enterobacterales,Enterobacteriaceae,Klebsiella,Klebsiella aerogenes
tatggctagc_cagtctgggt,gi|484070516|ref|NZ_ANID01000003.1|,1,1756,280912,279155,0,2741,94.824,99,99,NZ_ANID01000003.1,Proteobacteria,Gammaproteobacteria,Enterobacterales,Enterobacteriaceae,Enterobacter,Enterobacter hormaechei
tattcaactg_ctaatctatc,gi|1917076453|ref|NZ_JADBFD010000005.1|,526,1391,76901,76036,0,1600,100,79,49,NZ_JADBFD010000005.1,Proteobacteria,Deltaproteobacteria,Desulfuromonadales,Geobacteraceae,Geobacter,Geobacter anodireducens
tattgcggtt_agaatatata,gi|1896119787|ref|NZ_JACOGI010000001.1|,196,787,524322,523731,1.33E-62,252,74.709,29,29,NZ_JACOGI010000001.1,Firmicutes,Clostridia,Eubacteriales,Oscillospiraceae,Neobittarella,Neobittarella massiliensis
tatttctttc_gtgtcctcag,gi|1372070465|ref|NZ_CP023478.1|,2093,4077,1652156,1650167,0,3548,98.895,48,48,NZ_CP023478.1,Proteobacteria,Gammaproteobacteria,Enterobacterales,Enterobacteriaceae,Klebsiella,Klebsiella quasipneumoniae
tcaaacttct_gtcgtggacc,gi|1372070465|ref|NZ_CP023478.1|,2,2135,2640726,2642862,0,3827,99.017,99,99,NZ_CP023478.1,Proteobacteria,Gammaproteobacteria,Enterobacterales,Enterobacteriaceae,Klebsiella,Klebsiella quasipneumoniae
tcaaccggga_tcactctgtt,gi|1392614517|ref|NZ_LT556085.1|,2,1395,427941,429340,0,2519,99.214,98,98,NZ_LT556085.1,Proteobacteria,Gammaproteobacteria,Enterobacterales,Enterobacteriaceae,Citrobacter,Citrobacter amalonaticus
tcaacggtac_agacccaaat,gi|1614153376|ref|NZ_SRMQ01000012.1|,2,2225,38364,40589,0,4082,99.775,99,99,NZ_SRMQ01000012.1,Firmicutes,Clostridia,Eubacteriales,Oscillospiraceae,Caproiciproducens,Caproiciproducens galactitolivorans
tcaccggctt_cgacgttttg,gi|1372070465|ref|NZ_CP023478.1|,240,929,3718684,3717993,0,1266,99.711,64,64,NZ_CP023478.1,Proteobacteria,Gammaproteobacteria,Enterobacterales,Enterobacteriaceae,Klebsiella,Klebsiella quasipneumoniae
tcactaaaga_atagaataag,gi|1816023474|ref|NZ_CP044484.1|,6,960,23997,24951,0,1764,100,96,96,NZ_CP044484.1,Proteobacteria,Gammaproteobacteria,Pseudomonadales,Moraxellaceae,Acinetobacter,Acinetobacter schindleri
tcagcttgct_aaaactaggg,gi|1816023474|ref|NZ_CP044484.1|,1,1763,23998,25761,0,3251,99.943,83,83,NZ_CP044484.1,Proteobacteria,Gammaproteobacteria,Pseudomonadales,Moraxellaceae,Acinetobacter,Acinetobacter schindleri
tcaggtgtac_agtctcaaga,gi|1918262153|ref|NZ_CP040449.1|,17,998,3266979,3265998,0,1797,99.695,78,78,NZ_CP040449.1,Proteobacteria,Gammaproteobacteria,Aeromonadales,Aeromonadaceae,Aeromonas,Aeromonas simiae
tcaggttgcc_atatgctatg,gi|378976159|ref|NC_016845.1|,2,1132,2572877,2571747,0,2067,99.646,98,98,NC_016845.1,Proteobacteria,Gammaproteobacteria,Enterobacterales,Enterobacteriaceae,Klebsiella,Klebsiella pneumoniae
tcagtcatgg_ccaggcggta,gi|1906740922|ref|NZ_BMZT01000001.1|,663,698,234113,234078,2.38E-05,62.1,97.222,2,2,NZ_BMZT01000001.1,Proteobacteria,Gammaproteobacteria,Xanthomonadales,Xanthomonadaceae,Luteimonas,Luteimonas padinae
tcataacttt_aaacgtaaat,gi|1372070465|ref|NZ_CP023478.1|,2,2136,2640726,2642862,0,3834,99.065,77,65,NZ_CP023478.1,Proteobacteria,Gammaproteobacteria,Enterobacterales,Enterobacteriaceae,Klebsiella,Klebsiella quasipneumoniae
tcatctctga_gagtccacac,gi|1545162491|ref|NZ_LR134475.1|,123,620,4445082,4445578,0,885,98.798,75,75,NZ_LR134475.1,Proteobacteria,Gammaproteobacteria,Enterobacterales,Enterobacteriaceae,Klebsiella,Klebsiella aerogenes
tccaattata_cggtcaaagt,gi|1909121368|ref|NZ_CP061512.1|,535,1657,131224,132344,0,2039,99.466,59,52,NZ_CP061512.1,Proteobacteria,Gammaproteobacteria,Enterobacterales,Erwiniaceae,Mixta,Mixta calida
tccaccctcg_cggatccgcg,gi|378976159|ref|NC_016845.1|,13,2446,2848845,2846411,0,4440,99.589,99,99,NC_016845.1,Proteobacteria,Gammaproteobacteria,Enterobacterales,Enterobacteriaceae,Klebsiella,Klebsiella pneumoniae
tccactgggg_taatgaagtc,gi|484070521|ref|NZ_ANID01000004.1|,3,1103,377833,378938,0,1860,97.107,98,98,NZ_ANID01000004.1,Proteobacteria,Gammaproteobacteria,Enterobacterales,Enterobacteriaceae,Enterobacter,Enterobacter hormaechei
tccacttcgt_tagcaagcaa,gi|1372070465|ref|NZ_CP023478.1|,2,2131,2640726,2642862,0,3801,98.83,99,99,NZ_CP023478.1,Proteobacteria,Gammaproteobacteria,Enterobacterales,Enterobacteriaceae,Klebsiella,Klebsiella quasipneumoniae
tccacttctt_ggagcactcg,gi|1098654541|ref|NZ_MBTW01000018.1|,1052,3097,377760,375711,0,3661,98.927,66,66,NZ_MBTW01000018.1,Proteobacteria,Gammaproteobacteria,Enterobacterales,Enterobacteriaceae,Citrobacter,Citrobacter koseri
tccagcctgt_agtggcgata,gi|1553286377|ref|NZ_SACS01000018.1|,2,346,33886,34230,1.84E-103,388,86.994,9,9,NZ_SACS01000018.1,Proteobacteria,Gammaproteobacteria,Chromatiales,Chromatiaceae,Rheinheimera,Rheinheimera riviphila
tccattctta_cattacaact,gi|378976159|ref|NC_016845.1|,2,1132,2572877,2571747,0,2067,99.646,98,98,NC_016845.1,Proteobacteria,Gammaproteobacteria,Enterobacterales,Enterobacteriaceae,Klebsiella,Klebsiella pneumoniae
tcccaaggtt_aaattaaatt,gi|950211490|ref|NZ_CYYO01000006.1|,2,2795,217001,214198,0,4449,95.369,99,99,NZ_CYYO01000006.1,Bacteroidetes,Bacteroidia,Bacteroidales,Bacteroidaceae,Bacteroides,Bacteroides uniformis
tcccataagg_acgtgcgtac,gi|1545162491|ref|NZ_LR134475.1|,9,1792,3832131,3833915,0,3134,98.375,98,98,NZ_LR134475.1,Proteobacteria,Gammaproteobacteria,Enterobacterales,Enterobacteriaceae,Klebsiella,Klebsiella aerogenes
tccgggcgat_tcatcggcaa,gi|749188513|ref|NZ_CP009122.1|,470,508,3885488,3885526,6.88E-09,73.1,100,3,3,NZ_CP009122.1,Proteobacteria,Alphaproteobacteria,Sphingomonadales,Sphingomonadaceae,Sphingopyxis,Sphingopyxis fribergensis
tccgttccat_aggtgggaga,gi|950211490|ref|NZ_CYYO01000006.1|,2,1856,215147,217001,0,3371,99.461,99,99,NZ_CYYO01000006.1,Bacteroidetes,Bacteroidia,Bacteroidales,Bacteroidaceae,Bacteroides,Bacteroides uniformis
tcctactcag_cagctgtcac,gi|1392614517|ref|NZ_LT556085.1|,5,1403,427941,429340,0,2551,99.571,98,98,NZ_LT556085.1,Proteobacteria,Gammaproteobacteria,Enterobacterales,Enterobacteriaceae,Citrobacter,Citrobacter amalonaticus
tcctcccgaa_tttcacccga,gi|1372070465|ref|NZ_CP023478.1|,2,2136,2640726,2642862,0,3834,99.064,99,99,NZ_CP023478.1,Proteobacteria,Gammaproteobacteria,Enterobacterales,Enterobacteriaceae,Klebsiella,Klebsiella quasipneumoniae
tccttcctgt_gaattaggtg,gi|1372231503|ref|NZ_PYLO01000003.1|,2,1500,354637,353138,0,2619,98.2,98,98,NZ_PYLO01000003.1,Firmicutes,Clostridia,Eubacteriales,Clostridiaceae,Clostridium,Clostridium fessum
tcgacctatc_tttacaccaa,gi|1372070465|ref|NZ_CP023478.1|,2,2134,2640726,2642862,0,3821,98.971,99,99,NZ_CP023478.1,Proteobacteria,Gammaproteobacteria,Enterobacterales,Enterobacteriaceae,Klebsiella,Klebsiella quasipneumoniae
tcgactttac_acgacgcata,gi|1392614517|ref|NZ_LT556085.1|,2,1398,427941,429342,0,2529,99.287,98,98,NZ_LT556085.1,Proteobacteria,Gammaproteobacteria,Enterobacterales,Enterobacteriaceae,Citrobacter,Citrobacter amalonaticus
tcgcaggctg_caacctcatc,gi|484070521|ref|NZ_ANID01000004.1|,3,1107,377833,378938,0,1886,97.468,98,98,NZ_ANID01000004.1,Proteobacteria,Gammaproteobacteria,Enterobacterales,Enterobacteriaceae,Enterobacter,Enterobacter hormaechei
tcgcatctta_cataccacaa,gi|1372070465|ref|NZ_CP023478.1|,241,932,3718684,3717993,0,1279,100,64,64,NZ_CP023478.1,Proteobacteria,Gammaproteobacteria,Enterobacterales,Enterobacteriaceae,Klebsiella,Klebsiella quasipneumoniae
tcgcccatca_aaaacatagc,gi|1545162491|ref|NZ_LR134475.1|,2,1785,3832131,3833915,0,3134,98.375,99,99,NZ_LR134475.1,NA,NA,NA,NA,NA,NA
tcggctgggt_agccttattt,gi|1222569331|ref|NZ_FODE01000103.1|,1602,3031,1644,210,0,2545,98.747,46,46,NZ_FODE01000103.1,Proteobacteria,Alphaproteobacteria,Rhodobacterales,Rhodobacteraceae,Paracoccus,Paracoccus alcaliphilus
tcggtcattt_taagaggcga,gi|378976159|ref|NC_016845.1|,12,2439,2848845,2846411,0,4401,99.343,98,98,NC_016845.1,Proteobacteria,Gammaproteobacteria,Enterobacterales,Enterobacteriaceae,Klebsiella,Klebsiella pneumoniae
tcggtccatt_accaacgaac,gi|1909121368|ref|NZ_CP061512.1|,535,1656,131224,132344,0,2032,99.377,59,52,NZ_CP061512.1,Proteobacteria,Gammaproteobacteria,Enterobacterales,Erwiniaceae,Mixta,Mixta calida
tcggtctgac_tacagttaaa,gi|1592487985|ref|NZ_SLZZ01000029.1|,545,628,3253,3170,1.80E-15,95.3,87.059,5,5,NZ_SLZZ01000029.1,Firmicutes,Clostridia,Eubacteriales,Lachnospiraceae,Muricomes,Muricomes intestini
tcgttactgg_ttaaaggtcc,gi|1372070465|ref|NZ_CP023478.1|,2,2136,2640726,2642862,0,3823,98.971,99,99,NZ_CP023478.1,Proteobacteria,Gammaproteobacteria,Enterobacterales,Enterobacteriaceae,Klebsiella,Klebsiella quasipneumoniae
tcgttatctc_taaagtcgct,gi|1778883499|ref|NZ_QZDQ02000007.1|,6,895,95167,96060,0,1504,97.092,96,96,NZ_QZDQ02000007.1,Proteobacteria,Gammaproteobacteria,Enterobacterales,Enterobacteriaceae,Enterobacter,Enterobacter mori
tcgttggact_ccaacgccac,gi|378976159|ref|NC_016845.1|,2,1336,1438910,1440244,0,2405,99.176,98,98,NC_016845.1,Proteobacteria,Gammaproteobacteria,Enterobacterales,Enterobacteriaceae,Klebsiella,Klebsiella pneumoniae
tcgtttcaac_aataacgcga,gi|1816023474|ref|NZ_CP044484.1|,6,960,23997,24951,0,1764,100,96,96,NZ_CP044484.1,Proteobacteria,Gammaproteobacteria,Pseudomonadales,Moraxellaceae,Acinetobacter,Acinetobacter schindleri
tctaacgatc_tcgcgcgacg,gi|1816023474|ref|NZ_CP044484.1|,4,958,23997,24951,0,1764,100,96,96,NZ_CP044484.1,Proteobacteria,Gammaproteobacteria,Pseudomonadales,Moraxellaceae,Acinetobacter,Acinetobacter schindleri
tctacgtttc_gaaggtggaa,gi|950211490|ref|NZ_CYYO01000006.1|,1,1492,216639,215147,0,2739,99.799,98,98,NZ_CYYO01000006.1,Bacteroidetes,Bacteroidia,Bacteroidales,Bacteroidaceae,Bacteroides,Bacteroides uniformis
tctaggacac_catttaggct,gi|950211490|ref|NZ_CYYO01000006.1|,1,1493,216639,215147,0,2708,99.397,99,99,NZ_CYYO01000006.1,Bacteroidetes,Bacteroidia,Bacteroidales,Bacteroidaceae,Bacteroides,Bacteroides uniformis
tctattcaga_taacgagtgg,gi|378976159|ref|NC_016845.1|,2,1131,2572877,2571747,0,2060,99.558,98,98,NC_016845.1,Proteobacteria,Gammaproteobacteria,Enterobacterales,Enterobacteriaceae,Klebsiella,Klebsiella pneumoniae
tctcaccacg_cattaattat,gi|1124426651|ref|NZ_FNOD01000001.1|,2,1738,3170,4909,0,3077,98.621,99,99,NZ_FNOD01000001.1,Bacteroidetes,Bacteroidia,Bacteroidales,Bacteroidaceae,Bacteroides,Bacteroides stercoris
tctcattgag_cagaacggac,gi|1747324376|ref|NZ_VWAM01000012.1|,2,1436,102788,104222,0,2612,99.512,98,98,NZ_VWAM01000012.1,Bacteroidetes,Bacteroidia,Bacteroidales,Bacteroidaceae,Bacteroides,Bacteroides finegoldii
tctcggtaga_tgactcatgg,gi|1372070465|ref|NZ_CP023478.1|,2,2131,2640726,2642862,0,3773,98.598,99,99,NZ_CP023478.1,Proteobacteria,Gammaproteobacteria,Enterobacterales,Enterobacteriaceae,Klebsiella,Klebsiella quasipneumoniae
tctcgtcttt_gtcattcgcc,gi|378976159|ref|NC_016845.1|,2,1131,2572877,2571747,0,2060,99.558,98,98,NC_016845.1,Proteobacteria,Gammaproteobacteria,Enterobacterales,Enterobacteriaceae,Klebsiella,Klebsiella pneumoniae
tctctttgat_gaaccgataa,gi|378976159|ref|NC_016845.1|,2,1131,2572877,2571747,0,2060,99.558,98,98,NC_016845.1,Proteobacteria,Gammaproteobacteria,Enterobacterales,Enterobacteriaceae,Klebsiella,Klebsiella pneumoniae
tctggctcat_agagacccta,gi|1474018910|ref|NZ_QRXS01000016.1|,192,1311,78363,77242,0,2004,98.93,84,84,NZ_QRXS01000016.1,Bacteroidetes,Bacteroidia,Bacteroidales,Bacteroidaceae,Bacteroides,Bacteroides cellulosilyticus
tctgtgctac_ctcgtatatc,gi|1589932452|ref|NZ_SJSF01000003.1|,2,1477,40773,42249,0,2627,98.781,98,98,NZ_SJSF01000003.1,Proteobacteria,Gammaproteobacteria,Enterobacterales,Enterobacteriaceae,Citrobacter,Citrobacter braakii
tcttaatgat_tcaaaataat,gi|378976159|ref|NC_016845.1|,2,1132,2572877,2571747,0,2067,99.646,98,98,NC_016845.1,Proteobacteria,Gammaproteobacteria,Enterobacterales,Enterobacteriaceae,Klebsiella,Klebsiella pneumoniae
tcttacaaca_cctttctcaa,gi|950211488|ref|NZ_CYYO01000004.1|,2,1206,336206,335002,0,2226,100,98,98,NZ_CYYO01000004.1,Bacteroidetes,Bacteroidia,Bacteroidales,Bacteroidaceae,Bacteroides,Bacteroides uniformis
tcttaggttg_acttgtgcgg,gi|1372070465|ref|NZ_CP023478.1|,2,2136,2640726,2642862,0,3834,99.064,99,99,NZ_CP023478.1,Proteobacteria,Gammaproteobacteria,Enterobacterales,Enterobacteriaceae,Klebsiella,Klebsiella quasipneumoniae
tcttggactg_ataacgctct,gi|1372070465|ref|NZ_CP023478.1|,2,2134,2640726,2642862,0,3821,98.971,99,99,NZ_CP023478.1,Proteobacteria,Gammaproteobacteria,Enterobacterales,Enterobacteriaceae,Klebsiella,Klebsiella quasipneumoniae
tcttttagcc_cgccgtaaat,gi|378976159|ref|NC_016845.1|,2,2429,2848845,2846411,0,4390,99.261,99,99,NC_016845.1,Proteobacteria,Gammaproteobacteria,Enterobacterales,Enterobacteriaceae,Klebsiella,Klebsiella pneumoniae
tgaactgagt_tccaacacag,gi|1372070465|ref|NZ_CP023478.1|,2,2137,2640726,2642862,0,3840,99.111,99,99,NZ_CP023478.1,Proteobacteria,Gammaproteobacteria,Enterobacterales,Enterobacteriaceae,Klebsiella,Klebsiella quasipneumoniae
tgaagattgg_aaagtcgtct,gi|110645304|ref|NC_002516.2|,1,1820,4969048,4970871,0,3343,99.781,99,99,NC_002516.2,Proteobacteria,Gammaproteobacteria,Pseudomonadales,Pseudomonadaceae,Pseudomonas,Pseudomonas aeruginosa
tgaagtcact_ttagggtgat,gi|1372070465|ref|NZ_CP023478.1|,2,2135,2640726,2642862,0,3827,99.017,99,99,NZ_CP023478.1,Proteobacteria,Gammaproteobacteria,Enterobacterales,Enterobacteriaceae,Klebsiella,Klebsiella quasipneumoniae
tgactcagtc_ctagtagaga,gi|1224028997|ref|NZ_FOJJ01000034.1|,199,1536,305410,306752,0,758,77.206,60,60,NZ_FOJJ01000034.1,Proteobacteria,Deltaproteobacteria,Desulfuromonadales,Desulfuromonadaceae,Desulfuromonas,Desulfuromonas acetexigens
tgagctctgt_cgcccgtcct,gi|1816023474|ref|NZ_CP044484.1|,4,958,23997,24951,0,1764,100,96,96,NZ_CP044484.1,Proteobacteria,Gammaproteobacteria,Pseudomonadales,Moraxellaceae,Acinetobacter,Acinetobacter schindleri
tgatctacgg_ccaaggacac,gi|378976159|ref|NC_016845.1|,2,1132,2572877,2571747,0,2067,99.646,98,98,NC_016845.1,Proteobacteria,Gammaproteobacteria,Enterobacterales,Enterobacteriaceae,Klebsiella,Klebsiella pneumoniae
tgattgccgt_cccctgagca,gi|124262546|ref|NC_008826.1|,7,2177,155399,153232,0,1951,82.997,99,99,NC_008826.1,Proteobacteria,Betaproteobacteria,Burkholderiales,NA,Methylibium,Methylibium petroleiphilum
tgcaaatttg_taggttgaat,gi|1372070465|ref|NZ_CP023478.1|,2,2137,2640726,2642862,0,3851,99.204,99,99,NZ_CP023478.1,Proteobacteria,Gammaproteobacteria,Enterobacterales,Enterobacteriaceae,Klebsiella,Klebsiella quasipneumoniae
tgcactgccc_gtgatgaatc,gi|378976159|ref|NC_016845.1|,2,1336,1440244,1438910,0,2405,99.176,98,98,NC_016845.1,Proteobacteria,Gammaproteobacteria,Enterobacterales,Enterobacteriaceae,Klebsiella,Klebsiella pneumoniae
tgccagttcg_ggatatagta,gi|1372070465|ref|NZ_CP023478.1|,2,2135,2640726,2642862,0,3838,99.111,99,99,NZ_CP023478.1,Proteobacteria,Gammaproteobacteria,Enterobacterales,Enterobacteriaceae,Klebsiella,Klebsiella quasipneumoniae
tgccctagag_aataatccag,gi|950211490|ref|NZ_CYYO01000006.1|,1300,3239,215147,217086,0,3583,100,59,59,NZ_CYYO01000006.1,Bacteroidetes,Bacteroidia,Bacteroidales,Bacteroidaceae,Bacteroides,Bacteroides uniformis
tgccctgttt_aattgatacg,gi|1816023474|ref|NZ_CP044484.1|,300,1252,23999,24951,0,1760,100,75,75,NZ_CP044484.1,Proteobacteria,Gammaproteobacteria,Pseudomonadales,Moraxellaceae,Acinetobacter,Acinetobacter schindleri
tgcccttctc_cctccccatg,gi|1441077365|ref|NZ_QQZY01000009.1|,44,726,22566,23249,2.79E-88,337,75.971,43,43,NZ_QQZY01000009.1,Actinobacteria,Rubrobacteria,Gaiellales,Gaiellaceae,Gaiella,Gaiella occulta
tgcgtattcc_tttgcctgcg,gi|1372070465|ref|NZ_CP023478.1|,7,2133,2640726,2642862,0,3783,98.69,99,99,NZ_CP023478.1,Proteobacteria,Gammaproteobacteria,Enterobacterales,Enterobacteriaceae,Klebsiella,Klebsiella quasipneumoniae
tgcgttcacg_cctccgctct,gi|378976159|ref|NC_016845.1|,2,1335,1440244,1438910,0,2398,99.101,98,98,NC_016845.1,Proteobacteria,Gammaproteobacteria,Enterobacterales,Enterobacteriaceae,Klebsiella,Klebsiella pneumoniae
tgctcttaaa_gtaaccatgc,gi|1372070465|ref|NZ_CP023478.1|,2,2135,2640726,2642862,0,3827,99.017,99,99,NZ_CP023478.1,Proteobacteria,Gammaproteobacteria,Enterobacterales,Enterobacteriaceae,Klebsiella,Klebsiella quasipneumoniae
tgcttattcg_ccaactcata,gi|1816023474|ref|NZ_CP044484.1|,9,1770,23998,25761,0,3245,99.887,82,82,NZ_CP044484.1,Proteobacteria,Gammaproteobacteria,Pseudomonadales,Moraxellaceae,Acinetobacter,Acinetobacter schindleri
tggaacatcc_acgacttgga,gi|1231405908|ref|NZ_NQBD01000005.1|,2,1589,186316,184729,0,2540,95.529,99,99,NZ_NQBD01000005.1,Proteobacteria,Gammaproteobacteria,Enterobacterales,Enterobacteriaceae,Shigella,Shigella sonnei
tggctgcttg_ctacgtaact,gi|1918262153|ref|NZ_CP040449.1|,5,986,3266979,3265998,0,1786,99.491,84,84,NZ_CP040449.1,Proteobacteria,Gammaproteobacteria,Aeromonadales,Aeromonadaceae,Aeromonas,Aeromonas simiae
tggctgtgtc_agtatagcgg,gi|1392614517|ref|NZ_LT556085.1|,2,1400,427941,429340,0,2551,99.571,99,99,NZ_LT556085.1,Proteobacteria,Gammaproteobacteria,Enterobacterales,Enterobacteriaceae,Citrobacter,Citrobacter amalonaticus
tgggttcgtg_taatgcagca,gi|1310880972|ref|NZ_NNSR01000039.1|,985,1151,1149,1314,5.63E-41,180,86.391,9,9,NZ_NNSR01000039.1,Firmicutes,Clostridia,Eubacteriales,Oscillospiraceae,Ruminococcus,Ruminococcus bromii
tggtatcctt_acaaaggtgg,gi|1545162491|ref|NZ_LR134475.1|,2,1785,3832131,3833915,0,3134,98.375,99,99,NZ_LR134475.1,Proteobacteria,Gammaproteobacteria,Enterobacterales,Enterobacteriaceae,Klebsiella,Klebsiella aerogenes
tggtcactgg_caatccggag,gi|1918262153|ref|NZ_CP040449.1|,5,987,3266979,3265998,0,1792,99.593,87,87,NZ_CP040449.1,Proteobacteria,Gammaproteobacteria,Aeromonadales,Aeromonadaceae,Aeromonas,Aeromonas simiae
tggtgtgcag_ctcggagatg,gi|1103299759|ref|NZ_MLCF01000027.1|,948,975,6160,6187,0.01,52.8,100,2,2,NZ_MLCF01000027.1,Actinobacteria,Actinomycetia,Streptomycetales,Streptomycetaceae,Streptomyces,Streptomyces gilvigriseus
tggttagttc_aaattccaaa,gi|378976159|ref|NC_016845.1|,2,1132,2572877,2571747,0,2067,99.646,98,98,NC_016845.1,Proteobacteria,Gammaproteobacteria,Enterobacterales,Enterobacteriaceae,Klebsiella,Klebsiella pneumoniae
tggttcacgg_actcgaacct,gi|1222569331|ref|NZ_FODE01000103.1|,1602,3029,1644,210,0,2521,98.468,46,46,NZ_FODE01000103.1,Proteobacteria,Alphaproteobacteria,Rhodobacterales,Rhodobacteraceae,Paracoccus,Paracoccus alcaliphilus
tgtaccaagt_atggaccggg,gi|1722116441|ref|NZ_VIGV01000002.1|,297,386,778313,778224,2.01E-05,62.1,79.121,5,5,NZ_VIGV01000002.1,Actinobacteria,Actinomycetia,Corynebacteriales,Tsukamurellaceae,Tsukamurella,Tsukamurella sputi
tgtagccatg_cataatccga,gi|378976159|ref|NC_016845.1|,2,1335,1438910,1440244,0,2398,99.101,98,98,NC_016845.1,Proteobacteria,Gammaproteobacteria,Enterobacterales,Enterobacteriaceae,Klebsiella,Klebsiella pneumoniae
tgtatgagtt_tcaaaccaga,gi|1816023474|ref|NZ_CP044484.1|,10,967,23997,24951,0,1749,99.687,95,95,NZ_CP044484.1,Proteobacteria,Gammaproteobacteria,Pseudomonadales,Moraxellaceae,Acinetobacter,Acinetobacter schindleri
tgtcctcagg_gagtgaccgg,gi|378976159|ref|NC_016845.1|,2,1334,1440244,1438910,0,2392,99.026,98,98,NC_016845.1,Proteobacteria,Gammaproteobacteria,Enterobacterales,Enterobacteriaceae,Klebsiella,Klebsiella pneumoniae
tgtcctctgc_gactccaacc,gi|1372070465|ref|NZ_CP023478.1|,10,2143,2640726,2642862,0,3827,99.017,99,99,NZ_CP023478.1,Proteobacteria,Gammaproteobacteria,Enterobacterales,Enterobacteriaceae,Klebsiella,Klebsiella quasipneumoniae
tgtctcctcg_taaattactc,gi|110645304|ref|NC_002516.2|,2,3292,4593892,4597192,0,5949,99.243,99,99,NC_002516.2,Proteobacteria,Gammaproteobacteria,Pseudomonadales,Pseudomonadaceae,Pseudomonas,Pseudomonas aeruginosa
tgtctttaag_aactaactgc,gi|1816023474|ref|NZ_CP044484.1|,1,957,23998,24954,0,1768,100,49,49,NZ_CP044484.1,Proteobacteria,Gammaproteobacteria,Pseudomonadales,Moraxellaceae,Acinetobacter,Acinetobacter schindleri
tgtgcctctc_ataatgacag,gi|110645304|ref|NC_002516.2|,948,2360,4982090,4983505,0,2562,99.364,40,40,NC_002516.2,Proteobacteria,Gammaproteobacteria,Pseudomonadales,Pseudomonadaceae,Pseudomonas,Pseudomonas aeruginosa
tgtggaggcc_tcaagaaggt,gi|1392614517|ref|NZ_LT556085.1|,2,1401,427941,429340,0,2553,99.571,98,98,NZ_LT556085.1,Proteobacteria,Gammaproteobacteria,Enterobacterales,Enterobacteriaceae,Citrobacter,Citrobacter amalonaticus
tgtgtcagga_ttaagttcga,gi|378976159|ref|NC_016845.1|,2,1132,2572877,2571747,0,2067,99.646,98,98,NC_016845.1,Proteobacteria,Gammaproteobacteria,Enterobacterales,Enterobacteriaceae,Klebsiella,Klebsiella pneumoniae
tgttctcggc_acacagtcct,gi|1589932328|ref|NZ_SJSF01000001.1|,2,1436,335129,336563,0,2562,98.885,98,98,NZ_SJSF01000001.1,Proteobacteria,Gammaproteobacteria,Enterobacterales,Enterobacteriaceae,Citrobacter,Citrobacter braakii
tgttgatgat_tgctaatgcc,gi|1392614517|ref|NZ_LT556085.1|,2,1400,427941,429340,0,2551,99.571,98,98,NZ_LT556085.1,Proteobacteria,Gammaproteobacteria,Enterobacterales,Enterobacteriaceae,Citrobacter,Citrobacter amalonaticus
tgtttaactg_ctgagaccag,gi|1372070465|ref|NZ_CP023478.1|,2,2134,2640726,2642862,0,3832,99.064,99,99,NZ_CP023478.1,Proteobacteria,Gammaproteobacteria,Enterobacterales,Enterobacteriaceae,Klebsiella,Klebsiella quasipneumoniae
tgtttcactt_ggggagcatt,gi|1893751414|ref|NZ_JABBJF010000052.1|,1868,3189,9137,7814,0,2422,99.698,41,41,NZ_JABBJF010000052.1,Proteobacteria,Gammaproteobacteria,Enterobacterales,Enterobacteriaceae,Kluyvera,Kluyvera sichuanensis
tgtttcatac_ccacctggac,gi|378976159|ref|NC_016845.1|,2,1129,2572877,2571747,0,2047,99.381,98,98,NC_016845.1,Proteobacteria,Gammaproteobacteria,Enterobacterales,Enterobacteriaceae,Klebsiella,Klebsiella pneumoniae
ttaaccatca_atcttaaaga,gi|1372070465|ref|NZ_CP023478.1|,2,2135,2640726,2642862,0,3827,99.017,99,99,NZ_CP023478.1,Proteobacteria,Gammaproteobacteria,Enterobacterales,Enterobacteriaceae,Klebsiella,Klebsiella quasipneumoniae
ttaaggggct_ttgccaccat,gi|1372070465|ref|NZ_CP023478.1|,2,2136,2640726,2642862,0,3834,99.064,99,99,NZ_CP023478.1,Proteobacteria,Gammaproteobacteria,Enterobacterales,Enterobacteriaceae,Klebsiella,Klebsiella quasipneumoniae
ttacaaatag_ccattactga,gi|1816023474|ref|NZ_CP044484.1|,4,958,23997,24951,0,1764,100,96,96,NZ_CP044484.1,Proteobacteria,Gammaproteobacteria,Pseudomonadales,Moraxellaceae,Acinetobacter,Acinetobacter schindleri
ttagtttccc_cgtgcgaatt,gi|950211485|ref|NZ_CYYO01000001.1|,2,2258,351575,349315,0,4072,99.204,99,99,NZ_CYYO01000001.1,Bacteroidetes,Bacteroidia,Bacteroidales,Bacteroidaceae,Bacteroides,Bacteroides uniformis
ttcaacttcg_gctaatcctc,gi|1531897269|ref|NZ_RQXU01000011.1|,928,1134,63798,63590,7.14E-21,113,77.103,9,9,NZ_RQXU01000011.1,Proteobacteria,Betaproteobacteria,Burkholderiales,Comamonadaceae,Variovorax,Variovorax beijingensis
ttcattgcat_ggcgtcaaca,gi|763325676|ref|NZ_JMCB01000002.1|,995,1197,679969,679767,2.32E-23,121,77.561,17,17,NZ_JMCB01000002.1,Proteobacteria,Deltaproteobacteria,Myxococcales,Archangiaceae,Hyalangium,Hyalangium minutum
ttcccccctg_gcagaggaat,gi|1545162491|ref|NZ_LR134475.1|,2,1785,3832131,3833915,0,3134,98.375,99,99,NZ_LR134475.1,Proteobacteria,Gammaproteobacteria,Enterobacterales,Enterobacteriaceae,Klebsiella,Klebsiella aerogenes
ttcgattcct_ctccgatata,gi|1124426705|ref|NZ_FNOD01000010.1|,2,1963,113086,111124,0,3591,99.695,99,99,NZ_FNOD01000010.1,Bacteroidetes,Bacteroidia,Bacteroidales,Bacteroidaceae,Bacteroides,Bacteroides stercoris
ttcggcgtgt_tgggctatcg,gi|1372070465|ref|NZ_CP023478.1|,2,2131,2640726,2642862,0,3795,98.783,99,99,NZ_CP023478.1,Proteobacteria,Gammaproteobacteria,Enterobacterales,Enterobacteriaceae,Klebsiella,Klebsiella quasipneumoniae
ttcggcttgc_agcgactgtg,gi|1372070465|ref|NZ_CP023478.1|,241,932,3718684,3717993,0,1279,100,64,64,NZ_CP023478.1,Proteobacteria,Gammaproteobacteria,Enterobacterales,Enterobacteriaceae,Klebsiella,Klebsiella quasipneumoniae
ttcgtcctgt_aaaattaagt,gi|1122280096|ref|NZ_LT635861.1|,2,1606,564258,565864,0,2894,99.191,98,98,NZ_LT635861.1,Proteobacteria,Betaproteobacteria,Burkholderiales,Sutterellaceae,Duodenibacillus,Duodenibacillus massiliensis
ttcgtttctc_tgtagcgcta,gi|1731111638|ref|NZ_CABKPU010000003.1|,2,1380,127733,129110,0,2257,96.229,98,98,NZ_CABKPU010000003.1,Bacteroidetes,Bacteroidia,Bacteroidales,NA,Phocaeicola,Phocaeicola plebeius
ttctgcgttt_atacttcaga,gi|484070516|ref|NZ_ANID01000003.1|,8,900,27776,26884,0,1434,95.638,96,96,NZ_ANID01000003.1,Proteobacteria,Gammaproteobacteria,Enterobacterales,Enterobacteriaceae,Enterobacter,Enterobacter hormaechei
ttctggtcaa_gcgcccatac,gi|378976159|ref|NC_016845.1|,2,1132,2572877,2571747,0,2067,99.646,98,98,NC_016845.1,Proteobacteria,Gammaproteobacteria,Enterobacterales,Enterobacteriaceae,Klebsiella,Klebsiella pneumoniae
ttctttcagt_agcaatcacc,gi|1589932452|ref|NZ_SJSF01000003.1|,2,1477,40773,42249,0,2627,98.781,97,97,NZ_SJSF01000003.1,Proteobacteria,Gammaproteobacteria,Enterobacterales,Enterobacteriaceae,Citrobacter,Citrobacter braakii
ttctttgcgg_gacggatacg,gi|222523302|ref|NC_012032.1|,19,212,2760512,2760706,2.74E-28,137,79.695,13,13,NC_012032.1,Chloroflexi,Chloroflexia,Chloroflexales,Chloroflexaceae,Chloroflexus,Chloroflexus aurantiacus
ttgaaagcaa_caattccgca,gi|224021127|ref|NZ_DS499577.1|,2,1355,454355,455712,0,2477,99.632,98,98,NZ_DS499577.1,Bacteroidetes,Bacteroidia,Bacteroidales,Rikenellaceae,Alistipes,Alistipes putredinis
ttgacgtgga_ccaacagatg,gi|378976159|ref|NC_016845.1|,2,1132,2572877,2571747,0,2067,99.646,98,98,NC_016845.1,Proteobacteria,Gammaproteobacteria,Enterobacterales,Enterobacteriaceae,Klebsiella,Klebsiella pneumoniae
ttgatcatca_agacactaca,gi|1893751414|ref|NZ_JABBJF010000052.1|,1868,3187,9137,7814,0,2403,99.472,41,41,NZ_JABBJF010000052.1,Proteobacteria,Gammaproteobacteria,Enterobacterales,Enterobacteriaceae,Kluyvera,Kluyvera sichuanensis
ttgcaggatc_aatgaacaga,gi|1477509245|ref|NZ_QWSI01000012.1|,2,1085,5090,6174,0,1930,98.802,53,53,NZ_QWSI01000012.1,Proteobacteria,Gammaproteobacteria,Enterobacterales,Enterobacteriaceae,Shigella,Shigella boydii
ttggccattg_gctaagggaa,gi|378976159|ref|NC_016845.1|,2,1131,2572877,2571747,0,2060,99.558,98,98,NC_016845.1,Proteobacteria,Gammaproteobacteria,Enterobacterales,Enterobacteriaceae,Klebsiella,Klebsiella pneumoniae
ttgggtacgg_agaacacgtt,gi|1119976308|ref|NZ_FRAH01000024.1|,2,2287,33994,36281,0,4207,99.869,99,99,NZ_FRAH01000024.1,Firmicutes,Clostridia,Eubacteriales,Lachnospiraceae,Anaerotignum,Anaerotignum lactatifermentans
ttggttttca_gcggtggcgc,gi|1899193866|ref|NZ_CP060711.1|,2,847,2352505,2351655,4.51E-90,342,74.627,70,70,NZ_CP060711.1,Proteobacteria,Gammaproteobacteria,Xanthomonadales,Xanthomonadaceae,Thermomonas,Thermomonas brevis
ttgtcacatg_taaataaaaa,gi|284988629|ref|NC_013757.1|,210,239,2811769,2811798,0.002,56.5,100,1,1,NC_013757.1,Actinobacteria,Actinomycetia,Geodermatophilales,Geodermatophilaceae,Geodermatophilus,Geodermatophilus obscurus
ttgtttcctg_tacctcacta,gi|1909121368|ref|NZ_CP061512.1|,536,1657,131224,132344,0,2026,99.288,59,52,NZ_CP061512.1,Proteobacteria,Gammaproteobacteria,Enterobacterales,Erwiniaceae,Mixta,Mixta calida
tttacttggt_agattagcct,gi|378976159|ref|NC_016845.1|,248,1378,2572877,2571747,0,2067,99.646,81,81,NC_016845.1,Proteobacteria,Gammaproteobacteria,Enterobacterales,Enterobacteriaceae,Klebsiella,Klebsiella pneumoniae
tttagccgaa_aaccgtcgcc,gi|1816023474|ref|NZ_CP044484.1|,4,958,23997,24951,0,1764,100,96,96,NZ_CP044484.1,Proteobacteria,Gammaproteobacteria,Pseudomonadales,Moraxellaceae,Acinetobacter,Acinetobacter schindleri
tttagcgaca_aaacgggcat,gi|1816023474|ref|NZ_CP044484.1|,3,957,23997,24951,0,1764,100,96,96,NZ_CP044484.1,Proteobacteria,Gammaproteobacteria,Pseudomonadales,Moraxellaceae,Acinetobacter,Acinetobacter schindleri
tttcaggcag_cgtcctggca,gi|1372070465|ref|NZ_CP023478.1|,241,932,3718684,3717993,0,1279,100,64,64,NZ_CP023478.1,Proteobacteria,Gammaproteobacteria,Enterobacterales,Enterobacteriaceae,Klebsiella,Klebsiella quasipneumoniae
tttccagttt_gattaacgga,gi|378976159|ref|NC_016845.1|,2,1131,2572877,2571747,0,2060,99.558,98,98,NC_016845.1,Proteobacteria,Gammaproteobacteria,Enterobacterales,Enterobacteriaceae,Klebsiella,Klebsiella pneumoniae
tttctcctct_cccaatggta,gi|1891010872|ref|NZ_JACHWZ010000010.1|,253,1594,5184,6527,0,852,78.271,45,45,NZ_JACHWZ010000010.1,Proteobacteria,Gammaproteobacteria,Cellvibrionales,Microbulbiferaceae,Microbulbifer,Microbulbifer rhizosphaerae
tttctcggga_acgtggtagg,gi|378976159|ref|NC_016845.1|,2,3497,653908,650412,0,6379,99.6,99,99,NC_016845.1,Proteobacteria,Gammaproteobacteria,Enterobacterales,Enterobacteriaceae,Klebsiella,Klebsiella pneumoniae
tttgagtacc_aaagcattag,gi|378976159|ref|NC_016845.1|,2,1132,2572877,2571747,0,2067,99.646,98,98,NC_016845.1,Proteobacteria,Gammaproteobacteria,Enterobacterales,Enterobacteriaceae,Klebsiella,Klebsiella pneumoniae
tttgatttcg_gaggtacgac,gi|1493462820|ref|NZ_RBXP01000011.1|,5,2069,161166,163235,0,1591,80.83,78,78,NZ_RBXP01000011.1,Proteobacteria,Betaproteobacteria,Rhodocyclales,Azonexaceae,Azonexus,Azonexus fungiphilus
tttggacctc_acaaacgcca,gi|378976159|ref|NC_016845.1|,2,1131,2572877,2571747,0,2060,99.558,98,98,NC_016845.1,Proteobacteria,Gammaproteobacteria,Enterobacterales,Enterobacteriaceae,Klebsiella,Klebsiella pneumoniae
tttggagtgt_cgtctaggtt,gi|928804415|ref|NZ_LN877293.1|,2,1516,2977751,2979265,0,2787,99.868,98,98,NZ_LN877293.1,Bacteroidetes,Bacteroidia,Bacteroidales,Bacteroidaceae,Bacteroides,Bacteroides fragilis
tttgggtgga_agcatcattg,gi|1816023474|ref|NZ_CP044484.1|,12,1038,23926,24951,0,1890,99.903,95,95,NZ_CP044484.1,Proteobacteria,Gammaproteobacteria,Pseudomonadales,Moraxellaceae,Acinetobacter,Acinetobacter schindleri
tttggttctc_acctcaggaa,gi|950211490|ref|NZ_CYYO01000006.1|,2,1347,216622,215277,0,2265,97.028,98,98,NZ_CYYO01000006.1,Bacteroidetes,Bacteroidia,Bacteroidales,Bacteroidaceae,Bacteroides,Bacteroides uniformis
tttgtatgag_gccgacgacg,gi|828160957|ref|NZ_CP011367.1|,29,218,2203519,2203329,1.57E-37,169,82.813,10,8,NZ_CP011367.1,Proteobacteria,Gammaproteobacteria,Chromatiales,Ectothiorhodospiraceae,Thioalkalivibrio,Thioalkalivibrio versutus
tttgtctaga_cgtgtaaaaa,gi|423724126|ref|NZ_JH976527.1|,2,2134,276558,274425,0,3890,99.578,99,99,NZ_JH976527.1,Bacteroidetes,Bacteroidia,Bacteroidales,Tannerellaceae,Parabacteroides,Parabacteroides merdae
tttgtgaatc_tcatgttacc,gi|484070521|ref|NZ_ANID01000004.1|,14,1373,648281,646921,0,2174,95.521,97,97,NZ_ANID01000004.1,Proteobacteria,Gammaproteobacteria,Enterobacterales,Enterobacteriaceae,Enterobacter,Enterobacter hormaechei
tttgttaata_gcacatttat,gi|1372070465|ref|NZ_CP023478.1|,241,932,3718684,3717993,0,1279,100,64,64,NZ_CP023478.1,Proteobacteria,Gammaproteobacteria,Enterobacterales,Enterobacteriaceae,Klebsiella,Klebsiella quasipneumoniae
ttttaaattt_tgaattgaga,gi|1545162491|ref|NZ_LR134475.1|,2,1786,3832131,3833915,0,3142,98.431,99,99,NZ_LR134475.1,Proteobacteria,Gammaproteobacteria,Enterobacterales,Enterobacteriaceae,Klebsiella,Klebsiella aerogenes
ttttacggtg_cgccgtgaag,gi|1372070465|ref|NZ_CP023478.1|,241,931,3718684,3717993,0,1271,99.855,64,64,NZ_CP023478.1,Proteobacteria,Gammaproteobacteria,Enterobacterales,Enterobacteriaceae,Klebsiella,Klebsiella quasipneumoniae
ttttatccat_tgaattacta,gi|484070516|ref|NZ_ANID01000003.1|,9,902,27776,26884,0,1428,95.531,96,96,NZ_ANID01000003.1,Proteobacteria,Gammaproteobacteria,Enterobacterales,Enterobacteriaceae,Enterobacter,Enterobacter hormaechei
ttttgtggta_gaaaaacagc,gi|1119976308|ref|NZ_FRAH01000024.1|,2,2445,33924,36371,0,4479,99.714,99,99,NZ_FRAH01000024.1,Firmicutes,Clostridia,Eubacteriales,Lachnospiraceae,Anaerotignum,Anaerotignum lactatifermentans
tttttcgccg_acttcgaaac,gi|1222569331|ref|NZ_FODE01000103.1|,131,1557,210,1644,0,2527,98.538,45,45,NZ_FODE01000103.1,Proteobacteria,Alphaproteobacteria,Rhodobacterales,Rhodobacteraceae,Paracoccus,Paracoccus alcaliphilus
ttttttagtt_gtcttggctt,gi|344915202|ref|NC_004337.2|,1020,2315,3984817,3983521,0,2244,97.918,55,55,NC_004337.2,Proteobacteria,Gammaproteobacteria,Enterobacterales,Enterobacteriaceae,Shigella,Shigella flexneri
tttttttaaa_aaaccgggct,gi|737371428|ref|NZ_JQKI01000052.1|,1050,1120,14025,14095,3.11E-08,71.3,84.722,4,4,NZ_JQKI01000052.1,Acidobacteria,Acidobacteriia,Acidobacteriales,Acidobacteriaceae,Edaphobacter,Edaphobacter aggregans
